product_id,product_external_id,variation_id,variation_external_id,name,url,weight,depth,width,height,meta_title,meta_description,meta_keywords,description,short_description,ncm,images,price,price_compare,model,gender,age_group,active,brand,category_1,category_2,category_3,gtin,mpn,stock,color,first_attribute_group,first_attribute_value,second_attribute_group,second_attribute_value,sku
9882937,240220471203436,,,Prato de Papel Coração Vermelho,/chapeu-papel-liso-neon,"0,000",0.00,0.00,0.00,Prato de Papel Coração Vermelho | Descartável para Festa,"Prato de Papel Coração Vermelho. Prato descartável de papel, ideal para festas e eventos. Prático, resistente e fácil de combinar com a decoração.",,"<p><strong>✨ Descrição completa — Prato de Papel Coração Vermelho</strong></p><p>O <strong>Prato de Papel Coração Vermelho</strong> é ideal para compor mesas de festa com visual bonito e prático, perfeito para servir doces, salgados e pequenas porções com estilo.</p><p>Com tema <strong>Coração Vermelho</strong>, é uma ótima escolha para aniversários, festas temáticas, encontros em família e comemorações especiais.</p><p>Fabricado em <strong>Papel</strong> resistente, é prático e descartável, ajudando a organizar a mesa e facilitando a limpeza após a festa.</p><p><strong>🎉 Ideal para diversas ocasiões</strong></p><ul><li>Aniversários infantis e adultos</li><li>Festas temáticas (junina, country, floral, coloridas)</li><li>Comemorações e eventos</li></ul><p><strong>⭐ Por que escolher este produto?</strong></p><ul><li>Visual bonito e harmoniza com a decoração</li><li>Prático e descartável</li><li>Material resistente para o uso em festas</li></ul><p><strong>📋 Especificações do produto</strong></p><ul><li><strong>Material:</strong> Papel</li><li><strong>Tamanho:</strong> —</li><li><strong>Conteúdo da embalagem:</strong> —</li><li><strong>Tema/linha:</strong> Coração Vermelho</li></ul><p><strong>ℹ️ Informações importantes</strong></p><ul><li>As cores podem variar levemente conforme a tela do dispositivo.</li><li>Produto descartável indicado para uso em festas e eventos.</li></ul><p><strong>🚚 Frete e prazo</strong></p><p>Calcule o frete e o prazo de entrega informando seu CEP antes de finalizar a compra.</p><p><strong>💡 Dica</strong></p><p>Combine com <strong>copos</strong>, <strong>guardanapos</strong> e <strong>toalhas</strong> da mesma linha (Coração Vermelho) para uma mesa completa e harmoniosa.</p><p><strong>❤️ Garanta o seu</strong></p><p>Garanta agora o <strong>Prato de Papel Coração Vermelho</strong> e deixe sua comemoração ainda mais especial!</p>",Prato de papel descartável para festas: Prato de Papel Coração Vermelho. Ideal para servir com praticidade e deixar a mesa harmoniosa.,95059000,,35.90,,,,,0,,,,,,,1,,,,,,
9882921,240220470942886,,,Prato de Papel Liso - Vermelho,/copo-papel-liso-vermelho,"0,000",0.00,0.00,0.00,Prato de Papel Liso - Vermelho | Descartável para Festa,"Prato de Papel Liso - Vermelho. Prato descartável de papel, ideal para festas e eventos. Prático, resistente e fácil de combinar com a decoração.",,"<p><strong>✨ Descrição completa — Prato de Papel Liso - Vermelho</strong></p><p>O <strong>Prato de Papel Liso - Vermelho</strong> é ideal para compor mesas de festa com visual bonito e prático, perfeito para servir doces, salgados e pequenas porções com estilo.</p><p>Com tema <strong>Liso</strong> na cor <strong>Vermelho</strong>, é uma ótima escolha para aniversários, festas temáticas, encontros em família e comemorações especiais.</p><p>Fabricado em <strong>Papel</strong> resistente, é prático e descartável, ajudando a organizar a mesa e facilitando a limpeza após a festa.</p><p><strong>🎉 Ideal para diversas ocasiões</strong></p><ul><li>Aniversários infantis e adultos</li><li>Festas temáticas (junina, country, floral, coloridas)</li><li>Comemorações e eventos</li></ul><p><strong>⭐ Por que escolher este produto?</strong></p><ul><li>Visual bonito e harmoniza com a decoração</li><li>Prático e descartável</li><li>Material resistente para o uso em festas</li></ul><p><strong>📋 Especificações do produto</strong></p><ul><li><strong>Material:</strong> Papel</li><li><strong>Tamanho:</strong> —</li><li><strong>Conteúdo da embalagem:</strong> —</li><li><strong>Tema/linha:</strong> Liso</li></ul><p><strong>ℹ️ Informações importantes</strong></p><ul><li>As cores podem variar levemente conforme a tela do dispositivo.</li><li>Produto descartável indicado para uso em festas e eventos.</li></ul><p><strong>🚚 Frete e prazo</strong></p><p>Calcule o frete e o prazo de entrega informando seu CEP antes de finalizar a compra.</p><p><strong>💡 Dica</strong></p><p>Combine com <strong>copos</strong>, <strong>guardanapos</strong> e <strong>toalhas</strong> da mesma linha (Liso) para uma mesa completa e harmoniosa.</p><p><strong>❤️ Garanta o seu</strong></p><p>Garanta agora o <strong>Prato de Papel Liso - Vermelho</strong> e deixe sua comemoração ainda mais especial!</p>",Prato de papel descartável para festas: Prato de Papel Liso - Vermelho. Ideal para servir com praticidade e deixar a mesa harmoniosa.,95059000,,14.90,,,,,0,,,,,,,1,,,,,,
9882979,240220471877242,,,Prato de Papel Listras Coloridas,/franja-tassel-5-und-laranja,"0,000",0.00,0.00,0.00,Prato de Papel Listras Coloridas | Descartável para Festa,"Prato de Papel Listras Coloridas. Prato descartável de papel, ideal para festas e eventos. Prático, resistente e fácil de combinar com a decoração.",,"<p><strong>✨ Descrição completa — Prato de Papel Listras Coloridas</strong></p><p>O <strong>Prato de Papel Listras Coloridas</strong> é ideal para compor mesas de festa com visual bonito e prático, perfeito para servir doces, salgados e pequenas porções com estilo.</p><p>Com tema <strong>Listras Coloridas</strong>, é uma ótima escolha para aniversários, festas temáticas, encontros em família e comemorações especiais.</p><p>Fabricado em <strong>Papel</strong> resistente, é prático e descartável, ajudando a organizar a mesa e facilitando a limpeza após a festa.</p><p><strong>🎉 Ideal para diversas ocasiões</strong></p><ul><li>Aniversários infantis e adultos</li><li>Festas temáticas (junina, country, floral, coloridas)</li><li>Comemorações e eventos</li></ul><p><strong>⭐ Por que escolher este produto?</strong></p><ul><li>Visual bonito e harmoniza com a decoração</li><li>Prático e descartável</li><li>Material resistente para o uso em festas</li></ul><p><strong>📋 Especificações do produto</strong></p><ul><li><strong>Material:</strong> Papel</li><li><strong>Tamanho:</strong> —</li><li><strong>Conteúdo da embalagem:</strong> —</li><li><strong>Tema/linha:</strong> Listras Coloridas</li></ul><p><strong>ℹ️ Informações importantes</strong></p><ul><li>As cores podem variar levemente conforme a tela do dispositivo.</li><li>Produto descartável indicado para uso em festas e eventos.</li></ul><p><strong>🚚 Frete e prazo</strong></p><p>Calcule o frete e o prazo de entrega informando seu CEP antes de finalizar a compra.</p><p><strong>💡 Dica</strong></p><p>Combine com <strong>copos</strong>, <strong>guardanapos</strong> e <strong>toalhas</strong> da mesma linha (Listras Coloridas) para uma mesa completa e harmoniosa.</p><p><strong>❤️ Garanta o seu</strong></p><p>Garanta agora o <strong>Prato de Papel Listras Coloridas</strong> e deixe sua comemoração ainda mais especial!</p>",Prato de papel descartável para festas: Prato de Papel Listras Coloridas. Ideal para servir com praticidade e deixar a mesa harmoniosa.,95059000,,16.90,,,,,0,,,,,,,1,,,,,,
9882994,240220472127900,,,Prato de Papel Azul Bebê Com Borda Dourada,/garfo-refeicao-happy-line-rosa,"0,000",0.00,0.00,0.00,Prato de Papel Azul Bebê Com Borda Dourada | Descartável para Festa,"Prato de Papel Azul Bebê Com Borda Dourada. Prato descartável de papel, ideal para festas e eventos. Prático, resistente e fácil de combinar com a decoração.",,"<p><strong>✨ Descrição completa — Prato de Papel Azul Bebê Com Borda Dourada</strong></p><p>O <strong>Prato de Papel Azul Bebê Com Borda Dourada</strong> é ideal para compor mesas de festa com visual bonito e prático, perfeito para servir doces, salgados e pequenas porções com estilo.</p><p>Com tema <strong>Azul Bebê Com Borda Dourada</strong>, é uma ótima escolha para aniversários, festas temáticas, encontros em família e comemorações especiais.</p><p>Fabricado em <strong>Papel</strong> resistente, é prático e descartável, ajudando a organizar a mesa e facilitando a limpeza após a festa.</p><p><strong>🎉 Ideal para diversas ocasiões</strong></p><ul><li>Aniversários infantis e adultos</li><li>Festas temáticas (junina, country, floral, coloridas)</li><li>Comemorações e eventos</li></ul><p><strong>⭐ Por que escolher este produto?</strong></p><ul><li>Visual bonito e harmoniza com a decoração</li><li>Prático e descartável</li><li>Material resistente para o uso em festas</li></ul><p><strong>📋 Especificações do produto</strong></p><ul><li><strong>Material:</strong> Papel</li><li><strong>Tamanho:</strong> —</li><li><strong>Conteúdo da embalagem:</strong> —</li><li><strong>Tema/linha:</strong> Azul Bebê Com Borda Dourada</li></ul><p><strong>ℹ️ Informações importantes</strong></p><ul><li>As cores podem variar levemente conforme a tela do dispositivo.</li><li>Produto descartável indicado para uso em festas e eventos.</li></ul><p><strong>🚚 Frete e prazo</strong></p><p>Calcule o frete e o prazo de entrega informando seu CEP antes de finalizar a compra.</p><p><strong>💡 Dica</strong></p><p>Combine com <strong>copos</strong>, <strong>guardanapos</strong> e <strong>toalhas</strong> da mesma linha (Azul Bebê Com Borda Dourada) para uma mesa completa e harmoniosa.</p><p><strong>❤️ Garanta o seu</strong></p><p>Garanta agora o <strong>Prato de Papel Azul Bebê Com Borda Dourada</strong> e deixe sua comemoração ainda mais especial!</p>",Prato de papel descartável para festas: Prato de Papel Azul Bebê Com Borda Dourada. Ideal para servir com praticidade e deixar a mesa harmoniosa.,95059000,,12.90,,,,,0,,,,,,,-2,,,,,,
9882991,240220472097634,,,Prato de Papel Listrado Azul,/garfo-sobremesa-ps-amarelo-perolado-bello-festas-c50-un,"0,000",0.00,0.00,0.00,Prato de Papel Listrado Azul | Descartável para Festa,"Prato de Papel Listrado Azul. Prato descartável de papel, ideal para festas e eventos. Prático, resistente e fácil de combinar com a decoração.",,"<p><strong>✨ Descrição completa — Prato de Papel Listrado Azul</strong></p><p>O <strong>Prato de Papel Listrado Azul</strong> é ideal para compor mesas de festa com visual bonito e prático, perfeito para servir doces, salgados e pequenas porções com estilo.</p><p>Com tema <strong>Listrado Azul</strong>, é uma ótima escolha para aniversários, festas temáticas, encontros em família e comemorações especiais.</p><p>Fabricado em <strong>Papel</strong> resistente, é prático e descartável, ajudando a organizar a mesa e facilitando a limpeza após a festa.</p><p><strong>🎉 Ideal para diversas ocasiões</strong></p><ul><li>Aniversários infantis e adultos</li><li>Festas temáticas (junina, country, floral, coloridas)</li><li>Comemorações e eventos</li></ul><p><strong>⭐ Por que escolher este produto?</strong></p><ul><li>Visual bonito e harmoniza com a decoração</li><li>Prático e descartável</li><li>Material resistente para o uso em festas</li></ul><p><strong>📋 Especificações do produto</strong></p><ul><li><strong>Material:</strong> Papel</li><li><strong>Tamanho:</strong> —</li><li><strong>Conteúdo da embalagem:</strong> —</li><li><strong>Tema/linha:</strong> Listrado Azul</li></ul><p><strong>ℹ️ Informações importantes</strong></p><ul><li>As cores podem variar levemente conforme a tela do dispositivo.</li><li>Produto descartável indicado para uso em festas e eventos.</li></ul><p><strong>🚚 Frete e prazo</strong></p><p>Calcule o frete e o prazo de entrega informando seu CEP antes de finalizar a compra.</p><p><strong>💡 Dica</strong></p><p>Combine com <strong>copos</strong>, <strong>guardanapos</strong> e <strong>toalhas</strong> da mesma linha (Listrado Azul) para uma mesa completa e harmoniosa.</p><p><strong>❤️ Garanta o seu</strong></p><p>Garanta agora o <strong>Prato de Papel Listrado Azul</strong> e deixe sua comemoração ainda mais especial!</p>",Prato de papel descartável para festas: Prato de Papel Listrado Azul. Ideal para servir com praticidade e deixar a mesa harmoniosa.,95059000,,12.90,,,,,0,,,,,,,-1,,,,,,
9882954,240220471437028,,,Prato de Papel Halloween Morcegos,/guardanapo-24-cm-x-24-cm-laranja,"0,000",0.00,0.00,0.00,Prato de Papel Halloween Morcegos | Descartável para Festa,"Prato de Papel Halloween Morcegos. Prato descartável de papel, ideal para festas e eventos. Prático, resistente e fácil de combinar com a decoração.",,"<p><strong>✨ Descrição completa — Prato de Papel Halloween Morcegos</strong></p><p>O <strong>Prato de Papel Halloween Morcegos</strong> é ideal para compor mesas de festa com visual bonito e prático, perfeito para servir doces, salgados e pequenas porções com estilo.</p><p>Com tema <strong>Halloween Morcegos</strong>, é uma ótima escolha para aniversários, festas temáticas, encontros em família e comemorações especiais.</p><p>Fabricado em <strong>Papel</strong> resistente, é prático e descartável, ajudando a organizar a mesa e facilitando a limpeza após a festa.</p><p><strong>🎉 Ideal para diversas ocasiões</strong></p><ul><li>Aniversários infantis e adultos</li><li>Festas temáticas (junina, country, floral, coloridas)</li><li>Comemorações e eventos</li></ul><p><strong>⭐ Por que escolher este produto?</strong></p><ul><li>Visual bonito e harmoniza com a decoração</li><li>Prático e descartável</li><li>Material resistente para o uso em festas</li></ul><p><strong>📋 Especificações do produto</strong></p><ul><li><strong>Material:</strong> Papel</li><li><strong>Tamanho:</strong> —</li><li><strong>Conteúdo da embalagem:</strong> —</li><li><strong>Tema/linha:</strong> Halloween Morcegos</li></ul><p><strong>ℹ️ Informações importantes</strong></p><ul><li>As cores podem variar levemente conforme a tela do dispositivo.</li><li>Produto descartável indicado para uso em festas e eventos.</li></ul><p><strong>🚚 Frete e prazo</strong></p><p>Calcule o frete e o prazo de entrega informando seu CEP antes de finalizar a compra.</p><p><strong>💡 Dica</strong></p><p>Combine com <strong>copos</strong>, <strong>guardanapos</strong> e <strong>toalhas</strong> da mesma linha (Halloween Morcegos) para uma mesa completa e harmoniosa.</p><p><strong>❤️ Garanta o seu</strong></p><p>Garanta agora o <strong>Prato de Papel Halloween Morcegos</strong> e deixe sua comemoração ainda mais especial!</p>",Prato de papel descartável para festas: Prato de Papel Halloween Morcegos. Ideal para servir com praticidade e deixar a mesa harmoniosa.,95059000,,16.90,,,,,0,,,,,,,-3,,,,,,
9882931,240220471122929,,,Prato de Papel Happy Birthday - Colorido,/guardanapo-33-cm-x-33-cm-verde,"0,000",0.00,0.00,0.00,Prato de Papel Happy Birthday - Colorido | Descartável para Festa,"Prato de Papel Happy Birthday - Colorido. Prato descartável de papel, ideal para festas e eventos. Prático, resistente e fácil de combinar com a decoração.",,"<p><strong>✨ Descrição completa — Prato de Papel Happy Birthday - Colorido</strong></p><p>O <strong>Prato de Papel Happy Birthday - Colorido</strong> é ideal para compor mesas de festa com visual bonito e prático, perfeito para servir doces, salgados e pequenas porções com estilo.</p><p>Com tema <strong>Happy Birthday</strong> na cor <strong>Colorido</strong>, é uma ótima escolha para aniversários, festas temáticas, encontros em família e comemorações especiais.</p><p>Fabricado em <strong>Papel</strong> resistente, é prático e descartável, ajudando a organizar a mesa e facilitando a limpeza após a festa.</p><p><strong>🎉 Ideal para diversas ocasiões</strong></p><ul><li>Aniversários infantis e adultos</li><li>Festas temáticas (junina, country, floral, coloridas)</li><li>Comemorações e eventos</li></ul><p><strong>⭐ Por que escolher este produto?</strong></p><ul><li>Visual bonito e harmoniza com a decoração</li><li>Prático e descartável</li><li>Material resistente para o uso em festas</li></ul><p><strong>📋 Especificações do produto</strong></p><ul><li><strong>Material:</strong> Papel</li><li><strong>Tamanho:</strong> —</li><li><strong>Conteúdo da embalagem:</strong> —</li><li><strong>Tema/linha:</strong> Happy Birthday</li></ul><p><strong>ℹ️ Informações importantes</strong></p><ul><li>As cores podem variar levemente conforme a tela do dispositivo.</li><li>Produto descartável indicado para uso em festas e eventos.</li></ul><p><strong>🚚 Frete e prazo</strong></p><p>Calcule o frete e o prazo de entrega informando seu CEP antes de finalizar a compra.</p><p><strong>💡 Dica</strong></p><p>Combine com <strong>copos</strong>, <strong>guardanapos</strong> e <strong>toalhas</strong> da mesma linha (Happy Birthday) para uma mesa completa e harmoniosa.</p><p><strong>❤️ Garanta o seu</strong></p><p>Garanta agora o <strong>Prato de Papel Happy Birthday - Colorido</strong> e deixe sua comemoração ainda mais especial!</p>",Prato de papel descartável para festas: Prato de Papel Happy Birthday - Colorido. Ideal para servir com praticidade e deixar a mesa harmoniosa.,95059000,,16.90,,,,,0,,,,,,,-6,,,,,,
9883255,PTG1050,,,Prato de Papel Confete - 18cm - 5 Und,/prato-de-papel-18cm-5-und-confete,"0,000",0.00,0.00,0.00,Prato de Papel Confete - 18cm - 5 Und | Descartável para Festa,"Prato de Papel Confete - 18cm - 5 Und. Prato descartável de papel, ideal para festas e eventos. Prático, resistente e fácil de combinar com a decoração.",,"<p><strong>✨ Descrição completa — Prato de Papel Confete - 18cm - 5 Und</strong></p><p>O <strong>Prato de Papel Confete - 18cm - 5 Und</strong> é ideal para compor mesas de festa com visual bonito e prático, perfeito para servir doces, salgados e pequenas porções com estilo.</p><p>Com tema <strong>Confete</strong>, é uma ótima escolha para aniversários, festas temáticas, encontros em família e comemorações especiais.</p><p>Fabricado em <strong>Papel</strong> resistente, é prático e descartável, ajudando a organizar a mesa e facilitando a limpeza após a festa.</p><p><strong>🎉 Ideal para diversas ocasiões</strong></p><ul><li>Aniversários infantis e adultos</li><li>Festas temáticas (junina, country, floral, coloridas)</li><li>Comemorações e eventos</li></ul><p><strong>⭐ Por que escolher este produto?</strong></p><ul><li>Visual bonito e harmoniza com a decoração</li><li>Prático e descartável</li><li>Material resistente para o uso em festas</li></ul><p><strong>📋 Especificações do produto</strong></p><ul><li><strong>Material:</strong> Papel</li><li><strong>Tamanho:</strong> 18cm</li><li><strong>Conteúdo da embalagem:</strong> 5 Und</li><li><strong>Tema/linha:</strong> Confete</li></ul><p><strong>ℹ️ Informações importantes</strong></p><ul><li>As cores podem variar levemente conforme a tela do dispositivo.</li><li>Produto descartável indicado para uso em festas e eventos.</li></ul><p><strong>🚚 Frete e prazo</strong></p><p>Calcule o frete e o prazo de entrega informando seu CEP antes de finalizar a compra.</p><p><strong>💡 Dica</strong></p><p>Combine com <strong>copos</strong>, <strong>guardanapos</strong> e <strong>toalhas</strong> da mesma linha (Confete) para uma mesa completa e harmoniosa.</p><p><strong>❤️ Garanta o seu</strong></p><p>Garanta agora o <strong>Prato de Papel Confete - 18cm - 5 Und</strong> e deixe sua comemoração ainda mais especial!</p>",Prato de papel descartável para festas: Prato de Papel Confete - 18cm - 5 Und. Ideal para servir com praticidade e deixar a mesa harmoniosa.,95059000,,19.90,,,,,0,,,,,,,0,,,,,,
9883256,PTG1051,,,Prato de Papel Floral Vintage - 18cm - 5 Und,/prato-de-papel-18cm-5-und-floral-vintage,"0,000",0.00,0.00,0.00,Prato de Papel Floral Vintage - 18cm - 5 Und | Descartável para Festa,"Prato de Papel Floral Vintage - 18cm - 5 Und. Prato descartável de papel, ideal para festas e eventos. Prático, resistente e fácil de combinar com a decoração.",,"<p><strong>✨ Descrição completa — Prato de Papel Floral Vintage - 18cm - 5 Und</strong></p><p>O <strong>Prato de Papel Floral Vintage - 18cm - 5 Und</strong> é ideal para compor mesas de festa com visual bonito e prático, perfeito para servir doces, salgados e pequenas porções com estilo.</p><p>Com tema <strong>Floral Vintage</strong>, é uma ótima escolha para aniversários, festas temáticas, encontros em família e comemorações especiais.</p><p>Fabricado em <strong>Papel</strong> resistente, é prático e descartável, ajudando a organizar a mesa e facilitando a limpeza após a festa.</p><p><strong>🎉 Ideal para diversas ocasiões</strong></p><ul><li>Aniversários infantis e adultos</li><li>Festas temáticas (junina, country, floral, coloridas)</li><li>Comemorações e eventos</li></ul><p><strong>⭐ Por que escolher este produto?</strong></p><ul><li>Visual bonito e harmoniza com a decoração</li><li>Prático e descartável</li><li>Material resistente para o uso em festas</li></ul><p><strong>📋 Especificações do produto</strong></p><ul><li><strong>Material:</strong> Papel</li><li><strong>Tamanho:</strong> 18cm</li><li><strong>Conteúdo da embalagem:</strong> 5 Und</li><li><strong>Tema/linha:</strong> Floral Vintage</li></ul><p><strong>ℹ️ Informações importantes</strong></p><ul><li>As cores podem variar levemente conforme a tela do dispositivo.</li><li>Produto descartável indicado para uso em festas e eventos.</li></ul><p><strong>🚚 Frete e prazo</strong></p><p>Calcule o frete e o prazo de entrega informando seu CEP antes de finalizar a compra.</p><p><strong>💡 Dica</strong></p><p>Combine com <strong>copos</strong>, <strong>guardanapos</strong> e <strong>toalhas</strong> da mesma linha (Floral Vintage) para uma mesa completa e harmoniosa.</p><p><strong>❤️ Garanta o seu</strong></p><p>Garanta agora o <strong>Prato de Papel Floral Vintage - 18cm - 5 Und</strong> e deixe sua comemoração ainda mais especial!</p>",Prato de papel descartável para festas: Prato de Papel Floral Vintage - 18cm - 5 Und. Ideal para servir com praticidade e deixar a mesa harmoniosa.,95059000,,19.90,,,,,0,,,,,,,0,,,,,,
9883252,PTG1028,,,Prato de Papel Grid Preto E Branco - 18cm - 5 Und,/prato-de-papel-18cm-5-und-grid-preto-e-branco,"0,000",0.00,0.00,0.00,Prato de Papel Grid Preto E Branco - 18cm - 5 Und | Descartável para Festa,"Prato de Papel Grid Preto E Branco - 18cm - 5 Und. Prato descartável de papel, ideal para festas e eventos. Prático, resistente e fácil de combinar com a decoração.",,"<p><strong>✨ Descrição completa — Prato de Papel Grid Preto E Branco - 18cm - 5 Und</strong></p><p>O <strong>Prato de Papel Grid Preto E Branco - 18cm - 5 Und</strong> é ideal para compor mesas de festa com visual bonito e prático, perfeito para servir doces, salgados e pequenas porções com estilo.</p><p>Com tema <strong>Grid Preto E Branco</strong>, é uma ótima escolha para aniversários, festas temáticas, encontros em família e comemorações especiais.</p><p>Fabricado em <strong>Papel</strong> resistente, é prático e descartável, ajudando a organizar a mesa e facilitando a limpeza após a festa.</p><p><strong>🎉 Ideal para diversas ocasiões</strong></p><ul><li>Aniversários infantis e adultos</li><li>Festas temáticas (junina, country, floral, coloridas)</li><li>Comemorações e eventos</li></ul><p><strong>⭐ Por que escolher este produto?</strong></p><ul><li>Visual bonito e harmoniza com a decoração</li><li>Prático e descartável</li><li>Material resistente para o uso em festas</li></ul><p><strong>📋 Especificações do produto</strong></p><ul><li><strong>Material:</strong> Papel</li><li><strong>Tamanho:</strong> 18cm</li><li><strong>Conteúdo da embalagem:</strong> 5 Und</li><li><strong>Tema/linha:</strong> Grid Preto E Branco</li></ul><p><strong>ℹ️ Informações importantes</strong></p><ul><li>As cores podem variar levemente conforme a tela do dispositivo.</li><li>Produto descartável indicado para uso em festas e eventos.</li></ul><p><strong>🚚 Frete e prazo</strong></p><p>Calcule o frete e o prazo de entrega informando seu CEP antes de finalizar a compra.</p><p><strong>💡 Dica</strong></p><p>Combine com <strong>copos</strong>, <strong>guardanapos</strong> e <strong>toalhas</strong> da mesma linha (Grid Preto E Branco) para uma mesa completa e harmoniosa.</p><p><strong>❤️ Garanta o seu</strong></p><p>Garanta agora o <strong>Prato de Papel Grid Preto E Branco - 18cm - 5 Und</strong> e deixe sua comemoração ainda mais especial!</p>",Prato de papel descartável para festas: Prato de Papel Grid Preto E Branco - 18cm - 5 Und. Ideal para servir com praticidade e deixar a mesa harmoniosa.,95059000,,19.90,,,,,0,,,,,,,5,,,,,,
9883258,PTG1059,,,Prato de Papel Xadrez Aveia - 18cm - 5 Und,/prato-de-papel-18cm-5-und-xadrez-aveia,"0,000",0.00,0.00,0.00,Prato de Papel Xadrez Aveia - 18cm - 5 Und | Descartável para Festa,"Prato de Papel Xadrez Aveia - 18cm - 5 Und. Prato descartável de papel, ideal para festas e eventos. Prático, resistente e fácil de combinar com a decoração.",,"<p><strong>✨ Descrição completa — Prato de Papel Xadrez Aveia - 18cm - 5 Und</strong></p><p>O <strong>Prato de Papel Xadrez Aveia - 18cm - 5 Und</strong> é ideal para compor mesas de festa com visual bonito e prático, perfeito para servir doces, salgados e pequenas porções com estilo.</p><p>Com tema <strong>Xadrez Aveia</strong>, é uma ótima escolha para aniversários, festas temáticas, encontros em família e comemorações especiais.</p><p>Fabricado em <strong>Papel</strong> resistente, é prático e descartável, ajudando a organizar a mesa e facilitando a limpeza após a festa.</p><p><strong>🎉 Ideal para diversas ocasiões</strong></p><ul><li>Aniversários infantis e adultos</li><li>Festas temáticas (junina, country, floral, coloridas)</li><li>Comemorações e eventos</li></ul><p><strong>⭐ Por que escolher este produto?</strong></p><ul><li>Visual bonito e harmoniza com a decoração</li><li>Prático e descartável</li><li>Material resistente para o uso em festas</li></ul><p><strong>📋 Especificações do produto</strong></p><ul><li><strong>Material:</strong> Papel</li><li><strong>Tamanho:</strong> 18cm</li><li><strong>Conteúdo da embalagem:</strong> 5 Und</li><li><strong>Tema/linha:</strong> Xadrez Aveia</li></ul><p><strong>ℹ️ Informações importantes</strong></p><ul><li>As cores podem variar levemente conforme a tela do dispositivo.</li><li>Produto descartável indicado para uso em festas e eventos.</li></ul><p><strong>🚚 Frete e prazo</strong></p><p>Calcule o frete e o prazo de entrega informando seu CEP antes de finalizar a compra.</p><p><strong>💡 Dica</strong></p><p>Combine com <strong>copos</strong>, <strong>guardanapos</strong> e <strong>toalhas</strong> da mesma linha (Xadrez Aveia) para uma mesa completa e harmoniosa.</p><p><strong>❤️ Garanta o seu</strong></p><p>Garanta agora o <strong>Prato de Papel Xadrez Aveia - 18cm - 5 Und</strong> e deixe sua comemoração ainda mais especial!</p>",Prato de papel descartável para festas: Prato de Papel Xadrez Aveia - 18cm - 5 Und. Ideal para servir com praticidade e deixar a mesa harmoniosa.,95059000,,19.90,,,,,0,,,,,,,0,,,,,,
9883254,PTG1049,,,Prato de Papel Xadrez Menta - 18cm - 5 Und,/prato-de-papel-18cm-5-und-xadrez-menta,"0,000",0.00,0.00,0.00,Prato de Papel Xadrez Menta - 18cm - 5 Und | Descartável para Festa,"Prato de Papel Xadrez Menta - 18cm - 5 Und. Prato descartável de papel, ideal para festas e eventos. Prático, resistente e fácil de combinar com a decoração.",,"<p><strong>✨ Descrição completa — Prato de Papel Xadrez Menta - 18cm - 5 Und</strong></p><p>O <strong>Prato de Papel Xadrez Menta - 18cm - 5 Und</strong> é ideal para compor mesas de festa com visual bonito e prático, perfeito para servir doces, salgados e pequenas porções com estilo.</p><p>Com tema <strong>Xadrez Menta</strong>, é uma ótima escolha para aniversários, festas temáticas, encontros em família e comemorações especiais.</p><p>Fabricado em <strong>Papel</strong> resistente, é prático e descartável, ajudando a organizar a mesa e facilitando a limpeza após a festa.</p><p><strong>🎉 Ideal para diversas ocasiões</strong></p><ul><li>Aniversários infantis e adultos</li><li>Festas temáticas (junina, country, floral, coloridas)</li><li>Comemorações e eventos</li></ul><p><strong>⭐ Por que escolher este produto?</strong></p><ul><li>Visual bonito e harmoniza com a decoração</li><li>Prático e descartável</li><li>Material resistente para o uso em festas</li></ul><p><strong>📋 Especificações do produto</strong></p><ul><li><strong>Material:</strong> Papel</li><li><strong>Tamanho:</strong> 18cm</li><li><strong>Conteúdo da embalagem:</strong> 5 Und</li><li><strong>Tema/linha:</strong> Xadrez Menta</li></ul><p><strong>ℹ️ Informações importantes</strong></p><ul><li>As cores podem variar levemente conforme a tela do dispositivo.</li><li>Produto descartável indicado para uso em festas e eventos.</li></ul><p><strong>🚚 Frete e prazo</strong></p><p>Calcule o frete e o prazo de entrega informando seu CEP antes de finalizar a compra.</p><p><strong>💡 Dica</strong></p><p>Combine com <strong>copos</strong>, <strong>guardanapos</strong> e <strong>toalhas</strong> da mesma linha (Xadrez Menta) para uma mesa completa e harmoniosa.</p><p><strong>❤️ Garanta o seu</strong></p><p>Garanta agora o <strong>Prato de Papel Xadrez Menta - 18cm - 5 Und</strong> e deixe sua comemoração ainda mais especial!</p>",Prato de papel descartável para festas: Prato de Papel Xadrez Menta - 18cm - 5 Und. Ideal para servir com praticidade e deixar a mesa harmoniosa.,95059000,,19.90,,,,,0,,,,,,,0,,,,,,
9883257,PTG1058,,,Prato de Papel Xadrez Rosa - 18cm - 5 Und,/prato-de-papel-18cm-5-und-xadrez-rosa,"0,000",0.00,0.00,0.00,Prato de Papel Xadrez Rosa - 18cm - 5 Und | Descartável para Festa,"Prato de Papel Xadrez Rosa - 18cm - 5 Und. Prato descartável de papel, ideal para festas e eventos. Prático, resistente e fácil de combinar com a decoração.",,"<p><strong>✨ Descrição completa — Prato de Papel Xadrez Rosa - 18cm - 5 Und</strong></p><p>O <strong>Prato de Papel Xadrez Rosa - 18cm - 5 Und</strong> é ideal para compor mesas de festa com visual bonito e prático, perfeito para servir doces, salgados e pequenas porções com estilo.</p><p>Com tema <strong>Xadrez Rosa</strong>, é uma ótima escolha para aniversários, festas temáticas, encontros em família e comemorações especiais.</p><p>Fabricado em <strong>Papel</strong> resistente, é prático e descartável, ajudando a organizar a mesa e facilitando a limpeza após a festa.</p><p><strong>🎉 Ideal para diversas ocasiões</strong></p><ul><li>Aniversários infantis e adultos</li><li>Festas temáticas (junina, country, floral, coloridas)</li><li>Comemorações e eventos</li></ul><p><strong>⭐ Por que escolher este produto?</strong></p><ul><li>Visual bonito e harmoniza com a decoração</li><li>Prático e descartável</li><li>Material resistente para o uso em festas</li></ul><p><strong>📋 Especificações do produto</strong></p><ul><li><strong>Material:</strong> Papel</li><li><strong>Tamanho:</strong> 18cm</li><li><strong>Conteúdo da embalagem:</strong> 5 Und</li><li><strong>Tema/linha:</strong> Xadrez Rosa</li></ul><p><strong>ℹ️ Informações importantes</strong></p><ul><li>As cores podem variar levemente conforme a tela do dispositivo.</li><li>Produto descartável indicado para uso em festas e eventos.</li></ul><p><strong>🚚 Frete e prazo</strong></p><p>Calcule o frete e o prazo de entrega informando seu CEP antes de finalizar a compra.</p><p><strong>💡 Dica</strong></p><p>Combine com <strong>copos</strong>, <strong>guardanapos</strong> e <strong>toalhas</strong> da mesma linha (Xadrez Rosa) para uma mesa completa e harmoniosa.</p><p><strong>❤️ Garanta o seu</strong></p><p>Garanta agora o <strong>Prato de Papel Xadrez Rosa - 18cm - 5 Und</strong> e deixe sua comemoração ainda mais especial!</p>",Prato de papel descartável para festas: Prato de Papel Xadrez Rosa - 18cm - 5 Und. Ideal para servir com praticidade e deixar a mesa harmoniosa.,95059000,,19.90,,,,,0,,,,,,,5,,,,,,
9883253,PTG1034,,,Prato de Papel Xadrez Vermelho - 18cm - 5 Und,/prato-de-papel-18cm-5-und-xadrez-vermelho,"0,000",0.00,0.00,0.00,Prato de Papel Xadrez Vermelho - 18cm - 5 Und | Descartável para Festa,"Prato de Papel Xadrez Vermelho - 18cm - 5 Und. Prato descartável de papel, ideal para festas e eventos. Prático, resistente e fácil de combinar com a decoração.",,"<p><strong>✨ Descrição completa — Prato de Papel Xadrez Vermelho - 18cm - 5 Und</strong></p><p>O <strong>Prato de Papel Xadrez Vermelho - 18cm - 5 Und</strong> é ideal para compor mesas de festa com visual bonito e prático, perfeito para servir doces, salgados e pequenas porções com estilo.</p><p>Com tema <strong>Xadrez Vermelho</strong>, é uma ótima escolha para aniversários, festas temáticas, encontros em família e comemorações especiais.</p><p>Fabricado em <strong>Papel</strong> resistente, é prático e descartável, ajudando a organizar a mesa e facilitando a limpeza após a festa.</p><p><strong>🎉 Ideal para diversas ocasiões</strong></p><ul><li>Aniversários infantis e adultos</li><li>Festas temáticas (junina, country, floral, coloridas)</li><li>Comemorações e eventos</li></ul><p><strong>⭐ Por que escolher este produto?</strong></p><ul><li>Visual bonito e harmoniza com a decoração</li><li>Prático e descartável</li><li>Material resistente para o uso em festas</li></ul><p><strong>📋 Especificações do produto</strong></p><ul><li><strong>Material:</strong> Papel</li><li><strong>Tamanho:</strong> 18cm</li><li><strong>Conteúdo da embalagem:</strong> 5 Und</li><li><strong>Tema/linha:</strong> Xadrez Vermelho</li></ul><p><strong>ℹ️ Informações importantes</strong></p><ul><li>As cores podem variar levemente conforme a tela do dispositivo.</li><li>Produto descartável indicado para uso em festas e eventos.</li></ul><p><strong>🚚 Frete e prazo</strong></p><p>Calcule o frete e o prazo de entrega informando seu CEP antes de finalizar a compra.</p><p><strong>💡 Dica</strong></p><p>Combine com <strong>copos</strong>, <strong>guardanapos</strong> e <strong>toalhas</strong> da mesma linha (Xadrez Vermelho) para uma mesa completa e harmoniosa.</p><p><strong>❤️ Garanta o seu</strong></p><p>Garanta agora o <strong>Prato de Papel Xadrez Vermelho - 18cm - 5 Und</strong> e deixe sua comemoração ainda mais especial!</p>",Prato de papel descartável para festas: Prato de Papel Xadrez Vermelho - 18cm - 5 Und. Ideal para servir com praticidade e deixar a mesa harmoniosa.,95059000,,19.90,,,,,0,,,,,,,0,,,,,,
9868108,,,,Prato de Papel Poá - Amarelo – - 18cm - 10 Unidades,/prato-de-papel-poa-amarelo-18cm-10-unidades,"0,150",18.00,18.00,2.00,Prato de Papel Poá Amarelo 18cm | Festa e Decoração,"Prato de papel poá amarelo 18cm descartável. Ideal para festas, aniversários e mesas decoradas.",,"<p>O <strong>Prato de Papel Poá Amarelo 18cm</strong> é ideal para compor mesas de festa alegres e cheias de personalidade.</p>
<p>Com estampa clássica de poás (bolinhas) brancas sobre fundo amarelo, é perfeito para aniversários, festas infantis, piqueniques e comemorações temáticas.</p>
<p>Fabricado em papel resistente, é prático, descartável e combina perfeitamente com copos e guardanapos da mesma linha.</p><h3>Características</h3><ul><li>Estampa poá (bolinhas) amarelo</li><li>Diâmetro de 18 cm</li><li>Material resistente e descartável</li><li>Ideal para festas e eventos</li></ul><h3>Especificações</h3><ul><li><strong>Material:</strong> Papel</li><li><strong>Diâmetro:</strong> 18 cm</li><li><strong>Cor predominante:</strong> Amarelo</li><li><strong>Conteúdo da embalagem:</strong> 10 pratos</li></ul>
<p><strong>Dica:</strong> Combine com o <em>Copo de Papel Poá Amarelo</em> e o <em>Guardanapo de Papel Poá Amarelo</em> para uma mesa completa e harmoniosa.</p>","Prato de papel poá amarelo 18cm. Ideal para festas, aniversários e mesas temáticas.",,media://products/28.png,14.90,,,,,1,,Artigos de Festa,Descartáveis,Pratos,,,0,,,,,,
9868125,,,,Prato de Papel Poá - Azul Claro – - 18cm - 10 Unidades,/prato-de-papel-poa-azul-claro-18cm-10-unidades,"0,150",18.00,18.00,2.00,Prato de Papel Poá Azul Claro 18cm | Festa e Decoração,"Prato de papel poá azul claro 18cm descartável. Ideal para festas, aniversários e mesas decoradas.",,"<p>O <strong>Prato de Papel Poá Azul Claro 18cm</strong> é ideal para compor mesas de festa alegres e cheias de personalidade.</p>
<p>Com estampa clássica de poás (bolinhas) brancas sobre fundo azul claro, é perfeito para aniversários, festas infantis, piqueniques e comemorações temáticas.</p>
<p>Fabricado em papel resistente, é prático, descartável e combina perfeitamente com copos e guardanapos da mesma linha.</p><h3>Características</h3><ul><li>Estampa poá (bolinhas) azul claro</li><li>Diâmetro de 18 cm</li><li>Material resistente e descartável</li><li>Ideal para festas e eventos</li></ul><h3>Especificações</h3><ul><li><strong>Material:</strong> Papel</li><li><strong>Diâmetro:</strong> 18 cm</li><li><strong>Cor predominante:</strong> Azul Claro</li><li><strong>Conteúdo da embalagem:</strong> 10 pratos</li></ul>
<p><strong>Dica:</strong> Combine com o <em>Copo de Papel Poá Azul Claro</em> e o <em>Guardanapo de Papel Poá Azul Claro</em> para uma mesa completa e harmoniosa.</p>","Prato de papel poá azul claro 18cm. Ideal para festas, aniversários e mesas temáticas.",,media://products/pratocopopapel.png,14.90,,,,,1,,Artigos de Festa,Descartáveis,Pratos,,,0,,,,,,
9868224,,,,Prato de Papel Poá - Azul Marinho – - 18cm - 10 Unidades,/prato-de-papel-poa-azul-marinho-18cm-10-unidades,"0,150",18.00,18.00,2.00,Prato de Papel Poá Rosa Claro 18cm | Festa e Decoração,"Prato de papel poá azul marinho 18cm descartável. Ideal para festas, aniversários e mesas decoradas.",,"<p>O <strong>Prato de Papel Poá Azul Marinho 18cm</strong> é ideal para compor mesas de festa alegres e cheias de personalidade.</p>
<p>Com estampa clássica de poás (bolinhas) brancas sobre fundo azul marinho, é perfeito para aniversários, festas infantis, piqueniques e comemorações temáticas.</p>
<p>Fabricado em papel resistente, é prático, descartável e combina perfeitamente com copos e guardanapos da mesma linha.</p><h3>Características</h3><ul><li>Estampa poá (bolinhas) azul marinho</li><li>Diâmetro de 18 cm</li><li>Material resistente e descartável</li><li>Ideal para festas e eventos</li></ul><h3>Especificações</h3><ul><li><strong>Material:</strong> Papel</li><li><strong>Diâmetro:</strong> 18 cm</li><li><strong>Cor predominante:</strong> Azul Marinho</li><li><strong>Conteúdo da embalagem:</strong> 10 pratos</li></ul>
<p><strong>Dica:</strong> Combine com o <em>Copo de Papel Poá Azul Marinho</em> e o <em>Guardanapo de Papel Poá Azul Marinho</em> para uma mesa completa e harmoniosa.</p>","Prato de papel poá azul marinho 18cm. Ideal para festas, aniversários e mesas temáticas.",,media://products/32.png,14.90,,,,,1,,Artigos de Festa,Descartáveis,Pratos,,,0,,,,,,
9868192,,,,Prato de Papel Poá - Rosa – - 18cm - 10 Unidades,/prato-de-papel-poa-rosa-18cm-10-unidades,"0,150",18.00,18.00,2.00,Prato de Papel Poá Rosa Claro 18cm | Festa e Decoração,"Prato de papel poá rosa claro 18cm descartável. Ideal para festas, aniversários e mesas decoradas.",,"<p>O <strong>Prato de Papel Poá Rosa 18cm</strong> é ideal para compor mesas de festa alegres e cheias de personalidade.</p>
<p>Com estampa clássica de poás (bolinhas) brancas sobre fundo rosa, é perfeito para aniversários, festas infantis, piqueniques e comemorações temáticas.</p>
<p>Fabricado em papel resistente, é prático, descartável e combina perfeitamente com copos e guardanapos da mesma linha.</p><h3>Características</h3><ul><li>Estampa poá (bolinhas) rosa</li><li>Diâmetro de 18 cm</li><li>Material resistente e descartável</li><li>Ideal para festas e eventos</li></ul><h3>Especificações</h3><ul><li><strong>Material:</strong> Papel</li><li><strong>Diâmetro:</strong> 18 cm</li><li><strong>Cor predominante:</strong> Rosa</li><li><strong>Conteúdo da embalagem:</strong> 10 pratos</li></ul>
<p><strong>Dica:</strong> Combine com o <em>Copo de Papel Poá Rosa</em> e o <em>Guardanapo de Papel Poá Rosa</em> para uma mesa completa e harmoniosa.</p>","Prato de papel poá rosa claro 18cm. Ideal para festas, aniversários e mesas temáticas.",,media://products/31.png,14.90,,,,,1,,Artigos de Festa,Descartáveis,Pratos,,,0,,,,,,
9864673,,,,Prato de Papel Poá - Vermelho – - 18cm - 10 Unidades,/prato-de-papel-poa-vermelho-18cm,"0,150",18.00,18.00,2.00,Prato de Papel Poá Vermelho 18cm | Festa e Decoração,"Prato de papel poá vermelho 18cm descartável. Ideal para festas, aniversários e mesas decoradas.",,"<p>O <strong>Prato de Papel Poá Vermelho 18cm</strong> é ideal para compor mesas de festa alegres e cheias de personalidade.</p>
<p>Com estampa clássica de poás (bolinhas) brancas sobre fundo vermelho, é perfeito para aniversários, festas infantis, piqueniques e comemorações temáticas.</p>
<p>Fabricado em papel resistente, é prático, descartável e combina perfeitamente com copos e guardanapos da mesma linha.</p><h3>Características</h3><ul><li>Estampa poá (bolinhas) vermelha</li><li>Diâmetro de 18 cm</li><li>Material resistente e descartável</li><li>Ideal para festas e eventos</li></ul><h3>Especificações</h3><ul><li><strong>Material:</strong> Papel</li><li><strong>Diâmetro:</strong> 18 cm</li><li><strong>Cor predominante:</strong> Vermelho</li><li><strong>Conteúdo da embalagem:</strong> 10 pratos</li></ul>
<p><strong>Dica:</strong> Combine com o <em>Copo de Papel Poá Vermelho</em> e o <em>Guardanapo de Papel Poá Vermelho</em> para uma mesa completa e harmoniosa.</p>","Prato de papel poá vermelho 18cm. Ideal para festas, aniversários e mesas temáticas.",,media://products/18-3.png,14.90,,,,,1,,Artigos de Festa,Descartáveis,Pratos,,,0,,,,,,
9868337,,,,Prato de Papel Xadrez Amarelo – - 18cm - 10 Unidades,/prato-de-papel-xadrez-amarelo-18cm-10-unidades,"0,150",18.00,18.00,2.00,Prato de Papel Xadrez Amarelo 18cm | Festa Junina,Prato de papel xadrez amarelo 18cm descartável. Ideal para festas juninas e mesas temáticas.,,"<p>O <strong>Prato de Papel Xadrez Amarelo 18cm</strong> é ideal para compor mesas de festa com visual clássico e temático.</p>
<p>Com estampa xadrez amarelo, é perfeito para festas juninas, festas country, aniversários temáticos, piqueniques e comemorações com estilo rústico e alegre.</p>
<p>Fabricado em papel resistente, é prático, descartável e combina perfeitamente com copos e guardanapos da mesma estampa.</p><h3>Características</h3><ul><li>Estampa xadrez amarelo</li><li>Diâmetro de 18 cm</li><li>Material resistente e descartável</li><li>Ideal para festas temáticas</li></ul><h3>Especificações</h3><ul><li><strong>Material:</strong> Papel</li><li><strong>Diâmetro:</strong> 18 cm</li><li><strong>Cor predominante:</strong> Amarelo</li><li><strong>Conteúdo da embalagem:</strong> 10 pratos</li></ul>
<p><strong>Dica:</strong> Combine com o <em>Copo de Papel Xadrez Amarelo</em> e o <em>Guardanapo de Papel Xadrez Amarelo</em> para uma mesa completa e temática.</p>",Prato de papel xadrez amarelo 18cm. Ideal para festas juninas e eventos temáticos.,,media://products/4-37.png,14.90,,,,,1,,Artigos de Festa,Descartáveis,Pratos,,,0,,,,,,
9868313,,,,Prato de Papel Xadrez Azul – - 18cm - 10 Unidades,/prato-de-papel-xadrez-azul-18cm-10-unidades,"0,150",18.00,18.00,2.00,Prato de Papel Xadrez Azul 18cm | Festa Junina,Prato de papel xadrez azul 18cm descartável. Ideal para festas juninas e mesas temáticas.,,"<p>O <strong>Prato de Papel Xadrez Azul 18cm</strong> é ideal para compor mesas de festa com visual clássico e temático.</p>
<p>Com estampa xadrez azul, é perfeito para festas juninas, festas country, aniversários temáticos, piqueniques e comemorações com estilo rústico e alegre.</p>
<p>Fabricado em papel resistente, é prático, descartável e combina perfeitamente com copos e guardanapos da mesma estampa.</p><h3>Características</h3><ul><li>Estampa xadrez azul</li><li>Diâmetro de 18 cm</li><li>Material resistente e descartável</li><li>Ideal para festas temáticas</li></ul><h3>Especificações</h3><ul><li><strong>Material:</strong> Papel</li><li><strong>Diâmetro:</strong> 18 cm</li><li><strong>Cor predominante:</strong> Azul</li><li><strong>Conteúdo da embalagem:</strong> 10 pratos</li></ul>
<p><strong>Dica:</strong> Combine com o <em>Copo de Papel Xadrez Azul</em> e o <em>Guardanapo de Papel Xadrez Azul</em> para uma mesa completa e temática.</p>",Prato de papel xadrez azul 18cm. Ideal para festas juninas e eventos temáticos.,,media://products/2-38.png,14.90,,,,,1,,Artigos de Festa,Descartáveis,Pratos,,,0,,,,,,
9868325,,,,Prato de Papel Xadrez Verde – - 18cm - 10 Unidades,/prato-de-papel-xadrez-verde-18cm-10-unidades,"0,150",18.00,18.00,2.00,Prato de Papel Xadrez Verde 18cm | Festa Junina,Prato de papel xadrez verde 18cm descartável. Ideal para festas juninas e mesas temáticas.,,"<p>O <strong>Prato de Papel Xadrez Verde 18cm</strong> é ideal para compor mesas de festa com visual clássico e temático.</p>
<p>Com estampa xadrez verde, é perfeito para festas juninas, festas country, aniversários temáticos, piqueniques e comemorações com estilo rústico e alegre.</p>
<p>Fabricado em papel resistente, é prático, descartável e combina perfeitamente com copos e guardanapos da mesma estampa.</p><h3>Características</h3><ul><li>Estampa xadrez verde</li><li>Diâmetro de 18 cm</li><li>Material resistente e descartável</li><li>Ideal para festas temáticas</li></ul><h3>Especificações</h3><ul><li><strong>Material:</strong> Papel</li><li><strong>Diâmetro:</strong> 18 cm</li><li><strong>Cor predominante:</strong> Verde</li><li><strong>Conteúdo da embalagem:</strong> 10 pratos</li></ul>
<p><strong>Dica:</strong> Combine com o <em>Copo de Papel Xadrez Verde</em> e o <em>Guardanapo de Papel Xadrez Verde</em> para uma mesa completa e temática.</p>",Prato de papel xadrez verde 18cm. Ideal para festas juninas e eventos temáticos.,,media://products/1-36.png,14.90,,,,,1,,Artigos de Festa,Descartáveis,Pratos,,,0,,,,,,
9868287,,,,Prato de Papel Xadrez Vermelho – - 18cm - 10 Unidades,/prato-de-papel-xadrez-vermelho-18cm,"0,150",18.00,18.00,2.00,Prato de Papel Xadrez Vermelho 18cm | Festa Junina,Prato de papel xadrez vermelho 18cm descartável. Ideal para festas juninas e mesas temáticas.,,"<p>O <strong>Prato de Papel Xadrez Vermelho 18cm</strong> é ideal para compor mesas de festa com visual clássico e temático.</p>
<p>Com estampa xadrez vermelha, é perfeito para festas juninas, festas country, aniversários temáticos, piqueniques e comemorações com estilo rústico e alegre.</p>
<p>Fabricado em papel resistente, é prático, descartável e combina perfeitamente com copos e guardanapos da mesma estampa.</p><h3>Características</h3><ul><li>Estampa xadrez vermelha</li><li>Diâmetro de 18 cm</li><li>Material resistente e descartável</li><li>Ideal para festas temáticas</li></ul><h3>Especificações</h3><ul><li><strong>Material:</strong> Papel</li><li><strong>Diâmetro:</strong> 18 cm</li><li><strong>Cor predominante:</strong> Vermelho</li><li><strong>Conteúdo da embalagem:</strong> 10 pratos</li></ul>
<p><strong>Dica:</strong> Combine com o <em>Copo de Papel Xadrez Vermelho</em> e o <em>Guardanapo de Papel Xadrez Vermelho</em> para uma mesa completa e temática.</p>",Prato de papel xadrez vermelho 18cm. Ideal para festas juninas e eventos temáticos.,,media://products/3-38.png,14.90,,,,,1,,Artigos de Festa,Descartáveis,Pratos,,,0,,,,,,
9840800,,,,Prato de Papel Biodegradável Poá Rosa- - - Silver Festas - 18cm - 10 Und,/prato-papel-biodegradavel-poa-rosa-10-un-18-cm-silver-festas,"0,200",18.00,14.00,14.00,Prato de Papel Biodegradável Poá Rosa- - - Silver Festas - 18cm - 10 Und | Descartável para Festa,"Prato de Papel Biodegradável Poá Rosa- - - Silver Festas - 18cm - 10 Und. Prato descartável de papel, ideal para festas e eventos. Prático, resistente e fácil de combinar com a decoração.",,"Use o Prato Papel Biodegradável Poa Rosa deixando sua festa mais divertida, ideal para festas temáticas.<p></p>Dica: Sirva seus convidados com pratos diferenciados.<p></p>Material: Papel Biodegradável.<p></p>Medida: 18 cm<p></p>Quantidade: 10 Unidades<p></p>* Imagens ilustrativas, as cores podem alterar conforme o seu monitor<p></p>* Medidas aproximadas",Prato de papel descartável para festas: Prato de Papel Biodegradável Poá Rosa- - - Silver Festas - 18cm - 10 Und. Ideal para servir com praticidade e deixar a mesa harmoniosa.,,media://products/whatsapp-image-2026-01-05-at-131818.jpeg,14.90,,,,,0,,,,,,,10,,,,,,
9883207,MX101R,,,Prato de Papel Bola Futebol,/prato-papel-bola-futebol,"0,000",0.00,0.00,0.00,Prato de Papel Bola Futebol | Descartável para Festa,"Prato de Papel Bola Futebol. Prato descartável de papel, ideal para festas e eventos. Prático, resistente e fácil de combinar com a decoração.",,"<p><strong>✨ Descrição completa — Prato de Papel Bola Futebol</strong></p><p>O <strong>Prato de Papel Bola Futebol</strong> é ideal para compor mesas de festa com visual bonito e prático, perfeito para servir doces, salgados e pequenas porções com estilo.</p><p>Com tema <strong>Bola Futebol</strong>, é uma ótima escolha para aniversários, festas temáticas, encontros em família e comemorações especiais.</p><p>Fabricado em <strong>Papel</strong> resistente, é prático e descartável, ajudando a organizar a mesa e facilitando a limpeza após a festa.</p><p><strong>🎉 Ideal para diversas ocasiões</strong></p><ul><li>Aniversários infantis e adultos</li><li>Festas temáticas (junina, country, floral, coloridas)</li><li>Comemorações e eventos</li></ul><p><strong>⭐ Por que escolher este produto?</strong></p><ul><li>Visual bonito e harmoniza com a decoração</li><li>Prático e descartável</li><li>Material resistente para o uso em festas</li></ul><p><strong>📋 Especificações do produto</strong></p><ul><li><strong>Material:</strong> Papel</li><li><strong>Tamanho:</strong> —</li><li><strong>Conteúdo da embalagem:</strong> —</li><li><strong>Tema/linha:</strong> Bola Futebol</li></ul><p><strong>ℹ️ Informações importantes</strong></p><ul><li>As cores podem variar levemente conforme a tela do dispositivo.</li><li>Produto descartável indicado para uso em festas e eventos.</li></ul><p><strong>🚚 Frete e prazo</strong></p><p>Calcule o frete e o prazo de entrega informando seu CEP antes de finalizar a compra.</p><p><strong>💡 Dica</strong></p><p>Combine com <strong>copos</strong>, <strong>guardanapos</strong> e <strong>toalhas</strong> da mesma linha (Bola Futebol) para uma mesa completa e harmoniosa.</p><p><strong>❤️ Garanta o seu</strong></p><p>Garanta agora o <strong>Prato de Papel Bola Futebol</strong> e deixe sua comemoração ainda mais especial!</p>",Prato de papel descartável para festas: Prato de Papel Bola Futebol. Ideal para servir com praticidade e deixar a mesa harmoniosa.,95059000,,14.90,,,,,0,,,,,,,9,,,,,,
9883222,MZ090P,,,Prato de Papel Candy Color,/prato-papel-candy-color,"0,000",0.00,0.00,0.00,Prato de Papel Candy Color | Descartável para Festa,"Prato de Papel Candy Color. Prato descartável de papel, ideal para festas e eventos. Prático, resistente e fácil de combinar com a decoração.",,"<p><strong>✨ Descrição completa — Prato de Papel Candy Color</strong></p><p>O <strong>Prato de Papel Candy Color</strong> é ideal para compor mesas de festa com visual bonito e prático, perfeito para servir doces, salgados e pequenas porções com estilo.</p><p>Com tema <strong>Candy Color</strong>, é uma ótima escolha para aniversários, festas temáticas, encontros em família e comemorações especiais.</p><p>Fabricado em <strong>Papel</strong> resistente, é prático e descartável, ajudando a organizar a mesa e facilitando a limpeza após a festa.</p><p><strong>🎉 Ideal para diversas ocasiões</strong></p><ul><li>Aniversários infantis e adultos</li><li>Festas temáticas (junina, country, floral, coloridas)</li><li>Comemorações e eventos</li></ul><p><strong>⭐ Por que escolher este produto?</strong></p><ul><li>Visual bonito e harmoniza com a decoração</li><li>Prático e descartável</li><li>Material resistente para o uso em festas</li></ul><p><strong>📋 Especificações do produto</strong></p><ul><li><strong>Material:</strong> Papel</li><li><strong>Tamanho:</strong> —</li><li><strong>Conteúdo da embalagem:</strong> —</li><li><strong>Tema/linha:</strong> Candy Color</li></ul><p><strong>ℹ️ Informações importantes</strong></p><ul><li>As cores podem variar levemente conforme a tela do dispositivo.</li><li>Produto descartável indicado para uso em festas e eventos.</li></ul><p><strong>🚚 Frete e prazo</strong></p><p>Calcule o frete e o prazo de entrega informando seu CEP antes de finalizar a compra.</p><p><strong>💡 Dica</strong></p><p>Combine com <strong>copos</strong>, <strong>guardanapos</strong> e <strong>toalhas</strong> da mesma linha (Candy Color) para uma mesa completa e harmoniosa.</p><p><strong>❤️ Garanta o seu</strong></p><p>Garanta agora o <strong>Prato de Papel Candy Color</strong> e deixe sua comemoração ainda mais especial!</p>",Prato de papel descartável para festas: Prato de Papel Candy Color. Ideal para servir com praticidade e deixar a mesa harmoniosa.,95059000,,12.90,,,,,0,,,,,,,0,,,,,,
9883219,MY079P,,,Prato de Papel Colorido Borda Dourada,/prato-papel-colorido-borda-dourada,"0,000",0.00,0.00,0.00,Prato de Papel Colorido Borda Dourada | Descartável para Festa,"Prato de Papel Colorido Borda Dourada. Prato descartável de papel, ideal para festas e eventos. Prático, resistente e fácil de combinar com a decoração.",,"<p><strong>✨ Descrição completa — Prato de Papel Colorido Borda Dourada</strong></p><p>O <strong>Prato de Papel Colorido Borda Dourada</strong> é ideal para compor mesas de festa com visual bonito e prático, perfeito para servir doces, salgados e pequenas porções com estilo.</p><p>Com tema <strong>Colorido Borda Dourada</strong>, é uma ótima escolha para aniversários, festas temáticas, encontros em família e comemorações especiais.</p><p>Fabricado em <strong>Papel</strong> resistente, é prático e descartável, ajudando a organizar a mesa e facilitando a limpeza após a festa.</p><p><strong>🎉 Ideal para diversas ocasiões</strong></p><ul><li>Aniversários infantis e adultos</li><li>Festas temáticas (junina, country, floral, coloridas)</li><li>Comemorações e eventos</li></ul><p><strong>⭐ Por que escolher este produto?</strong></p><ul><li>Visual bonito e harmoniza com a decoração</li><li>Prático e descartável</li><li>Material resistente para o uso em festas</li></ul><p><strong>📋 Especificações do produto</strong></p><ul><li><strong>Material:</strong> Papel</li><li><strong>Tamanho:</strong> —</li><li><strong>Conteúdo da embalagem:</strong> —</li><li><strong>Tema/linha:</strong> Colorido Borda Dourada</li></ul><p><strong>ℹ️ Informações importantes</strong></p><ul><li>As cores podem variar levemente conforme a tela do dispositivo.</li><li>Produto descartável indicado para uso em festas e eventos.</li></ul><p><strong>🚚 Frete e prazo</strong></p><p>Calcule o frete e o prazo de entrega informando seu CEP antes de finalizar a compra.</p><p><strong>💡 Dica</strong></p><p>Combine com <strong>copos</strong>, <strong>guardanapos</strong> e <strong>toalhas</strong> da mesma linha (Colorido Borda Dourada) para uma mesa completa e harmoniosa.</p><p><strong>❤️ Garanta o seu</strong></p><p>Garanta agora o <strong>Prato de Papel Colorido Borda Dourada</strong> e deixe sua comemoração ainda mais especial!</p>",Prato de papel descartável para festas: Prato de Papel Colorido Borda Dourada. Ideal para servir com praticidade e deixar a mesa harmoniosa.,95059000,,16.90,,,,,0,,,,,,,2,,,,,,
9883451,MZ096P,,,Prato de Papel Coração Rosa,/prato-papel-coracao-rosa,"0,000",0.00,0.00,0.00,Prato de Papel Coração Rosa | Descartável para Festa,"Prato de Papel Coração Rosa. Prato descartável de papel, ideal para festas e eventos. Prático, resistente e fácil de combinar com a decoração.",,"<p><strong>✨ Descrição completa — Prato de Papel Coração Rosa</strong></p><p>O <strong>Prato de Papel Coração Rosa</strong> é ideal para compor mesas de festa com visual bonito e prático, perfeito para servir doces, salgados e pequenas porções com estilo.</p><p>Com tema <strong>Coração Rosa</strong>, é uma ótima escolha para aniversários, festas temáticas, encontros em família e comemorações especiais.</p><p>Fabricado em <strong>Papel</strong> resistente, é prático e descartável, ajudando a organizar a mesa e facilitando a limpeza após a festa.</p><p><strong>🎉 Ideal para diversas ocasiões</strong></p><ul><li>Aniversários infantis e adultos</li><li>Festas temáticas (junina, country, floral, coloridas)</li><li>Comemorações e eventos</li></ul><p><strong>⭐ Por que escolher este produto?</strong></p><ul><li>Visual bonito e harmoniza com a decoração</li><li>Prático e descartável</li><li>Material resistente para o uso em festas</li></ul><p><strong>📋 Especificações do produto</strong></p><ul><li><strong>Material:</strong> Papel</li><li><strong>Tamanho:</strong> —</li><li><strong>Conteúdo da embalagem:</strong> —</li><li><strong>Tema/linha:</strong> Coração Rosa</li></ul><p><strong>ℹ️ Informações importantes</strong></p><ul><li>As cores podem variar levemente conforme a tela do dispositivo.</li><li>Produto descartável indicado para uso em festas e eventos.</li></ul><p><strong>🚚 Frete e prazo</strong></p><p>Calcule o frete e o prazo de entrega informando seu CEP antes de finalizar a compra.</p><p><strong>💡 Dica</strong></p><p>Combine com <strong>copos</strong>, <strong>guardanapos</strong> e <strong>toalhas</strong> da mesma linha (Coração Rosa) para uma mesa completa e harmoniosa.</p><p><strong>❤️ Garanta o seu</strong></p><p>Garanta agora o <strong>Prato de Papel Coração Rosa</strong> e deixe sua comemoração ainda mais especial!</p>",Prato de papel descartável para festas: Prato de Papel Coração Rosa. Ideal para servir com praticidade e deixar a mesa harmoniosa.,95059000,,5.31,,,,,0,,,,,,,7,,,,,,
9883452,MY080P,,,Prato de Papel Coração Vermelho Borda Dourada,/prato-papel-coracao-vermelho-borda-dourada,"0,000",0.00,0.00,0.00,Prato de Papel Coração Vermelho Borda Dourada | Descartável para Festa,"Prato de Papel Coração Vermelho Borda Dourada. Prato descartável de papel, ideal para festas e eventos. Prático, resistente e fácil de combinar com a decoração.",,"<p><strong>✨ Descrição completa — Prato de Papel Coração Vermelho Borda Dourada</strong></p><p>O <strong>Prato de Papel Coração Vermelho Borda Dourada</strong> é ideal para compor mesas de festa com visual bonito e prático, perfeito para servir doces, salgados e pequenas porções com estilo.</p><p>Com tema <strong>Coração Vermelho Borda Dourada</strong>, é uma ótima escolha para aniversários, festas temáticas, encontros em família e comemorações especiais.</p><p>Fabricado em <strong>Papel</strong> resistente, é prático e descartável, ajudando a organizar a mesa e facilitando a limpeza após a festa.</p><p><strong>🎉 Ideal para diversas ocasiões</strong></p><ul><li>Aniversários infantis e adultos</li><li>Festas temáticas (junina, country, floral, coloridas)</li><li>Comemorações e eventos</li></ul><p><strong>⭐ Por que escolher este produto?</strong></p><ul><li>Visual bonito e harmoniza com a decoração</li><li>Prático e descartável</li><li>Material resistente para o uso em festas</li></ul><p><strong>📋 Especificações do produto</strong></p><ul><li><strong>Material:</strong> Papel</li><li><strong>Tamanho:</strong> —</li><li><strong>Conteúdo da embalagem:</strong> —</li><li><strong>Tema/linha:</strong> Coração Vermelho Borda Dourada</li></ul><p><strong>ℹ️ Informações importantes</strong></p><ul><li>As cores podem variar levemente conforme a tela do dispositivo.</li><li>Produto descartável indicado para uso em festas e eventos.</li></ul><p><strong>🚚 Frete e prazo</strong></p><p>Calcule o frete e o prazo de entrega informando seu CEP antes de finalizar a compra.</p><p><strong>💡 Dica</strong></p><p>Combine com <strong>copos</strong>, <strong>guardanapos</strong> e <strong>toalhas</strong> da mesma linha (Coração Vermelho Borda Dourada) para uma mesa completa e harmoniosa.</p><p><strong>❤️ Garanta o seu</strong></p><p>Garanta agora o <strong>Prato de Papel Coração Vermelho Borda Dourada</strong> e deixe sua comemoração ainda mais especial!</p>",Prato de papel descartável para festas: Prato de Papel Coração Vermelho Borda Dourada. Ideal para servir com praticidade e deixar a mesa harmoniosa.,95059000,,5.59,,,,,0,,,,,,,9,,,,,,
9883203,MW107P,,,Prato de Papel Craft - Borda Dourada,/prato-papel-craft-borda-dourada,"0,000",0.00,0.00,0.00,Prato de Papel Craft - Borda Dourada | Descartável para Festa,"Prato de Papel Craft - Borda Dourada. Prato descartável de papel, ideal para festas e eventos. Prático, resistente e fácil de combinar com a decoração.",,"<p><strong>✨ Descrição completa — Prato de Papel Craft - Borda Dourada</strong></p><p>O <strong>Prato de Papel Craft - Borda Dourada</strong> é ideal para compor mesas de festa com visual bonito e prático, perfeito para servir doces, salgados e pequenas porções com estilo.</p><p>Com tema <strong>Craft</strong>, é uma ótima escolha para aniversários, festas temáticas, encontros em família e comemorações especiais.</p><p>Fabricado em <strong>Papel</strong> resistente, é prático e descartável, ajudando a organizar a mesa e facilitando a limpeza após a festa.</p><p><strong>🎉 Ideal para diversas ocasiões</strong></p><ul><li>Aniversários infantis e adultos</li><li>Festas temáticas (junina, country, floral, coloridas)</li><li>Comemorações e eventos</li></ul><p><strong>⭐ Por que escolher este produto?</strong></p><ul><li>Visual bonito e harmoniza com a decoração</li><li>Prático e descartável</li><li>Material resistente para o uso em festas</li></ul><p><strong>📋 Especificações do produto</strong></p><ul><li><strong>Material:</strong> Papel</li><li><strong>Tamanho:</strong> —</li><li><strong>Conteúdo da embalagem:</strong> —</li><li><strong>Tema/linha:</strong> Craft</li></ul><p><strong>ℹ️ Informações importantes</strong></p><ul><li>As cores podem variar levemente conforme a tela do dispositivo.</li><li>Produto descartável indicado para uso em festas e eventos.</li></ul><p><strong>🚚 Frete e prazo</strong></p><p>Calcule o frete e o prazo de entrega informando seu CEP antes de finalizar a compra.</p><p><strong>💡 Dica</strong></p><p>Combine com <strong>copos</strong>, <strong>guardanapos</strong> e <strong>toalhas</strong> da mesma linha (Craft) para uma mesa completa e harmoniosa.</p><p><strong>❤️ Garanta o seu</strong></p><p>Garanta agora o <strong>Prato de Papel Craft - Borda Dourada</strong> e deixe sua comemoração ainda mais especial!</p>",Prato de papel descartável para festas: Prato de Papel Craft - Borda Dourada. Ideal para servir com praticidade e deixar a mesa harmoniosa.,95059000,,16.90,,,,,0,,,,,,,1,,,,,,
9883206,MX099R,,,Prato de Papel Estrelas Douradas,/prato-papel-estrelas-douradas,"0,000",0.00,0.00,0.00,Prato de Papel Estrelas Douradas | Descartável para Festa,"Prato de Papel Estrelas Douradas. Prato descartável de papel, ideal para festas e eventos. Prático, resistente e fácil de combinar com a decoração.",,"<p><strong>✨ Descrição completa — Prato de Papel Estrelas Douradas</strong></p><p>O <strong>Prato de Papel Estrelas Douradas</strong> é ideal para compor mesas de festa com visual bonito e prático, perfeito para servir doces, salgados e pequenas porções com estilo.</p><p>Com tema <strong>Estrelas Douradas</strong>, é uma ótima escolha para aniversários, festas temáticas, encontros em família e comemorações especiais.</p><p>Fabricado em <strong>Papel</strong> resistente, é prático e descartável, ajudando a organizar a mesa e facilitando a limpeza após a festa.</p><p><strong>🎉 Ideal para diversas ocasiões</strong></p><ul><li>Aniversários infantis e adultos</li><li>Festas temáticas (junina, country, floral, coloridas)</li><li>Comemorações e eventos</li></ul><p><strong>⭐ Por que escolher este produto?</strong></p><ul><li>Visual bonito e harmoniza com a decoração</li><li>Prático e descartável</li><li>Material resistente para o uso em festas</li></ul><p><strong>📋 Especificações do produto</strong></p><ul><li><strong>Material:</strong> Papel</li><li><strong>Tamanho:</strong> —</li><li><strong>Conteúdo da embalagem:</strong> —</li><li><strong>Tema/linha:</strong> Estrelas Douradas</li></ul><p><strong>ℹ️ Informações importantes</strong></p><ul><li>As cores podem variar levemente conforme a tela do dispositivo.</li><li>Produto descartável indicado para uso em festas e eventos.</li></ul><p><strong>🚚 Frete e prazo</strong></p><p>Calcule o frete e o prazo de entrega informando seu CEP antes de finalizar a compra.</p><p><strong>💡 Dica</strong></p><p>Combine com <strong>copos</strong>, <strong>guardanapos</strong> e <strong>toalhas</strong> da mesma linha (Estrelas Douradas) para uma mesa completa e harmoniosa.</p><p><strong>❤️ Garanta o seu</strong></p><p>Garanta agora o <strong>Prato de Papel Estrelas Douradas</strong> e deixe sua comemoração ainda mais especial!</p>",Prato de papel descartável para festas: Prato de Papel Estrelas Douradas. Ideal para servir com praticidade e deixar a mesa harmoniosa.,95059000,,16.90,,,,,0,,,,,,,0,,,,,,
9883191,MR041,,,Prato de Papel Festa Neon,/prato-papel-festa-neon,"0,000",0.00,0.00,0.00,Prato de Papel Festa Neon | Descartável para Festa,"Prato de Papel Festa Neon. Prato descartável de papel, ideal para festas e eventos. Prático, resistente e fácil de combinar com a decoração.",,"<p><strong>✨ Descrição completa — Prato de Papel Festa Neon</strong></p><p>O <strong>Prato de Papel Festa Neon</strong> é ideal para compor mesas de festa com visual bonito e prático, perfeito para servir doces, salgados e pequenas porções com estilo.</p><p>Com tema <strong>Festa Neon</strong>, é uma ótima escolha para aniversários, festas temáticas, encontros em família e comemorações especiais.</p><p>Fabricado em <strong>Papel</strong> resistente, é prático e descartável, ajudando a organizar a mesa e facilitando a limpeza após a festa.</p><p><strong>🎉 Ideal para diversas ocasiões</strong></p><ul><li>Aniversários infantis e adultos</li><li>Festas temáticas (junina, country, floral, coloridas)</li><li>Comemorações e eventos</li></ul><p><strong>⭐ Por que escolher este produto?</strong></p><ul><li>Visual bonito e harmoniza com a decoração</li><li>Prático e descartável</li><li>Material resistente para o uso em festas</li></ul><p><strong>📋 Especificações do produto</strong></p><ul><li><strong>Material:</strong> Papel</li><li><strong>Tamanho:</strong> —</li><li><strong>Conteúdo da embalagem:</strong> —</li><li><strong>Tema/linha:</strong> Festa Neon</li></ul><p><strong>ℹ️ Informações importantes</strong></p><ul><li>As cores podem variar levemente conforme a tela do dispositivo.</li><li>Produto descartável indicado para uso em festas e eventos.</li></ul><p><strong>🚚 Frete e prazo</strong></p><p>Calcule o frete e o prazo de entrega informando seu CEP antes de finalizar a compra.</p><p><strong>💡 Dica</strong></p><p>Combine com <strong>copos</strong>, <strong>guardanapos</strong> e <strong>toalhas</strong> da mesma linha (Festa Neon) para uma mesa completa e harmoniosa.</p><p><strong>❤️ Garanta o seu</strong></p><p>Garanta agora o <strong>Prato de Papel Festa Neon</strong> e deixe sua comemoração ainda mais especial!</p>",Prato de papel descartável para festas: Prato de Papel Festa Neon. Ideal para servir com praticidade e deixar a mesa harmoniosa.,95059000,,12.90,,,,,0,,,,,,,0,,,,,,
9883214,MX187R,,,Prato de Papel Halloween Abobora Divertida,/prato-papel-halloween-abobora-divertida,"0,000",0.00,0.00,0.00,Prato de Papel Halloween Abobora Divertida | Descartável para Festa,"Prato de Papel Halloween Abobora Divertida. Prato descartável de papel, ideal para festas e eventos. Prático, resistente e fácil de combinar com a decoração.",,"<p><strong>✨ Descrição completa — Prato de Papel Halloween Abobora Divertida</strong></p><p>O <strong>Prato de Papel Halloween Abobora Divertida</strong> é ideal para compor mesas de festa com visual bonito e prático, perfeito para servir doces, salgados e pequenas porções com estilo.</p><p>Com tema <strong>Halloween Abobora Divertida</strong>, é uma ótima escolha para aniversários, festas temáticas, encontros em família e comemorações especiais.</p><p>Fabricado em <strong>Papel</strong> resistente, é prático e descartável, ajudando a organizar a mesa e facilitando a limpeza após a festa.</p><p><strong>🎉 Ideal para diversas ocasiões</strong></p><ul><li>Aniversários infantis e adultos</li><li>Festas temáticas (junina, country, floral, coloridas)</li><li>Comemorações e eventos</li></ul><p><strong>⭐ Por que escolher este produto?</strong></p><ul><li>Visual bonito e harmoniza com a decoração</li><li>Prático e descartável</li><li>Material resistente para o uso em festas</li></ul><p><strong>📋 Especificações do produto</strong></p><ul><li><strong>Material:</strong> Papel</li><li><strong>Tamanho:</strong> —</li><li><strong>Conteúdo da embalagem:</strong> —</li><li><strong>Tema/linha:</strong> Halloween Abobora Divertida</li></ul><p><strong>ℹ️ Informações importantes</strong></p><ul><li>As cores podem variar levemente conforme a tela do dispositivo.</li><li>Produto descartável indicado para uso em festas e eventos.</li></ul><p><strong>🚚 Frete e prazo</strong></p><p>Calcule o frete e o prazo de entrega informando seu CEP antes de finalizar a compra.</p><p><strong>💡 Dica</strong></p><p>Combine com <strong>copos</strong>, <strong>guardanapos</strong> e <strong>toalhas</strong> da mesma linha (Halloween Abobora Divertida) para uma mesa completa e harmoniosa.</p><p><strong>❤️ Garanta o seu</strong></p><p>Garanta agora o <strong>Prato de Papel Halloween Abobora Divertida</strong> e deixe sua comemoração ainda mais especial!</p>",Prato de papel descartável para festas: Prato de Papel Halloween Abobora Divertida. Ideal para servir com praticidade e deixar a mesa harmoniosa.,95059000,,16.90,,,,,0,,,,,,,6,,,,,,
9883177,MP008,,,Prato de Papel Happy Birthday - Rosa Bebê,/prato-papel-hbirthday-rosa-bebe,"0,000",0.00,0.00,0.00,Prato de Papel Happy Birthday - Rosa Bebê | Descartável para Festa,"Prato de Papel Happy Birthday - Rosa Bebê. Prato descartável de papel, ideal para festas e eventos. Prático, resistente e fácil de combinar com a decoração.",,"<p><strong>✨ Descrição completa — Prato de Papel Happy Birthday - Rosa Bebê</strong></p><p>O <strong>Prato de Papel Happy Birthday - Rosa Bebê</strong> é ideal para compor mesas de festa com visual bonito e prático, perfeito para servir doces, salgados e pequenas porções com estilo.</p><p>Com tema <strong>Happy Birthday</strong> na cor <strong>Rosa Bebê</strong>, é uma ótima escolha para aniversários, festas temáticas, encontros em família e comemorações especiais.</p><p>Fabricado em <strong>Papel</strong> resistente, é prático e descartável, ajudando a organizar a mesa e facilitando a limpeza após a festa.</p><p><strong>🎉 Ideal para diversas ocasiões</strong></p><ul><li>Aniversários infantis e adultos</li><li>Festas temáticas (junina, country, floral, coloridas)</li><li>Comemorações e eventos</li></ul><p><strong>⭐ Por que escolher este produto?</strong></p><ul><li>Visual bonito e harmoniza com a decoração</li><li>Prático e descartável</li><li>Material resistente para o uso em festas</li></ul><p><strong>📋 Especificações do produto</strong></p><ul><li><strong>Material:</strong> Papel</li><li><strong>Tamanho:</strong> —</li><li><strong>Conteúdo da embalagem:</strong> —</li><li><strong>Tema/linha:</strong> Happy Birthday</li></ul><p><strong>ℹ️ Informações importantes</strong></p><ul><li>As cores podem variar levemente conforme a tela do dispositivo.</li><li>Produto descartável indicado para uso em festas e eventos.</li></ul><p><strong>🚚 Frete e prazo</strong></p><p>Calcule o frete e o prazo de entrega informando seu CEP antes de finalizar a compra.</p><p><strong>💡 Dica</strong></p><p>Combine com <strong>copos</strong>, <strong>guardanapos</strong> e <strong>toalhas</strong> da mesma linha (Happy Birthday) para uma mesa completa e harmoniosa.</p><p><strong>❤️ Garanta o seu</strong></p><p>Garanta agora o <strong>Prato de Papel Happy Birthday - Rosa Bebê</strong> e deixe sua comemoração ainda mais especial!</p>",Prato de papel descartável para festas: Prato de Papel Happy Birthday - Rosa Bebê. Ideal para servir com praticidade e deixar a mesa harmoniosa.,95059000,,16.90,,,,,0,,,,,,,0,,,,,,
9883185,MR015,,,Prato de Papel Liso - Azul,/prato-papel-liso-azul,"0,000",0.00,0.00,0.00,Prato de Papel Liso - Azul | Descartável para Festa,"Prato de Papel Liso - Azul. Prato descartável de papel, ideal para festas e eventos. Prático, resistente e fácil de combinar com a decoração.",,"<p><strong>✨ Descrição completa — Prato de Papel Liso - Azul</strong></p><p>O <strong>Prato de Papel Liso - Azul</strong> é ideal para compor mesas de festa com visual bonito e prático, perfeito para servir doces, salgados e pequenas porções com estilo.</p><p>Com tema <strong>Liso</strong> na cor <strong>Azul</strong>, é uma ótima escolha para aniversários, festas temáticas, encontros em família e comemorações especiais.</p><p>Fabricado em <strong>Papel</strong> resistente, é prático e descartável, ajudando a organizar a mesa e facilitando a limpeza após a festa.</p><p><strong>🎉 Ideal para diversas ocasiões</strong></p><ul><li>Aniversários infantis e adultos</li><li>Festas temáticas (junina, country, floral, coloridas)</li><li>Comemorações e eventos</li></ul><p><strong>⭐ Por que escolher este produto?</strong></p><ul><li>Visual bonito e harmoniza com a decoração</li><li>Prático e descartável</li><li>Material resistente para o uso em festas</li></ul><p><strong>📋 Especificações do produto</strong></p><ul><li><strong>Material:</strong> Papel</li><li><strong>Tamanho:</strong> —</li><li><strong>Conteúdo da embalagem:</strong> —</li><li><strong>Tema/linha:</strong> Liso</li></ul><p><strong>ℹ️ Informações importantes</strong></p><ul><li>As cores podem variar levemente conforme a tela do dispositivo.</li><li>Produto descartável indicado para uso em festas e eventos.</li></ul><p><strong>🚚 Frete e prazo</strong></p><p>Calcule o frete e o prazo de entrega informando seu CEP antes de finalizar a compra.</p><p><strong>💡 Dica</strong></p><p>Combine com <strong>copos</strong>, <strong>guardanapos</strong> e <strong>toalhas</strong> da mesma linha (Liso) para uma mesa completa e harmoniosa.</p><p><strong>❤️ Garanta o seu</strong></p><p>Garanta agora o <strong>Prato de Papel Liso - Azul</strong> e deixe sua comemoração ainda mais especial!</p>",Prato de papel descartável para festas: Prato de Papel Liso - Azul. Ideal para servir com praticidade e deixar a mesa harmoniosa.,95059000,,12.90,,,,,0,,,,,,,2,,,,,,
9883184,MR013,,,Prato de Papel Liso - Azul Bebê,/prato-papel-liso-azul-bebe,"0,000",0.00,0.00,0.00,Prato de Papel Liso - Azul Bebê | Descartável para Festa,"Prato de Papel Liso - Azul Bebê. Prato descartável de papel, ideal para festas e eventos. Prático, resistente e fácil de combinar com a decoração.",,"<p><strong>✨ Descrição completa — Prato de Papel Liso - Azul Bebê</strong></p><p>O <strong>Prato de Papel Liso - Azul Bebê</strong> é ideal para compor mesas de festa com visual bonito e prático, perfeito para servir doces, salgados e pequenas porções com estilo.</p><p>Com tema <strong>Liso</strong> na cor <strong>Azul Bebê</strong>, é uma ótima escolha para aniversários, festas temáticas, encontros em família e comemorações especiais.</p><p>Fabricado em <strong>Papel</strong> resistente, é prático e descartável, ajudando a organizar a mesa e facilitando a limpeza após a festa.</p><p><strong>🎉 Ideal para diversas ocasiões</strong></p><ul><li>Aniversários infantis e adultos</li><li>Festas temáticas (junina, country, floral, coloridas)</li><li>Comemorações e eventos</li></ul><p><strong>⭐ Por que escolher este produto?</strong></p><ul><li>Visual bonito e harmoniza com a decoração</li><li>Prático e descartável</li><li>Material resistente para o uso em festas</li></ul><p><strong>📋 Especificações do produto</strong></p><ul><li><strong>Material:</strong> Papel</li><li><strong>Tamanho:</strong> —</li><li><strong>Conteúdo da embalagem:</strong> —</li><li><strong>Tema/linha:</strong> Liso</li></ul><p><strong>ℹ️ Informações importantes</strong></p><ul><li>As cores podem variar levemente conforme a tela do dispositivo.</li><li>Produto descartável indicado para uso em festas e eventos.</li></ul><p><strong>🚚 Frete e prazo</strong></p><p>Calcule o frete e o prazo de entrega informando seu CEP antes de finalizar a compra.</p><p><strong>💡 Dica</strong></p><p>Combine com <strong>copos</strong>, <strong>guardanapos</strong> e <strong>toalhas</strong> da mesma linha (Liso) para uma mesa completa e harmoniosa.</p><p><strong>❤️ Garanta o seu</strong></p><p>Garanta agora o <strong>Prato de Papel Liso - Azul Bebê</strong> e deixe sua comemoração ainda mais especial!</p>",Prato de papel descartável para festas: Prato de Papel Liso - Azul Bebê. Ideal para servir com praticidade e deixar a mesa harmoniosa.,95059000,,14.90,,,,,0,,,,,,,5,,,,,,
9883188,MR028,,,Prato de Papel Liso - Azul Piscina,/prato-papel-liso-azul-piscina,"0,000",0.00,0.00,0.00,Prato de Papel Liso - Azul Piscina | Descartável para Festa,"Prato de Papel Liso - Azul Piscina. Prato descartável de papel, ideal para festas e eventos. Prático, resistente e fácil de combinar com a decoração.",,"<p><strong>✨ Descrição completa — Prato de Papel Liso - Azul Piscina</strong></p><p>O <strong>Prato de Papel Liso - Azul Piscina</strong> é ideal para compor mesas de festa com visual bonito e prático, perfeito para servir doces, salgados e pequenas porções com estilo.</p><p>Com tema <strong>Liso</strong> na cor <strong>Azul Piscina</strong>, é uma ótima escolha para aniversários, festas temáticas, encontros em família e comemorações especiais.</p><p>Fabricado em <strong>Papel</strong> resistente, é prático e descartável, ajudando a organizar a mesa e facilitando a limpeza após a festa.</p><p><strong>🎉 Ideal para diversas ocasiões</strong></p><ul><li>Aniversários infantis e adultos</li><li>Festas temáticas (junina, country, floral, coloridas)</li><li>Comemorações e eventos</li></ul><p><strong>⭐ Por que escolher este produto?</strong></p><ul><li>Visual bonito e harmoniza com a decoração</li><li>Prático e descartável</li><li>Material resistente para o uso em festas</li></ul><p><strong>📋 Especificações do produto</strong></p><ul><li><strong>Material:</strong> Papel</li><li><strong>Tamanho:</strong> —</li><li><strong>Conteúdo da embalagem:</strong> —</li><li><strong>Tema/linha:</strong> Liso</li></ul><p><strong>ℹ️ Informações importantes</strong></p><ul><li>As cores podem variar levemente conforme a tela do dispositivo.</li><li>Produto descartável indicado para uso em festas e eventos.</li></ul><p><strong>🚚 Frete e prazo</strong></p><p>Calcule o frete e o prazo de entrega informando seu CEP antes de finalizar a compra.</p><p><strong>💡 Dica</strong></p><p>Combine com <strong>copos</strong>, <strong>guardanapos</strong> e <strong>toalhas</strong> da mesma linha (Liso) para uma mesa completa e harmoniosa.</p><p><strong>❤️ Garanta o seu</strong></p><p>Garanta agora o <strong>Prato de Papel Liso - Azul Piscina</strong> e deixe sua comemoração ainda mais especial!</p>",Prato de papel descartável para festas: Prato de Papel Liso - Azul Piscina. Ideal para servir com praticidade e deixar a mesa harmoniosa.,95059000,,12.90,,,,,0,,,,,,,-7,,,,,,
9882959,240220471519232,,,Prato de Papel Liso - Branco,/prato-papel-liso-branco,"0,000",0.00,0.00,0.00,Prato de Papel Liso - Branco | Descartável para Festa,"Prato de Papel Liso - Branco. Prato descartável de papel, ideal para festas e eventos. Prático, resistente e fácil de combinar com a decoração.",,"<p><strong>✨ Descrição completa — Prato de Papel Liso - Branco</strong></p><p>O <strong>Prato de Papel Liso - Branco</strong> é ideal para compor mesas de festa com visual bonito e prático, perfeito para servir doces, salgados e pequenas porções com estilo.</p><p>Com tema <strong>Liso</strong> na cor <strong>Branco</strong>, é uma ótima escolha para aniversários, festas temáticas, encontros em família e comemorações especiais.</p><p>Fabricado em <strong>Papel</strong> resistente, é prático e descartável, ajudando a organizar a mesa e facilitando a limpeza após a festa.</p><p><strong>🎉 Ideal para diversas ocasiões</strong></p><ul><li>Aniversários infantis e adultos</li><li>Festas temáticas (junina, country, floral, coloridas)</li><li>Comemorações e eventos</li></ul><p><strong>⭐ Por que escolher este produto?</strong></p><ul><li>Visual bonito e harmoniza com a decoração</li><li>Prático e descartável</li><li>Material resistente para o uso em festas</li></ul><p><strong>📋 Especificações do produto</strong></p><ul><li><strong>Material:</strong> Papel</li><li><strong>Tamanho:</strong> —</li><li><strong>Conteúdo da embalagem:</strong> —</li><li><strong>Tema/linha:</strong> Liso</li></ul><p><strong>ℹ️ Informações importantes</strong></p><ul><li>As cores podem variar levemente conforme a tela do dispositivo.</li><li>Produto descartável indicado para uso em festas e eventos.</li></ul><p><strong>🚚 Frete e prazo</strong></p><p>Calcule o frete e o prazo de entrega informando seu CEP antes de finalizar a compra.</p><p><strong>💡 Dica</strong></p><p>Combine com <strong>copos</strong>, <strong>guardanapos</strong> e <strong>toalhas</strong> da mesma linha (Liso) para uma mesa completa e harmoniosa.</p><p><strong>❤️ Garanta o seu</strong></p><p>Garanta agora o <strong>Prato de Papel Liso - Branco</strong> e deixe sua comemoração ainda mais especial!</p>",Prato de papel descartável para festas: Prato de Papel Liso - Branco. Ideal para servir com praticidade e deixar a mesa harmoniosa.,95059000,,14.90,,,,,0,,,,,,,6,,,,,,
9883186,MR016,,,Prato de Papel Liso - Branco,/prato-papel-liso-branco-und,"0,000",0.00,0.00,0.00,Prato de Papel Liso - Branco | Descartável para Festa,"Prato de Papel Liso - Branco. Prato descartável de papel, ideal para festas e eventos. Prático, resistente e fácil de combinar com a decoração.",,"<p><strong>✨ Descrição completa — Prato de Papel Liso - Branco</strong></p><p>O <strong>Prato de Papel Liso - Branco</strong> é ideal para compor mesas de festa com visual bonito e prático, perfeito para servir doces, salgados e pequenas porções com estilo.</p><p>Com tema <strong>Liso</strong> na cor <strong>Branco</strong>, é uma ótima escolha para aniversários, festas temáticas, encontros em família e comemorações especiais.</p><p>Fabricado em <strong>Papel</strong> resistente, é prático e descartável, ajudando a organizar a mesa e facilitando a limpeza após a festa.</p><p><strong>🎉 Ideal para diversas ocasiões</strong></p><ul><li>Aniversários infantis e adultos</li><li>Festas temáticas (junina, country, floral, coloridas)</li><li>Comemorações e eventos</li></ul><p><strong>⭐ Por que escolher este produto?</strong></p><ul><li>Visual bonito e harmoniza com a decoração</li><li>Prático e descartável</li><li>Material resistente para o uso em festas</li></ul><p><strong>📋 Especificações do produto</strong></p><ul><li><strong>Material:</strong> Papel</li><li><strong>Tamanho:</strong> —</li><li><strong>Conteúdo da embalagem:</strong> —</li><li><strong>Tema/linha:</strong> Liso</li></ul><p><strong>ℹ️ Informações importantes</strong></p><ul><li>As cores podem variar levemente conforme a tela do dispositivo.</li><li>Produto descartável indicado para uso em festas e eventos.</li></ul><p><strong>🚚 Frete e prazo</strong></p><p>Calcule o frete e o prazo de entrega informando seu CEP antes de finalizar a compra.</p><p><strong>💡 Dica</strong></p><p>Combine com <strong>copos</strong>, <strong>guardanapos</strong> e <strong>toalhas</strong> da mesma linha (Liso) para uma mesa completa e harmoniosa.</p><p><strong>❤️ Garanta o seu</strong></p><p>Garanta agora o <strong>Prato de Papel Liso - Branco</strong> e deixe sua comemoração ainda mais especial!</p>",Prato de papel descartável para festas: Prato de Papel Liso - Branco. Ideal para servir com praticidade e deixar a mesa harmoniosa.,95059000,,12.90,,,,,0,,,,,,,0,,,,,,
9883220,MZ086P,,,Prato de Papel Liso - Candy Color Rosa,/prato-papel-liso-candy-color-rosa,"0,000",0.00,0.00,0.00,Prato de Papel Liso - Candy Color Rosa | Descartável para Festa,"Prato de Papel Liso - Candy Color Rosa. Prato descartável de papel, ideal para festas e eventos. Prático, resistente e fácil de combinar com a decoração.",,"<p><strong>✨ Descrição completa — Prato de Papel Liso - Candy Color Rosa</strong></p><p>O <strong>Prato de Papel Liso - Candy Color Rosa</strong> é ideal para compor mesas de festa com visual bonito e prático, perfeito para servir doces, salgados e pequenas porções com estilo.</p><p>Com tema <strong>Liso</strong> na cor <strong>Candy Color Rosa</strong>, é uma ótima escolha para aniversários, festas temáticas, encontros em família e comemorações especiais.</p><p>Fabricado em <strong>Papel</strong> resistente, é prático e descartável, ajudando a organizar a mesa e facilitando a limpeza após a festa.</p><p><strong>🎉 Ideal para diversas ocasiões</strong></p><ul><li>Aniversários infantis e adultos</li><li>Festas temáticas (junina, country, floral, coloridas)</li><li>Comemorações e eventos</li></ul><p><strong>⭐ Por que escolher este produto?</strong></p><ul><li>Visual bonito e harmoniza com a decoração</li><li>Prático e descartável</li><li>Material resistente para o uso em festas</li></ul><p><strong>📋 Especificações do produto</strong></p><ul><li><strong>Material:</strong> Papel</li><li><strong>Tamanho:</strong> —</li><li><strong>Conteúdo da embalagem:</strong> —</li><li><strong>Tema/linha:</strong> Liso</li></ul><p><strong>ℹ️ Informações importantes</strong></p><ul><li>As cores podem variar levemente conforme a tela do dispositivo.</li><li>Produto descartável indicado para uso em festas e eventos.</li></ul><p><strong>🚚 Frete e prazo</strong></p><p>Calcule o frete e o prazo de entrega informando seu CEP antes de finalizar a compra.</p><p><strong>💡 Dica</strong></p><p>Combine com <strong>copos</strong>, <strong>guardanapos</strong> e <strong>toalhas</strong> da mesma linha (Liso) para uma mesa completa e harmoniosa.</p><p><strong>❤️ Garanta o seu</strong></p><p>Garanta agora o <strong>Prato de Papel Liso - Candy Color Rosa</strong> e deixe sua comemoração ainda mais especial!</p>",Prato de papel descartável para festas: Prato de Papel Liso - Candy Color Rosa. Ideal para servir com praticidade e deixar a mesa harmoniosa.,95059000,,12.90,,,,,0,,,,,,,6,,,,,,
9883352,MZ088P,,,Prato de Papel Liso - Candy Color Rosa Claro,/prato-papel-liso-candy-color-rosa-claro,"0,000",0.00,0.00,0.00,Prato de Papel Liso - Candy Color Rosa Claro | Descartável para Festa,"Prato de Papel Liso - Candy Color Rosa Claro. Prato descartável de papel, ideal para festas e eventos. Prático, resistente e fácil de combinar com a decoração.",,"<p><strong>✨ Descrição completa — Prato de Papel Liso - Candy Color Rosa Claro</strong></p><p>O <strong>Prato de Papel Liso - Candy Color Rosa Claro</strong> é ideal para compor mesas de festa com visual bonito e prático, perfeito para servir doces, salgados e pequenas porções com estilo.</p><p>Com tema <strong>Liso</strong> na cor <strong>Candy Color Rosa Claro</strong>, é uma ótima escolha para aniversários, festas temáticas, encontros em família e comemorações especiais.</p><p>Fabricado em <strong>Papel</strong> resistente, é prático e descartável, ajudando a organizar a mesa e facilitando a limpeza após a festa.</p><p><strong>🎉 Ideal para diversas ocasiões</strong></p><ul><li>Aniversários infantis e adultos</li><li>Festas temáticas (junina, country, floral, coloridas)</li><li>Comemorações e eventos</li></ul><p><strong>⭐ Por que escolher este produto?</strong></p><ul><li>Visual bonito e harmoniza com a decoração</li><li>Prático e descartável</li><li>Material resistente para o uso em festas</li></ul><p><strong>📋 Especificações do produto</strong></p><ul><li><strong>Material:</strong> Papel</li><li><strong>Tamanho:</strong> —</li><li><strong>Conteúdo da embalagem:</strong> —</li><li><strong>Tema/linha:</strong> Liso</li></ul><p><strong>ℹ️ Informações importantes</strong></p><ul><li>As cores podem variar levemente conforme a tela do dispositivo.</li><li>Produto descartável indicado para uso em festas e eventos.</li></ul><p><strong>🚚 Frete e prazo</strong></p><p>Calcule o frete e o prazo de entrega informando seu CEP antes de finalizar a compra.</p><p><strong>💡 Dica</strong></p><p>Combine com <strong>copos</strong>, <strong>guardanapos</strong> e <strong>toalhas</strong> da mesma linha (Liso) para uma mesa completa e harmoniosa.</p><p><strong>❤️ Garanta o seu</strong></p><p>Garanta agora o <strong>Prato de Papel Liso - Candy Color Rosa Claro</strong> e deixe sua comemoração ainda mais especial!</p>",Prato de papel descartável para festas: Prato de Papel Liso - Candy Color Rosa Claro. Ideal para servir com praticidade e deixar a mesa harmoniosa.,95059000,,14.90,,,,,0,,,,,,,4,,,,,,
9883179,MP036,,,Prato de Papel Liso - Dourado,/prato-papel-liso-dourado,"0,000",0.00,0.00,0.00,Prato de Papel Liso - Dourado | Descartável para Festa,"Prato de Papel Liso - Dourado. Prato descartável de papel, ideal para festas e eventos. Prático, resistente e fácil de combinar com a decoração.",,"<p><strong>✨ Descrição completa — Prato de Papel Liso - Dourado</strong></p><p>O <strong>Prato de Papel Liso - Dourado</strong> é ideal para compor mesas de festa com visual bonito e prático, perfeito para servir doces, salgados e pequenas porções com estilo.</p><p>Com tema <strong>Liso</strong> na cor <strong>Dourado</strong>, é uma ótima escolha para aniversários, festas temáticas, encontros em família e comemorações especiais.</p><p>Fabricado em <strong>Papel</strong> resistente, é prático e descartável, ajudando a organizar a mesa e facilitando a limpeza após a festa.</p><p><strong>🎉 Ideal para diversas ocasiões</strong></p><ul><li>Aniversários infantis e adultos</li><li>Festas temáticas (junina, country, floral, coloridas)</li><li>Comemorações e eventos</li></ul><p><strong>⭐ Por que escolher este produto?</strong></p><ul><li>Visual bonito e harmoniza com a decoração</li><li>Prático e descartável</li><li>Material resistente para o uso em festas</li></ul><p><strong>📋 Especificações do produto</strong></p><ul><li><strong>Material:</strong> Papel</li><li><strong>Tamanho:</strong> —</li><li><strong>Conteúdo da embalagem:</strong> —</li><li><strong>Tema/linha:</strong> Liso</li></ul><p><strong>ℹ️ Informações importantes</strong></p><ul><li>As cores podem variar levemente conforme a tela do dispositivo.</li><li>Produto descartável indicado para uso em festas e eventos.</li></ul><p><strong>🚚 Frete e prazo</strong></p><p>Calcule o frete e o prazo de entrega informando seu CEP antes de finalizar a compra.</p><p><strong>💡 Dica</strong></p><p>Combine com <strong>copos</strong>, <strong>guardanapos</strong> e <strong>toalhas</strong> da mesma linha (Liso) para uma mesa completa e harmoniosa.</p><p><strong>❤️ Garanta o seu</strong></p><p>Garanta agora o <strong>Prato de Papel Liso - Dourado</strong> e deixe sua comemoração ainda mais especial!</p>",Prato de papel descartável para festas: Prato de Papel Liso - Dourado. Ideal para servir com praticidade e deixar a mesa harmoniosa.,95059000,,18.90,,,,,0,,,,,,,10,,,,,,
9882968,240220471674744,,,Prato de Papel Liso - Laranja,/prato-papel-liso-laranja,"0,000",0.00,0.00,0.00,Prato de Papel Liso - Laranja | Descartável para Festa,"Prato de Papel Liso - Laranja. Prato descartável de papel, ideal para festas e eventos. Prático, resistente e fácil de combinar com a decoração.",,"<p><strong>✨ Descrição completa — Prato de Papel Liso - Laranja</strong></p><p>O <strong>Prato de Papel Liso - Laranja</strong> é ideal para compor mesas de festa com visual bonito e prático, perfeito para servir doces, salgados e pequenas porções com estilo.</p><p>Com tema <strong>Liso</strong> na cor <strong>Laranja</strong>, é uma ótima escolha para aniversários, festas temáticas, encontros em família e comemorações especiais.</p><p>Fabricado em <strong>Papel</strong> resistente, é prático e descartável, ajudando a organizar a mesa e facilitando a limpeza após a festa.</p><p><strong>🎉 Ideal para diversas ocasiões</strong></p><ul><li>Aniversários infantis e adultos</li><li>Festas temáticas (junina, country, floral, coloridas)</li><li>Comemorações e eventos</li></ul><p><strong>⭐ Por que escolher este produto?</strong></p><ul><li>Visual bonito e harmoniza com a decoração</li><li>Prático e descartável</li><li>Material resistente para o uso em festas</li></ul><p><strong>📋 Especificações do produto</strong></p><ul><li><strong>Material:</strong> Papel</li><li><strong>Tamanho:</strong> —</li><li><strong>Conteúdo da embalagem:</strong> —</li><li><strong>Tema/linha:</strong> Liso</li></ul><p><strong>ℹ️ Informações importantes</strong></p><ul><li>As cores podem variar levemente conforme a tela do dispositivo.</li><li>Produto descartável indicado para uso em festas e eventos.</li></ul><p><strong>🚚 Frete e prazo</strong></p><p>Calcule o frete e o prazo de entrega informando seu CEP antes de finalizar a compra.</p><p><strong>💡 Dica</strong></p><p>Combine com <strong>copos</strong>, <strong>guardanapos</strong> e <strong>toalhas</strong> da mesma linha (Liso) para uma mesa completa e harmoniosa.</p><p><strong>❤️ Garanta o seu</strong></p><p>Garanta agora o <strong>Prato de Papel Liso - Laranja</strong> e deixe sua comemoração ainda mais especial!</p>",Prato de papel descartável para festas: Prato de Papel Liso - Laranja. Ideal para servir com praticidade e deixar a mesa harmoniosa.,95059000,,14.90,,,,,0,,,,,,,6,,,,,,
9883180,MP037,,,Prato de Papel Liso - Prata,/prato-papel-liso-prata,"0,000",0.00,0.00,0.00,Prato de Papel Liso - Prata | Descartável para Festa,"Prato de Papel Liso - Prata. Prato descartável de papel, ideal para festas e eventos. Prático, resistente e fácil de combinar com a decoração.",,"<p><strong>✨ Descrição completa — Prato de Papel Liso - Prata</strong></p><p>O <strong>Prato de Papel Liso - Prata</strong> é ideal para compor mesas de festa com visual bonito e prático, perfeito para servir doces, salgados e pequenas porções com estilo.</p><p>Com tema <strong>Liso</strong> na cor <strong>Prata</strong>, é uma ótima escolha para aniversários, festas temáticas, encontros em família e comemorações especiais.</p><p>Fabricado em <strong>Papel</strong> resistente, é prático e descartável, ajudando a organizar a mesa e facilitando a limpeza após a festa.</p><p><strong>🎉 Ideal para diversas ocasiões</strong></p><ul><li>Aniversários infantis e adultos</li><li>Festas temáticas (junina, country, floral, coloridas)</li><li>Comemorações e eventos</li></ul><p><strong>⭐ Por que escolher este produto?</strong></p><ul><li>Visual bonito e harmoniza com a decoração</li><li>Prático e descartável</li><li>Material resistente para o uso em festas</li></ul><p><strong>📋 Especificações do produto</strong></p><ul><li><strong>Material:</strong> Papel</li><li><strong>Tamanho:</strong> —</li><li><strong>Conteúdo da embalagem:</strong> —</li><li><strong>Tema/linha:</strong> Liso</li></ul><p><strong>ℹ️ Informações importantes</strong></p><ul><li>As cores podem variar levemente conforme a tela do dispositivo.</li><li>Produto descartável indicado para uso em festas e eventos.</li></ul><p><strong>🚚 Frete e prazo</strong></p><p>Calcule o frete e o prazo de entrega informando seu CEP antes de finalizar a compra.</p><p><strong>💡 Dica</strong></p><p>Combine com <strong>copos</strong>, <strong>guardanapos</strong> e <strong>toalhas</strong> da mesma linha (Liso) para uma mesa completa e harmoniosa.</p><p><strong>❤️ Garanta o seu</strong></p><p>Garanta agora o <strong>Prato de Papel Liso - Prata</strong> e deixe sua comemoração ainda mais especial!</p>",Prato de papel descartável para festas: Prato de Papel Liso - Prata. Ideal para servir com praticidade e deixar a mesa harmoniosa.,95059000,,18.90,,,,,0,,,,,,,6,,,,,,
9883187,MR017,,,Prato de Papel Liso - Preto,/prato-papel-liso-preto-und,"0,000",0.00,0.00,0.00,Prato de Papel Liso - Preto | Descartável para Festa,"Prato de Papel Liso - Preto. Prato descartável de papel, ideal para festas e eventos. Prático, resistente e fácil de combinar com a decoração.",,"<p><strong>✨ Descrição completa — Prato de Papel Liso - Preto</strong></p><p>O <strong>Prato de Papel Liso - Preto</strong> é ideal para compor mesas de festa com visual bonito e prático, perfeito para servir doces, salgados e pequenas porções com estilo.</p><p>Com tema <strong>Liso</strong> na cor <strong>Preto</strong>, é uma ótima escolha para aniversários, festas temáticas, encontros em família e comemorações especiais.</p><p>Fabricado em <strong>Papel</strong> resistente, é prático e descartável, ajudando a organizar a mesa e facilitando a limpeza após a festa.</p><p><strong>🎉 Ideal para diversas ocasiões</strong></p><ul><li>Aniversários infantis e adultos</li><li>Festas temáticas (junina, country, floral, coloridas)</li><li>Comemorações e eventos</li></ul><p><strong>⭐ Por que escolher este produto?</strong></p><ul><li>Visual bonito e harmoniza com a decoração</li><li>Prático e descartável</li><li>Material resistente para o uso em festas</li></ul><p><strong>📋 Especificações do produto</strong></p><ul><li><strong>Material:</strong> Papel</li><li><strong>Tamanho:</strong> —</li><li><strong>Conteúdo da embalagem:</strong> —</li><li><strong>Tema/linha:</strong> Liso</li></ul><p><strong>ℹ️ Informações importantes</strong></p><ul><li>As cores podem variar levemente conforme a tela do dispositivo.</li><li>Produto descartável indicado para uso em festas e eventos.</li></ul><p><strong>🚚 Frete e prazo</strong></p><p>Calcule o frete e o prazo de entrega informando seu CEP antes de finalizar a compra.</p><p><strong>💡 Dica</strong></p><p>Combine com <strong>copos</strong>, <strong>guardanapos</strong> e <strong>toalhas</strong> da mesma linha (Liso) para uma mesa completa e harmoniosa.</p><p><strong>❤️ Garanta o seu</strong></p><p>Garanta agora o <strong>Prato de Papel Liso - Preto</strong> e deixe sua comemoração ainda mais especial!</p>",Prato de papel descartável para festas: Prato de Papel Liso - Preto. Ideal para servir com praticidade e deixar a mesa harmoniosa.,95059000,,12.90,,,,,0,,,,,,,0,,,,,,
9883212,MX108R,,,Prato de Papel Liso - Roxo,/prato-papel-liso-roxo,"0,000",0.00,0.00,0.00,Prato de Papel Liso - Roxo | Descartável para Festa,"Prato de Papel Liso - Roxo. Prato descartável de papel, ideal para festas e eventos. Prático, resistente e fácil de combinar com a decoração.",,"<p><strong>✨ Descrição completa — Prato de Papel Liso - Roxo</strong></p><p>O <strong>Prato de Papel Liso - Roxo</strong> é ideal para compor mesas de festa com visual bonito e prático, perfeito para servir doces, salgados e pequenas porções com estilo.</p><p>Com tema <strong>Liso</strong> na cor <strong>Roxo</strong>, é uma ótima escolha para aniversários, festas temáticas, encontros em família e comemorações especiais.</p><p>Fabricado em <strong>Papel</strong> resistente, é prático e descartável, ajudando a organizar a mesa e facilitando a limpeza após a festa.</p><p><strong>🎉 Ideal para diversas ocasiões</strong></p><ul><li>Aniversários infantis e adultos</li><li>Festas temáticas (junina, country, floral, coloridas)</li><li>Comemorações e eventos</li></ul><p><strong>⭐ Por que escolher este produto?</strong></p><ul><li>Visual bonito e harmoniza com a decoração</li><li>Prático e descartável</li><li>Material resistente para o uso em festas</li></ul><p><strong>📋 Especificações do produto</strong></p><ul><li><strong>Material:</strong> Papel</li><li><strong>Tamanho:</strong> —</li><li><strong>Conteúdo da embalagem:</strong> —</li><li><strong>Tema/linha:</strong> Liso</li></ul><p><strong>ℹ️ Informações importantes</strong></p><ul><li>As cores podem variar levemente conforme a tela do dispositivo.</li><li>Produto descartável indicado para uso em festas e eventos.</li></ul><p><strong>🚚 Frete e prazo</strong></p><p>Calcule o frete e o prazo de entrega informando seu CEP antes de finalizar a compra.</p><p><strong>💡 Dica</strong></p><p>Combine com <strong>copos</strong>, <strong>guardanapos</strong> e <strong>toalhas</strong> da mesma linha (Liso) para uma mesa completa e harmoniosa.</p><p><strong>❤️ Garanta o seu</strong></p><p>Garanta agora o <strong>Prato de Papel Liso - Roxo</strong> e deixe sua comemoração ainda mais especial!</p>",Prato de papel descartável para festas: Prato de Papel Liso - Roxo. Ideal para servir com praticidade e deixar a mesa harmoniosa.,95059000,,14.90,,,,,0,,,,,,,10,,,,,,
9883190,MR033,,,Prato de Papel Liso - Verde Bandeira,/prato-papel-liso-verde-bandeira,"0,000",0.00,0.00,0.00,Prato de Papel Liso - Verde Bandeira | Descartável para Festa,"Prato de Papel Liso - Verde Bandeira. Prato descartável de papel, ideal para festas e eventos. Prático, resistente e fácil de combinar com a decoração.",,"<p><strong>✨ Descrição completa — Prato de Papel Liso - Verde Bandeira</strong></p><p>O <strong>Prato de Papel Liso - Verde Bandeira</strong> é ideal para compor mesas de festa com visual bonito e prático, perfeito para servir doces, salgados e pequenas porções com estilo.</p><p>Com tema <strong>Liso</strong> na cor <strong>Verde Bandeira</strong>, é uma ótima escolha para aniversários, festas temáticas, encontros em família e comemorações especiais.</p><p>Fabricado em <strong>Papel</strong> resistente, é prático e descartável, ajudando a organizar a mesa e facilitando a limpeza após a festa.</p><p><strong>🎉 Ideal para diversas ocasiões</strong></p><ul><li>Aniversários infantis e adultos</li><li>Festas temáticas (junina, country, floral, coloridas)</li><li>Comemorações e eventos</li></ul><p><strong>⭐ Por que escolher este produto?</strong></p><ul><li>Visual bonito e harmoniza com a decoração</li><li>Prático e descartável</li><li>Material resistente para o uso em festas</li></ul><p><strong>📋 Especificações do produto</strong></p><ul><li><strong>Material:</strong> Papel</li><li><strong>Tamanho:</strong> —</li><li><strong>Conteúdo da embalagem:</strong> —</li><li><strong>Tema/linha:</strong> Liso</li></ul><p><strong>ℹ️ Informações importantes</strong></p><ul><li>As cores podem variar levemente conforme a tela do dispositivo.</li><li>Produto descartável indicado para uso em festas e eventos.</li></ul><p><strong>🚚 Frete e prazo</strong></p><p>Calcule o frete e o prazo de entrega informando seu CEP antes de finalizar a compra.</p><p><strong>💡 Dica</strong></p><p>Combine com <strong>copos</strong>, <strong>guardanapos</strong> e <strong>toalhas</strong> da mesma linha (Liso) para uma mesa completa e harmoniosa.</p><p><strong>❤️ Garanta o seu</strong></p><p>Garanta agora o <strong>Prato de Papel Liso - Verde Bandeira</strong> e deixe sua comemoração ainda mais especial!</p>",Prato de papel descartável para festas: Prato de Papel Liso - Verde Bandeira. Ideal para servir com praticidade e deixar a mesa harmoniosa.,95059000,,12.90,,,,,0,,,,,,,10,,,,,,
9883189,MR032,,,Prato de Papel Liso - Verde Limao,/prato-papel-liso-verde-limao,"0,000",0.00,0.00,0.00,Prato de Papel Liso - Verde Limao | Descartável para Festa,"Prato de Papel Liso - Verde Limao. Prato descartável de papel, ideal para festas e eventos. Prático, resistente e fácil de combinar com a decoração.",,"<p><strong>✨ Descrição completa — Prato de Papel Liso - Verde Limao</strong></p><p>O <strong>Prato de Papel Liso - Verde Limao</strong> é ideal para compor mesas de festa com visual bonito e prático, perfeito para servir doces, salgados e pequenas porções com estilo.</p><p>Com tema <strong>Liso</strong> na cor <strong>Verde Limao</strong>, é uma ótima escolha para aniversários, festas temáticas, encontros em família e comemorações especiais.</p><p>Fabricado em <strong>Papel</strong> resistente, é prático e descartável, ajudando a organizar a mesa e facilitando a limpeza após a festa.</p><p><strong>🎉 Ideal para diversas ocasiões</strong></p><ul><li>Aniversários infantis e adultos</li><li>Festas temáticas (junina, country, floral, coloridas)</li><li>Comemorações e eventos</li></ul><p><strong>⭐ Por que escolher este produto?</strong></p><ul><li>Visual bonito e harmoniza com a decoração</li><li>Prático e descartável</li><li>Material resistente para o uso em festas</li></ul><p><strong>📋 Especificações do produto</strong></p><ul><li><strong>Material:</strong> Papel</li><li><strong>Tamanho:</strong> —</li><li><strong>Conteúdo da embalagem:</strong> —</li><li><strong>Tema/linha:</strong> Liso</li></ul><p><strong>ℹ️ Informações importantes</strong></p><ul><li>As cores podem variar levemente conforme a tela do dispositivo.</li><li>Produto descartável indicado para uso em festas e eventos.</li></ul><p><strong>🚚 Frete e prazo</strong></p><p>Calcule o frete e o prazo de entrega informando seu CEP antes de finalizar a compra.</p><p><strong>💡 Dica</strong></p><p>Combine com <strong>copos</strong>, <strong>guardanapos</strong> e <strong>toalhas</strong> da mesma linha (Liso) para uma mesa completa e harmoniosa.</p><p><strong>❤️ Garanta o seu</strong></p><p>Garanta agora o <strong>Prato de Papel Liso - Verde Limao</strong> e deixe sua comemoração ainda mais especial!</p>",Prato de papel descartável para festas: Prato de Papel Liso - Verde Limao. Ideal para servir com praticidade e deixar a mesa harmoniosa.,95059000,,14.90,,,,,0,,,,,,,12,,,,,,
9882952,240220471418092,,,Prato de Papel Listrado Azul Bebê,/prato-papel-listrado-azul-bebe,"0,000",0.00,0.00,0.00,Prato de Papel Listrado Azul Bebê | Descartável para Festa,"Prato de Papel Listrado Azul Bebê. Prato descartável de papel, ideal para festas e eventos. Prático, resistente e fácil de combinar com a decoração.",,"<p><strong>✨ Descrição completa — Prato de Papel Listrado Azul Bebê</strong></p><p>O <strong>Prato de Papel Listrado Azul Bebê</strong> é ideal para compor mesas de festa com visual bonito e prático, perfeito para servir doces, salgados e pequenas porções com estilo.</p><p>Com tema <strong>Listrado Azul Bebê</strong>, é uma ótima escolha para aniversários, festas temáticas, encontros em família e comemorações especiais.</p><p>Fabricado em <strong>Papel</strong> resistente, é prático e descartável, ajudando a organizar a mesa e facilitando a limpeza após a festa.</p><p><strong>🎉 Ideal para diversas ocasiões</strong></p><ul><li>Aniversários infantis e adultos</li><li>Festas temáticas (junina, country, floral, coloridas)</li><li>Comemorações e eventos</li></ul><p><strong>⭐ Por que escolher este produto?</strong></p><ul><li>Visual bonito e harmoniza com a decoração</li><li>Prático e descartável</li><li>Material resistente para o uso em festas</li></ul><p><strong>📋 Especificações do produto</strong></p><ul><li><strong>Material:</strong> Papel</li><li><strong>Tamanho:</strong> —</li><li><strong>Conteúdo da embalagem:</strong> —</li><li><strong>Tema/linha:</strong> Listrado Azul Bebê</li></ul><p><strong>ℹ️ Informações importantes</strong></p><ul><li>As cores podem variar levemente conforme a tela do dispositivo.</li><li>Produto descartável indicado para uso em festas e eventos.</li></ul><p><strong>🚚 Frete e prazo</strong></p><p>Calcule o frete e o prazo de entrega informando seu CEP antes de finalizar a compra.</p><p><strong>💡 Dica</strong></p><p>Combine com <strong>copos</strong>, <strong>guardanapos</strong> e <strong>toalhas</strong> da mesma linha (Listrado Azul Bebê) para uma mesa completa e harmoniosa.</p><p><strong>❤️ Garanta o seu</strong></p><p>Garanta agora o <strong>Prato de Papel Listrado Azul Bebê</strong> e deixe sua comemoração ainda mais especial!</p>",Prato de papel descartável para festas: Prato de Papel Listrado Azul Bebê. Ideal para servir com praticidade e deixar a mesa harmoniosa.,95059000,,14.90,,,,,0,,,,,,,1,,,,,,
9883457,MX111R,,,Prato de Papel Listras Candy Color,/prato-papel-listras-candy-color,"0,000",0.00,0.00,0.00,Prato de Papel Listras Candy Color | Descartável para Festa,"Prato de Papel Listras Candy Color. Prato descartável de papel, ideal para festas e eventos. Prático, resistente e fácil de combinar com a decoração.",,"<p><strong>✨ Descrição completa — Prato de Papel Listras Candy Color</strong></p><p>O <strong>Prato de Papel Listras Candy Color</strong> é ideal para compor mesas de festa com visual bonito e prático, perfeito para servir doces, salgados e pequenas porções com estilo.</p><p>Com tema <strong>Listras Candy Color</strong>, é uma ótima escolha para aniversários, festas temáticas, encontros em família e comemorações especiais.</p><p>Fabricado em <strong>Papel</strong> resistente, é prático e descartável, ajudando a organizar a mesa e facilitando a limpeza após a festa.</p><p><strong>🎉 Ideal para diversas ocasiões</strong></p><ul><li>Aniversários infantis e adultos</li><li>Festas temáticas (junina, country, floral, coloridas)</li><li>Comemorações e eventos</li></ul><p><strong>⭐ Por que escolher este produto?</strong></p><ul><li>Visual bonito e harmoniza com a decoração</li><li>Prático e descartável</li><li>Material resistente para o uso em festas</li></ul><p><strong>📋 Especificações do produto</strong></p><ul><li><strong>Material:</strong> Papel</li><li><strong>Tamanho:</strong> —</li><li><strong>Conteúdo da embalagem:</strong> —</li><li><strong>Tema/linha:</strong> Listras Candy Color</li></ul><p><strong>ℹ️ Informações importantes</strong></p><ul><li>As cores podem variar levemente conforme a tela do dispositivo.</li><li>Produto descartável indicado para uso em festas e eventos.</li></ul><p><strong>🚚 Frete e prazo</strong></p><p>Calcule o frete e o prazo de entrega informando seu CEP antes de finalizar a compra.</p><p><strong>💡 Dica</strong></p><p>Combine com <strong>copos</strong>, <strong>guardanapos</strong> e <strong>toalhas</strong> da mesma linha (Listras Candy Color) para uma mesa completa e harmoniosa.</p><p><strong>❤️ Garanta o seu</strong></p><p>Garanta agora o <strong>Prato de Papel Listras Candy Color</strong> e deixe sua comemoração ainda mais especial!</p>",Prato de papel descartável para festas: Prato de Papel Listras Candy Color. Ideal para servir com praticidade e deixar a mesa harmoniosa.,95059000,,3.77,,,,,0,,,,,,,4,,,,,,
9883181,MP042,,,Prato de Papel Listras Degrade Dourado,/prato-papel-listras-degrade-dourado,"0,000",0.00,0.00,0.00,Prato de Papel Listras Degrade Dourado | Descartável para Festa,"Prato de Papel Listras Degrade Dourado. Prato descartável de papel, ideal para festas e eventos. Prático, resistente e fácil de combinar com a decoração.",,"<p><strong>✨ Descrição completa — Prato de Papel Listras Degrade Dourado</strong></p><p>O <strong>Prato de Papel Listras Degrade Dourado</strong> é ideal para compor mesas de festa com visual bonito e prático, perfeito para servir doces, salgados e pequenas porções com estilo.</p><p>Com tema <strong>Listras Degrade Dourado</strong>, é uma ótima escolha para aniversários, festas temáticas, encontros em família e comemorações especiais.</p><p>Fabricado em <strong>Papel</strong> resistente, é prático e descartável, ajudando a organizar a mesa e facilitando a limpeza após a festa.</p><p><strong>🎉 Ideal para diversas ocasiões</strong></p><ul><li>Aniversários infantis e adultos</li><li>Festas temáticas (junina, country, floral, coloridas)</li><li>Comemorações e eventos</li></ul><p><strong>⭐ Por que escolher este produto?</strong></p><ul><li>Visual bonito e harmoniza com a decoração</li><li>Prático e descartável</li><li>Material resistente para o uso em festas</li></ul><p><strong>📋 Especificações do produto</strong></p><ul><li><strong>Material:</strong> Papel</li><li><strong>Tamanho:</strong> —</li><li><strong>Conteúdo da embalagem:</strong> —</li><li><strong>Tema/linha:</strong> Listras Degrade Dourado</li></ul><p><strong>ℹ️ Informações importantes</strong></p><ul><li>As cores podem variar levemente conforme a tela do dispositivo.</li><li>Produto descartável indicado para uso em festas e eventos.</li></ul><p><strong>🚚 Frete e prazo</strong></p><p>Calcule o frete e o prazo de entrega informando seu CEP antes de finalizar a compra.</p><p><strong>💡 Dica</strong></p><p>Combine com <strong>copos</strong>, <strong>guardanapos</strong> e <strong>toalhas</strong> da mesma linha (Listras Degrade Dourado) para uma mesa completa e harmoniosa.</p><p><strong>❤️ Garanta o seu</strong></p><p>Garanta agora o <strong>Prato de Papel Listras Degrade Dourado</strong> e deixe sua comemoração ainda mais especial!</p>",Prato de papel descartável para festas: Prato de Papel Listras Degrade Dourado. Ideal para servir com praticidade e deixar a mesa harmoniosa.,95059000,,16.90,,,,,0,,,,,,,3,,,,,,
9883183,MR007,,,Prato de Papel Poá - Amarelo,/prato-papel-poa-amarelo,"0,000",0.00,0.00,0.00,Prato de Papel Poá - Amarelo | Descartável para Festa,"Prato de Papel Poá - Amarelo. Prato descartável de papel, ideal para festas e eventos. Prático, resistente e fácil de combinar com a decoração.",,"<p><strong>✨ Descrição completa — Prato de Papel Poá - Amarelo</strong></p><p>O <strong>Prato de Papel Poá - Amarelo</strong> é ideal para compor mesas de festa com visual bonito e prático, perfeito para servir doces, salgados e pequenas porções com estilo.</p><p>Com tema <strong>Poá</strong> na cor <strong>Amarelo</strong>, é uma ótima escolha para aniversários, festas temáticas, encontros em família e comemorações especiais.</p><p>Fabricado em <strong>Papel</strong> resistente, é prático e descartável, ajudando a organizar a mesa e facilitando a limpeza após a festa.</p><p><strong>🎉 Ideal para diversas ocasiões</strong></p><ul><li>Aniversários infantis e adultos</li><li>Festas temáticas (junina, country, floral, coloridas)</li><li>Comemorações e eventos</li></ul><p><strong>⭐ Por que escolher este produto?</strong></p><ul><li>Visual bonito e harmoniza com a decoração</li><li>Prático e descartável</li><li>Material resistente para o uso em festas</li></ul><p><strong>📋 Especificações do produto</strong></p><ul><li><strong>Material:</strong> Papel</li><li><strong>Tamanho:</strong> —</li><li><strong>Conteúdo da embalagem:</strong> —</li><li><strong>Tema/linha:</strong> Poá</li></ul><p><strong>ℹ️ Informações importantes</strong></p><ul><li>As cores podem variar levemente conforme a tela do dispositivo.</li><li>Produto descartável indicado para uso em festas e eventos.</li></ul><p><strong>🚚 Frete e prazo</strong></p><p>Calcule o frete e o prazo de entrega informando seu CEP antes de finalizar a compra.</p><p><strong>💡 Dica</strong></p><p>Combine com <strong>copos</strong>, <strong>guardanapos</strong> e <strong>toalhas</strong> da mesma linha (Poá) para uma mesa completa e harmoniosa.</p><p><strong>❤️ Garanta o seu</strong></p><p>Garanta agora o <strong>Prato de Papel Poá - Amarelo</strong> e deixe sua comemoração ainda mais especial!</p>",Prato de papel descartável para festas: Prato de Papel Poá - Amarelo. Ideal para servir com praticidade e deixar a mesa harmoniosa.,95059000,,12.90,,,,,0,,,,,,,5,,,,,,
9883176,MP001,,,Prato de Papel Poá - Dourado,/prato-papel-poa-dourado,"0,000",0.00,0.00,0.00,Prato de Papel Poá - Dourado | Descartável para Festa,"Prato de Papel Poá - Dourado. Prato descartável de papel, ideal para festas e eventos. Prático, resistente e fácil de combinar com a decoração.",,"<p><strong>✨ Descrição completa — Prato de Papel Poá - Dourado</strong></p><p>O <strong>Prato de Papel Poá - Dourado</strong> é ideal para compor mesas de festa com visual bonito e prático, perfeito para servir doces, salgados e pequenas porções com estilo.</p><p>Com tema <strong>Poá</strong> na cor <strong>Dourado</strong>, é uma ótima escolha para aniversários, festas temáticas, encontros em família e comemorações especiais.</p><p>Fabricado em <strong>Papel</strong> resistente, é prático e descartável, ajudando a organizar a mesa e facilitando a limpeza após a festa.</p><p><strong>🎉 Ideal para diversas ocasiões</strong></p><ul><li>Aniversários infantis e adultos</li><li>Festas temáticas (junina, country, floral, coloridas)</li><li>Comemorações e eventos</li></ul><p><strong>⭐ Por que escolher este produto?</strong></p><ul><li>Visual bonito e harmoniza com a decoração</li><li>Prático e descartável</li><li>Material resistente para o uso em festas</li></ul><p><strong>📋 Especificações do produto</strong></p><ul><li><strong>Material:</strong> Papel</li><li><strong>Tamanho:</strong> —</li><li><strong>Conteúdo da embalagem:</strong> —</li><li><strong>Tema/linha:</strong> Poá</li></ul><p><strong>ℹ️ Informações importantes</strong></p><ul><li>As cores podem variar levemente conforme a tela do dispositivo.</li><li>Produto descartável indicado para uso em festas e eventos.</li></ul><p><strong>🚚 Frete e prazo</strong></p><p>Calcule o frete e o prazo de entrega informando seu CEP antes de finalizar a compra.</p><p><strong>💡 Dica</strong></p><p>Combine com <strong>copos</strong>, <strong>guardanapos</strong> e <strong>toalhas</strong> da mesma linha (Poá) para uma mesa completa e harmoniosa.</p><p><strong>❤️ Garanta o seu</strong></p><p>Garanta agora o <strong>Prato de Papel Poá - Dourado</strong> e deixe sua comemoração ainda mais especial!</p>",Prato de papel descartável para festas: Prato de Papel Poá - Dourado. Ideal para servir com praticidade e deixar a mesa harmoniosa.,95059000,,16.90,,,,,0,,,,,,,0,,,,,,
9883455,MX009R,,,Prato de Papel Poá - Rosa Bebê,/prato-papel-poa-rosa-bebe,"0,000",0.00,0.00,0.00,Prato de Papel Poá - Rosa Bebê | Descartável para Festa,"Prato de Papel Poá - Rosa Bebê. Prato descartável de papel, ideal para festas e eventos. Prático, resistente e fácil de combinar com a decoração.",,"<p><strong>✨ Descrição completa — Prato de Papel Poá - Rosa Bebê</strong></p><p>O <strong>Prato de Papel Poá - Rosa Bebê</strong> é ideal para compor mesas de festa com visual bonito e prático, perfeito para servir doces, salgados e pequenas porções com estilo.</p><p>Com tema <strong>Poá</strong> na cor <strong>Rosa Bebê</strong>, é uma ótima escolha para aniversários, festas temáticas, encontros em família e comemorações especiais.</p><p>Fabricado em <strong>Papel</strong> resistente, é prático e descartável, ajudando a organizar a mesa e facilitando a limpeza após a festa.</p><p><strong>🎉 Ideal para diversas ocasiões</strong></p><ul><li>Aniversários infantis e adultos</li><li>Festas temáticas (junina, country, floral, coloridas)</li><li>Comemorações e eventos</li></ul><p><strong>⭐ Por que escolher este produto?</strong></p><ul><li>Visual bonito e harmoniza com a decoração</li><li>Prático e descartável</li><li>Material resistente para o uso em festas</li></ul><p><strong>📋 Especificações do produto</strong></p><ul><li><strong>Material:</strong> Papel</li><li><strong>Tamanho:</strong> —</li><li><strong>Conteúdo da embalagem:</strong> —</li><li><strong>Tema/linha:</strong> Poá</li></ul><p><strong>ℹ️ Informações importantes</strong></p><ul><li>As cores podem variar levemente conforme a tela do dispositivo.</li><li>Produto descartável indicado para uso em festas e eventos.</li></ul><p><strong>🚚 Frete e prazo</strong></p><p>Calcule o frete e o prazo de entrega informando seu CEP antes de finalizar a compra.</p><p><strong>💡 Dica</strong></p><p>Combine com <strong>copos</strong>, <strong>guardanapos</strong> e <strong>toalhas</strong> da mesma linha (Poá) para uma mesa completa e harmoniosa.</p><p><strong>❤️ Garanta o seu</strong></p><p>Garanta agora o <strong>Prato de Papel Poá - Rosa Bebê</strong> e deixe sua comemoração ainda mais especial!</p>",Prato de papel descartável para festas: Prato de Papel Poá - Rosa Bebê. Ideal para servir com praticidade e deixar a mesa harmoniosa.,95059000,,14.90,,,,,0,,,,,,,5,,,,,,
9883182,MR006,,,Prato de Papel Poá - Vermelho – - 18cm - 10 Unidades,/prato-papel-poa-vermelho,"0,000",0.00,0.00,0.00,Prato de Papel Poá - Vermelho – - 18cm - 10 Unidades | Descartável para Festa,"Prato de Papel Poá - Vermelho – - 18cm - 10 Unidades. Prato descartável de papel, ideal para festas e eventos. Prático, resistente e fácil de combinar com a decoração.",,"<p><strong>✨ Descrição completa — Prato de Papel Poá - Vermelho – - 18cm - 10 Unidades</strong></p><p>O <strong>Prato de Papel Poá - Vermelho – - 18cm - 10 Unidades</strong> é ideal para compor mesas de festa com visual bonito e prático, perfeito para servir doces, salgados e pequenas porções com estilo.</p><p>Com tema <strong>Poá</strong> na cor <strong>Vermelho –</strong>, é uma ótima escolha para aniversários, festas temáticas, encontros em família e comemorações especiais.</p><p>Fabricado em <strong>Papel</strong> resistente, é prático e descartável, ajudando a organizar a mesa e facilitando a limpeza após a festa.</p><p><strong>🎉 Ideal para diversas ocasiões</strong></p><ul><li>Aniversários infantis e adultos</li><li>Festas temáticas (junina, country, floral, coloridas)</li><li>Comemorações e eventos</li></ul><p><strong>⭐ Por que escolher este produto?</strong></p><ul><li>Visual bonito e harmoniza com a decoração</li><li>Prático e descartável</li><li>Material resistente para o uso em festas</li></ul><p><strong>📋 Especificações do produto</strong></p><ul><li><strong>Material:</strong> Papel</li><li><strong>Tamanho:</strong> 18cm</li><li><strong>Conteúdo da embalagem:</strong> 10 Unidades</li><li><strong>Tema/linha:</strong> Poá</li></ul><p><strong>ℹ️ Informações importantes</strong></p><ul><li>As cores podem variar levemente conforme a tela do dispositivo.</li><li>Produto descartável indicado para uso em festas e eventos.</li></ul><p><strong>🚚 Frete e prazo</strong></p><p>Calcule o frete e o prazo de entrega informando seu CEP antes de finalizar a compra.</p><p><strong>💡 Dica</strong></p><p>Combine com <strong>copos</strong>, <strong>guardanapos</strong> e <strong>toalhas</strong> da mesma linha (Poá) para uma mesa completa e harmoniosa.</p><p><strong>❤️ Garanta o seu</strong></p><p>Garanta agora o <strong>Prato de Papel Poá - Vermelho – - 18cm - 10 Unidades</strong> e deixe sua comemoração ainda mais especial!</p>",Prato de papel descartável para festas: Prato de Papel Poá - Vermelho – - 18cm - 10 Unidades. Ideal para servir com praticidade e deixar a mesa harmoniosa.,95059000,,12.90,,,,,0,,,,,,,0,,,,,,
9883217,MY074P,,,Prato de Papel - Prata,/prato-papel-prata,"0,000",0.00,0.00,0.00,Prato de Papel - Prata | Descartável para Festa,"Prato de Papel - Prata. Prato descartável de papel, ideal para festas e eventos. Prático, resistente e fácil de combinar com a decoração.",,"<p><strong>✨ Descrição completa — Prato de Papel - Prata</strong></p><p>O <strong>Prato de Papel - Prata</strong> é ideal para compor mesas de festa com visual bonito e prático, perfeito para servir doces, salgados e pequenas porções com estilo.</p><p>Com tema <strong>Papel</strong> na cor <strong>Prata</strong>, é uma ótima escolha para aniversários, festas temáticas, encontros em família e comemorações especiais.</p><p>Fabricado em <strong>Papel</strong> resistente, é prático e descartável, ajudando a organizar a mesa e facilitando a limpeza após a festa.</p><p><strong>🎉 Ideal para diversas ocasiões</strong></p><ul><li>Aniversários infantis e adultos</li><li>Festas temáticas (junina, country, floral, coloridas)</li><li>Comemorações e eventos</li></ul><p><strong>⭐ Por que escolher este produto?</strong></p><ul><li>Visual bonito e harmoniza com a decoração</li><li>Prático e descartável</li><li>Material resistente para o uso em festas</li></ul><p><strong>📋 Especificações do produto</strong></p><ul><li><strong>Material:</strong> Papel</li><li><strong>Tamanho:</strong> —</li><li><strong>Conteúdo da embalagem:</strong> —</li><li><strong>Tema/linha:</strong> Papel</li></ul><p><strong>ℹ️ Informações importantes</strong></p><ul><li>As cores podem variar levemente conforme a tela do dispositivo.</li><li>Produto descartável indicado para uso em festas e eventos.</li></ul><p><strong>🚚 Frete e prazo</strong></p><p>Calcule o frete e o prazo de entrega informando seu CEP antes de finalizar a compra.</p><p><strong>💡 Dica</strong></p><p>Combine com <strong>copos</strong>, <strong>guardanapos</strong> e <strong>toalhas</strong> da mesma linha (Papel) para uma mesa completa e harmoniosa.</p><p><strong>❤️ Garanta o seu</strong></p><p>Garanta agora o <strong>Prato de Papel - Prata</strong> e deixe sua comemoração ainda mais especial!</p>",Prato de papel descartável para festas: Prato de Papel - Prata. Ideal para servir com praticidade e deixar a mesa harmoniosa.,95059000,,16.90,,,,,0,,,,,,,0,,,,,,
9883446,HA238,,,Prato de Papel Retangular Dourado,/prato-papel-retangular-dourado,"0,000",0.00,0.00,0.00,Prato de Papel Retangular Dourado | Descartável para Festa,"Prato de Papel Retangular Dourado. Prato descartável de papel, ideal para festas e eventos. Prático, resistente e fácil de combinar com a decoração.",,"<p><strong>✨ Descrição completa — Prato de Papel Retangular Dourado</strong></p><p>O <strong>Prato de Papel Retangular Dourado</strong> é ideal para compor mesas de festa com visual bonito e prático, perfeito para servir doces, salgados e pequenas porções com estilo.</p><p>Com tema <strong>Retangular Dourado</strong>, é uma ótima escolha para aniversários, festas temáticas, encontros em família e comemorações especiais.</p><p>Fabricado em <strong>Papel</strong> resistente, é prático e descartável, ajudando a organizar a mesa e facilitando a limpeza após a festa.</p><p><strong>🎉 Ideal para diversas ocasiões</strong></p><ul><li>Aniversários infantis e adultos</li><li>Festas temáticas (junina, country, floral, coloridas)</li><li>Comemorações e eventos</li></ul><p><strong>⭐ Por que escolher este produto?</strong></p><ul><li>Visual bonito e harmoniza com a decoração</li><li>Prático e descartável</li><li>Material resistente para o uso em festas</li></ul><p><strong>📋 Especificações do produto</strong></p><ul><li><strong>Material:</strong> Papel</li><li><strong>Tamanho:</strong> —</li><li><strong>Conteúdo da embalagem:</strong> —</li><li><strong>Tema/linha:</strong> Retangular Dourado</li></ul><p><strong>ℹ️ Informações importantes</strong></p><ul><li>As cores podem variar levemente conforme a tela do dispositivo.</li><li>Produto descartável indicado para uso em festas e eventos.</li></ul><p><strong>🚚 Frete e prazo</strong></p><p>Calcule o frete e o prazo de entrega informando seu CEP antes de finalizar a compra.</p><p><strong>💡 Dica</strong></p><p>Combine com <strong>copos</strong>, <strong>guardanapos</strong> e <strong>toalhas</strong> da mesma linha (Retangular Dourado) para uma mesa completa e harmoniosa.</p><p><strong>❤️ Garanta o seu</strong></p><p>Garanta agora o <strong>Prato de Papel Retangular Dourado</strong> e deixe sua comemoração ainda mais especial!</p>",Prato de papel descartável para festas: Prato de Papel Retangular Dourado. Ideal para servir com praticidade e deixar a mesa harmoniosa.,95059000,,18.90,,,,,0,,,,,,,8,,,,,,
9882988,240220472012859,,,Prato de Papel Retangular Furtacor,/prato-papel-retangular-furtacor,"0,000",0.00,0.00,0.00,Prato de Papel Retangular Furtacor | Descartável para Festa,"Prato de Papel Retangular Furtacor. Prato descartável de papel, ideal para festas e eventos. Prático, resistente e fácil de combinar com a decoração.",,"<p><strong>✨ Descrição completa — Prato de Papel Retangular Furtacor</strong></p><p>O <strong>Prato de Papel Retangular Furtacor</strong> é ideal para compor mesas de festa com visual bonito e prático, perfeito para servir doces, salgados e pequenas porções com estilo.</p><p>Com tema <strong>Retangular Furtacor</strong>, é uma ótima escolha para aniversários, festas temáticas, encontros em família e comemorações especiais.</p><p>Fabricado em <strong>Papel</strong> resistente, é prático e descartável, ajudando a organizar a mesa e facilitando a limpeza após a festa.</p><p><strong>🎉 Ideal para diversas ocasiões</strong></p><ul><li>Aniversários infantis e adultos</li><li>Festas temáticas (junina, country, floral, coloridas)</li><li>Comemorações e eventos</li></ul><p><strong>⭐ Por que escolher este produto?</strong></p><ul><li>Visual bonito e harmoniza com a decoração</li><li>Prático e descartável</li><li>Material resistente para o uso em festas</li></ul><p><strong>📋 Especificações do produto</strong></p><ul><li><strong>Material:</strong> Papel</li><li><strong>Tamanho:</strong> —</li><li><strong>Conteúdo da embalagem:</strong> —</li><li><strong>Tema/linha:</strong> Retangular Furtacor</li></ul><p><strong>ℹ️ Informações importantes</strong></p><ul><li>As cores podem variar levemente conforme a tela do dispositivo.</li><li>Produto descartável indicado para uso em festas e eventos.</li></ul><p><strong>🚚 Frete e prazo</strong></p><p>Calcule o frete e o prazo de entrega informando seu CEP antes de finalizar a compra.</p><p><strong>💡 Dica</strong></p><p>Combine com <strong>copos</strong>, <strong>guardanapos</strong> e <strong>toalhas</strong> da mesma linha (Retangular Furtacor) para uma mesa completa e harmoniosa.</p><p><strong>❤️ Garanta o seu</strong></p><p>Garanta agora o <strong>Prato de Papel Retangular Furtacor</strong> e deixe sua comemoração ainda mais especial!</p>",Prato de papel descartável para festas: Prato de Papel Retangular Furtacor. Ideal para servir com praticidade e deixar a mesa harmoniosa.,95059000,,18.90,,,,,0,,,,,,,3,,,,,,
9883210,MX103R,,,Prato de Papel - Safari,/prato-papel-safari,"0,000",0.00,0.00,0.00,Prato de Papel - Safari | Descartável para Festa,"Prato de Papel - Safari. Prato descartável de papel, ideal para festas e eventos. Prático, resistente e fácil de combinar com a decoração.",,"<p><strong>✨ Descrição completa — Prato de Papel - Safari</strong></p><p>O <strong>Prato de Papel - Safari</strong> é ideal para compor mesas de festa com visual bonito e prático, perfeito para servir doces, salgados e pequenas porções com estilo.</p><p>Com tema <strong>Papel</strong> na cor <strong>Safari</strong>, é uma ótima escolha para aniversários, festas temáticas, encontros em família e comemorações especiais.</p><p>Fabricado em <strong>Papel</strong> resistente, é prático e descartável, ajudando a organizar a mesa e facilitando a limpeza após a festa.</p><p><strong>🎉 Ideal para diversas ocasiões</strong></p><ul><li>Aniversários infantis e adultos</li><li>Festas temáticas (junina, country, floral, coloridas)</li><li>Comemorações e eventos</li></ul><p><strong>⭐ Por que escolher este produto?</strong></p><ul><li>Visual bonito e harmoniza com a decoração</li><li>Prático e descartável</li><li>Material resistente para o uso em festas</li></ul><p><strong>📋 Especificações do produto</strong></p><ul><li><strong>Material:</strong> Papel</li><li><strong>Tamanho:</strong> —</li><li><strong>Conteúdo da embalagem:</strong> —</li><li><strong>Tema/linha:</strong> Papel</li></ul><p><strong>ℹ️ Informações importantes</strong></p><ul><li>As cores podem variar levemente conforme a tela do dispositivo.</li><li>Produto descartável indicado para uso em festas e eventos.</li></ul><p><strong>🚚 Frete e prazo</strong></p><p>Calcule o frete e o prazo de entrega informando seu CEP antes de finalizar a compra.</p><p><strong>💡 Dica</strong></p><p>Combine com <strong>copos</strong>, <strong>guardanapos</strong> e <strong>toalhas</strong> da mesma linha (Papel) para uma mesa completa e harmoniosa.</p><p><strong>❤️ Garanta o seu</strong></p><p>Garanta agora o <strong>Prato de Papel - Safari</strong> e deixe sua comemoração ainda mais especial!</p>",Prato de papel descartável para festas: Prato de Papel - Safari. Ideal para servir com praticidade e deixar a mesa harmoniosa.,95059000,,16.90,,,,,0,,,,,,,1,,,,,,
9883458,MX054R,,,Prato de Papel Xadrez Azul Junina,/prato-papel-xadrez-azul-junina,"0,000",0.00,0.00,0.00,Prato de Papel Xadrez Azul Junina | Descartável para Festa,"Prato de Papel Xadrez Azul Junina. Prato descartável de papel, ideal para festas e eventos. Prático, resistente e fácil de combinar com a decoração.",,"<p><strong>✨ Descrição completa — Prato de Papel Xadrez Azul Junina</strong></p><p>O <strong>Prato de Papel Xadrez Azul Junina</strong> é ideal para compor mesas de festa com visual bonito e prático, perfeito para servir doces, salgados e pequenas porções com estilo.</p><p>Com tema <strong>Xadrez Azul Junina</strong>, é uma ótima escolha para aniversários, festas temáticas, encontros em família e comemorações especiais.</p><p>Fabricado em <strong>Papel</strong> resistente, é prático e descartável, ajudando a organizar a mesa e facilitando a limpeza após a festa.</p><p><strong>🎉 Ideal para diversas ocasiões</strong></p><ul><li>Aniversários infantis e adultos</li><li>Festas temáticas (junina, country, floral, coloridas)</li><li>Comemorações e eventos</li></ul><p><strong>⭐ Por que escolher este produto?</strong></p><ul><li>Visual bonito e harmoniza com a decoração</li><li>Prático e descartável</li><li>Material resistente para o uso em festas</li></ul><p><strong>📋 Especificações do produto</strong></p><ul><li><strong>Material:</strong> Papel</li><li><strong>Tamanho:</strong> —</li><li><strong>Conteúdo da embalagem:</strong> —</li><li><strong>Tema/linha:</strong> Xadrez Azul Junina</li></ul><p><strong>ℹ️ Informações importantes</strong></p><ul><li>As cores podem variar levemente conforme a tela do dispositivo.</li><li>Produto descartável indicado para uso em festas e eventos.</li></ul><p><strong>🚚 Frete e prazo</strong></p><p>Calcule o frete e o prazo de entrega informando seu CEP antes de finalizar a compra.</p><p><strong>💡 Dica</strong></p><p>Combine com <strong>copos</strong>, <strong>guardanapos</strong> e <strong>toalhas</strong> da mesma linha (Xadrez Azul Junina) para uma mesa completa e harmoniosa.</p><p><strong>❤️ Garanta o seu</strong></p><p>Garanta agora o <strong>Prato de Papel Xadrez Azul Junina</strong> e deixe sua comemoração ainda mais especial!</p>",Prato de papel descartável para festas: Prato de Papel Xadrez Azul Junina. Ideal para servir com praticidade e deixar a mesa harmoniosa.,95059000,,14.90,,,,,0,,,,,,,3,,,,,,
9883178,MP025,,,Prato de Papel Xadrez Bronze,/prato-papel-xadrez-bronze,"0,000",0.00,0.00,0.00,Prato de Papel Xadrez Bronze | Descartável para Festa,"Prato de Papel Xadrez Bronze. Prato descartável de papel, ideal para festas e eventos. Prático, resistente e fácil de combinar com a decoração.",,"<p><strong>✨ Descrição completa — Prato de Papel Xadrez Bronze</strong></p><p>O <strong>Prato de Papel Xadrez Bronze</strong> é ideal para compor mesas de festa com visual bonito e prático, perfeito para servir doces, salgados e pequenas porções com estilo.</p><p>Com tema <strong>Xadrez Bronze</strong>, é uma ótima escolha para aniversários, festas temáticas, encontros em família e comemorações especiais.</p><p>Fabricado em <strong>Papel</strong> resistente, é prático e descartável, ajudando a organizar a mesa e facilitando a limpeza após a festa.</p><p><strong>🎉 Ideal para diversas ocasiões</strong></p><ul><li>Aniversários infantis e adultos</li><li>Festas temáticas (junina, country, floral, coloridas)</li><li>Comemorações e eventos</li></ul><p><strong>⭐ Por que escolher este produto?</strong></p><ul><li>Visual bonito e harmoniza com a decoração</li><li>Prático e descartável</li><li>Material resistente para o uso em festas</li></ul><p><strong>📋 Especificações do produto</strong></p><ul><li><strong>Material:</strong> Papel</li><li><strong>Tamanho:</strong> —</li><li><strong>Conteúdo da embalagem:</strong> —</li><li><strong>Tema/linha:</strong> Xadrez Bronze</li></ul><p><strong>ℹ️ Informações importantes</strong></p><ul><li>As cores podem variar levemente conforme a tela do dispositivo.</li><li>Produto descartável indicado para uso em festas e eventos.</li></ul><p><strong>🚚 Frete e prazo</strong></p><p>Calcule o frete e o prazo de entrega informando seu CEP antes de finalizar a compra.</p><p><strong>💡 Dica</strong></p><p>Combine com <strong>copos</strong>, <strong>guardanapos</strong> e <strong>toalhas</strong> da mesma linha (Xadrez Bronze) para uma mesa completa e harmoniosa.</p><p><strong>❤️ Garanta o seu</strong></p><p>Garanta agora o <strong>Prato de Papel Xadrez Bronze</strong> e deixe sua comemoração ainda mais especial!</p>",Prato de papel descartável para festas: Prato de Papel Xadrez Bronze. Ideal para servir com praticidade e deixar a mesa harmoniosa.,95059000,,16.90,,,,,0,,,,,,,0,,,,,,
9883448,MW024P,,,Prato de Papel Xadrez Dourado,/prato-papel-xadrez-dourado,"0,000",0.00,0.00,0.00,Prato de Papel Xadrez Dourado | Descartável para Festa,"Prato de Papel Xadrez Dourado. Prato descartável de papel, ideal para festas e eventos. Prático, resistente e fácil de combinar com a decoração.",,"<p><strong>✨ Descrição completa — Prato de Papel Xadrez Dourado</strong></p><p>O <strong>Prato de Papel Xadrez Dourado</strong> é ideal para compor mesas de festa com visual bonito e prático, perfeito para servir doces, salgados e pequenas porções com estilo.</p><p>Com tema <strong>Xadrez Dourado</strong>, é uma ótima escolha para aniversários, festas temáticas, encontros em família e comemorações especiais.</p><p>Fabricado em <strong>Papel</strong> resistente, é prático e descartável, ajudando a organizar a mesa e facilitando a limpeza após a festa.</p><p><strong>🎉 Ideal para diversas ocasiões</strong></p><ul><li>Aniversários infantis e adultos</li><li>Festas temáticas (junina, country, floral, coloridas)</li><li>Comemorações e eventos</li></ul><p><strong>⭐ Por que escolher este produto?</strong></p><ul><li>Visual bonito e harmoniza com a decoração</li><li>Prático e descartável</li><li>Material resistente para o uso em festas</li></ul><p><strong>📋 Especificações do produto</strong></p><ul><li><strong>Material:</strong> Papel</li><li><strong>Tamanho:</strong> —</li><li><strong>Conteúdo da embalagem:</strong> —</li><li><strong>Tema/linha:</strong> Xadrez Dourado</li></ul><p><strong>ℹ️ Informações importantes</strong></p><ul><li>As cores podem variar levemente conforme a tela do dispositivo.</li><li>Produto descartável indicado para uso em festas e eventos.</li></ul><p><strong>🚚 Frete e prazo</strong></p><p>Calcule o frete e o prazo de entrega informando seu CEP antes de finalizar a compra.</p><p><strong>💡 Dica</strong></p><p>Combine com <strong>copos</strong>, <strong>guardanapos</strong> e <strong>toalhas</strong> da mesma linha (Xadrez Dourado) para uma mesa completa e harmoniosa.</p><p><strong>❤️ Garanta o seu</strong></p><p>Garanta agora o <strong>Prato de Papel Xadrez Dourado</strong> e deixe sua comemoração ainda mais especial!</p>",Prato de papel descartável para festas: Prato de Papel Xadrez Dourado. Ideal para servir com praticidade e deixar a mesa harmoniosa.,95059000,,18.90,,,,,0,,,,,,,9,,,,,,
9883447,MW026P,,,Prato de Papel Xadrez Prateado,/prato-papel-xadrez-prateado,"0,000",0.00,0.00,0.00,Prato de Papel Xadrez Prateado | Descartável para Festa,"Prato de Papel Xadrez Prateado. Prato descartável de papel, ideal para festas e eventos. Prático, resistente e fácil de combinar com a decoração.",,"<p><strong>✨ Descrição completa — Prato de Papel Xadrez Prateado</strong></p><p>O <strong>Prato de Papel Xadrez Prateado</strong> é ideal para compor mesas de festa com visual bonito e prático, perfeito para servir doces, salgados e pequenas porções com estilo.</p><p>Com tema <strong>Xadrez Prateado</strong>, é uma ótima escolha para aniversários, festas temáticas, encontros em família e comemorações especiais.</p><p>Fabricado em <strong>Papel</strong> resistente, é prático e descartável, ajudando a organizar a mesa e facilitando a limpeza após a festa.</p><p><strong>🎉 Ideal para diversas ocasiões</strong></p><ul><li>Aniversários infantis e adultos</li><li>Festas temáticas (junina, country, floral, coloridas)</li><li>Comemorações e eventos</li></ul><p><strong>⭐ Por que escolher este produto?</strong></p><ul><li>Visual bonito e harmoniza com a decoração</li><li>Prático e descartável</li><li>Material resistente para o uso em festas</li></ul><p><strong>📋 Especificações do produto</strong></p><ul><li><strong>Material:</strong> Papel</li><li><strong>Tamanho:</strong> —</li><li><strong>Conteúdo da embalagem:</strong> —</li><li><strong>Tema/linha:</strong> Xadrez Prateado</li></ul><p><strong>ℹ️ Informações importantes</strong></p><ul><li>As cores podem variar levemente conforme a tela do dispositivo.</li><li>Produto descartável indicado para uso em festas e eventos.</li></ul><p><strong>🚚 Frete e prazo</strong></p><p>Calcule o frete e o prazo de entrega informando seu CEP antes de finalizar a compra.</p><p><strong>💡 Dica</strong></p><p>Combine com <strong>copos</strong>, <strong>guardanapos</strong> e <strong>toalhas</strong> da mesma linha (Xadrez Prateado) para uma mesa completa e harmoniosa.</p><p><strong>❤️ Garanta o seu</strong></p><p>Garanta agora o <strong>Prato de Papel Xadrez Prateado</strong> e deixe sua comemoração ainda mais especial!</p>",Prato de papel descartável para festas: Prato de Papel Xadrez Prateado. Ideal para servir com praticidade e deixar a mesa harmoniosa.,95059000,,14.90,,,,,0,,,,,,,3,,,,,,
9883460,MX113R,,,Prato de Papel Xadrez Verde,/prato-papel-xadrez-verde,"0,000",0.00,0.00,0.00,Prato de Papel Xadrez Verde | Descartável para Festa,"Prato de Papel Xadrez Verde. Prato descartável de papel, ideal para festas e eventos. Prático, resistente e fácil de combinar com a decoração.",,"<p><strong>✨ Descrição completa — Prato de Papel Xadrez Verde</strong></p><p>O <strong>Prato de Papel Xadrez Verde</strong> é ideal para compor mesas de festa com visual bonito e prático, perfeito para servir doces, salgados e pequenas porções com estilo.</p><p>Com tema <strong>Xadrez Verde</strong>, é uma ótima escolha para aniversários, festas temáticas, encontros em família e comemorações especiais.</p><p>Fabricado em <strong>Papel</strong> resistente, é prático e descartável, ajudando a organizar a mesa e facilitando a limpeza após a festa.</p><p><strong>🎉 Ideal para diversas ocasiões</strong></p><ul><li>Aniversários infantis e adultos</li><li>Festas temáticas (junina, country, floral, coloridas)</li><li>Comemorações e eventos</li></ul><p><strong>⭐ Por que escolher este produto?</strong></p><ul><li>Visual bonito e harmoniza com a decoração</li><li>Prático e descartável</li><li>Material resistente para o uso em festas</li></ul><p><strong>📋 Especificações do produto</strong></p><ul><li><strong>Material:</strong> Papel</li><li><strong>Tamanho:</strong> —</li><li><strong>Conteúdo da embalagem:</strong> —</li><li><strong>Tema/linha:</strong> Xadrez Verde</li></ul><p><strong>ℹ️ Informações importantes</strong></p><ul><li>As cores podem variar levemente conforme a tela do dispositivo.</li><li>Produto descartável indicado para uso em festas e eventos.</li></ul><p><strong>🚚 Frete e prazo</strong></p><p>Calcule o frete e o prazo de entrega informando seu CEP antes de finalizar a compra.</p><p><strong>💡 Dica</strong></p><p>Combine com <strong>copos</strong>, <strong>guardanapos</strong> e <strong>toalhas</strong> da mesma linha (Xadrez Verde) para uma mesa completa e harmoniosa.</p><p><strong>❤️ Garanta o seu</strong></p><p>Garanta agora o <strong>Prato de Papel Xadrez Verde</strong> e deixe sua comemoração ainda mais especial!</p>",Prato de papel descartável para festas: Prato de Papel Xadrez Verde. Ideal para servir com praticidade e deixar a mesa harmoniosa.,95059000,,14.90,,,,,0,,,,,,,3,,,,,,
9882966,240220471637749,,,Prato de Papel Liso - Pink,/vela-design-branco-perolizada-numero-5,"0,000",0.00,0.00,0.00,Prato de Papel Liso - Pink | Descartável para Festa,"Prato de Papel Liso - Pink. Prato descartável de papel, ideal para festas e eventos. Prático, resistente e fácil de combinar com a decoração.",,"<p><strong>✨ Descrição completa — Prato de Papel Liso - Pink</strong></p><p>O <strong>Prato de Papel Liso - Pink</strong> é ideal para compor mesas de festa com visual bonito e prático, perfeito para servir doces, salgados e pequenas porções com estilo.</p><p>Com tema <strong>Liso</strong> na cor <strong>Pink</strong>, é uma ótima escolha para aniversários, festas temáticas, encontros em família e comemorações especiais.</p><p>Fabricado em <strong>Papel</strong> resistente, é prático e descartável, ajudando a organizar a mesa e facilitando a limpeza após a festa.</p><p><strong>🎉 Ideal para diversas ocasiões</strong></p><ul><li>Aniversários infantis e adultos</li><li>Festas temáticas (junina, country, floral, coloridas)</li><li>Comemorações e eventos</li></ul><p><strong>⭐ Por que escolher este produto?</strong></p><ul><li>Visual bonito e harmoniza com a decoração</li><li>Prático e descartável</li><li>Material resistente para o uso em festas</li></ul><p><strong>📋 Especificações do produto</strong></p><ul><li><strong>Material:</strong> Papel</li><li><strong>Tamanho:</strong> —</li><li><strong>Conteúdo da embalagem:</strong> —</li><li><strong>Tema/linha:</strong> Liso</li></ul><p><strong>ℹ️ Informações importantes</strong></p><ul><li>As cores podem variar levemente conforme a tela do dispositivo.</li><li>Produto descartável indicado para uso em festas e eventos.</li></ul><p><strong>🚚 Frete e prazo</strong></p><p>Calcule o frete e o prazo de entrega informando seu CEP antes de finalizar a compra.</p><p><strong>💡 Dica</strong></p><p>Combine com <strong>copos</strong>, <strong>guardanapos</strong> e <strong>toalhas</strong> da mesma linha (Liso) para uma mesa completa e harmoniosa.</p><p><strong>❤️ Garanta o seu</strong></p><p>Garanta agora o <strong>Prato de Papel Liso - Pink</strong> e deixe sua comemoração ainda mais especial!</p>",Prato de papel descartável para festas: Prato de Papel Liso - Pink. Ideal para servir com praticidade e deixar a mesa harmoniosa.,95059000,,14.90,,,,,0,,,,,,,7,,,,,,
