product_id,product_external_id,variation_id,variation_external_id,name,url,weight,depth,width,height,meta_title,meta_description,meta_keywords,description,short_description,ncm,images,price,price_compare,model,gender,age_group,active,brand,category_1,category_2,category_3,gtin,mpn,stock,color,first_attribute_group,first_attribute_value,second_attribute_group,second_attribute_value,sku
9818958,,,,Vela Mini Design - Azul - N0,/vela-numero-azul-silver-festas,"0,020",3.00,3.00,10.00,Vela Mini Design - Azul - N0 | Decoração para Festa,Vela Mini Design - Azul - N0 para bolo. Visual moderno e tamanho compacto. Perfeita para destacar a decoração do bolo.,"vela número azul, vela de aniversário azul, vela para bolo, silver festas","<p><strong>✨ Descrição completa — Vela Mini Design - Azul - N0</strong></p><p>A <strong>Vela Mini Design - Azul - N0</strong> é perfeita para destacar o bolo e deixar a comemoração ainda mais especial.</p><p>Com visual moderno e acabamento caprichado, valoriza a decoração da mesa e fica linda nas fotos.</p><p><strong>🎉 Ideal para diversas ocasiões</strong></p><ul><li>Aniversários infantis e adultos</li><li>Festas temáticas</li><li>Comemorações especiais</li></ul><p><strong>⭐ Por que escolher este produto?</strong></p><ul><li>Fácil de usar</li><li>Ótimo destaque no bolo</li><li>Valoriza a decoração da mesa</li></ul><p><strong>📋 Especificações do produto</strong></p><ul><li>Tipo: vela decorativa para bolo</li><li>Conteúdo da embalagem: 1 vela (número conforme o modelo)</li></ul><p><strong>ℹ️ Informações importantes</strong></p><ul><li>As cores podem variar levemente conforme a tela do dispositivo.</li><li>Produto indicado para uso decorativo.</li></ul><p><strong>🚚 Frete e prazo</strong></p><p>Calcule o frete e o prazo de entrega informando seu CEP antes de finalizar a compra.</p><p><strong>💡 Dica</strong></p><p>Combine com outros artigos de festa do mesmo tema para montar uma decoração completa e harmoniosa.</p><p><strong>❤️ Garanta a sua</strong></p><p>Garanta agora a <strong>Vela Mini Design - Azul - N0</strong> e deixe sua comemoração ainda mais especial!</p>",Vela Mini Design para bolo com visual moderno. Vela Mini Design - Azul - N0. Ideal para aniversários e festas temáticas.,,"media://products/71.jpg,media://products/72.jpg,media://products/73.jpg,media://products/74.jpg,media://products/75.jpg,media://products/76.jpg,media://products/77.jpg,media://products/78.jpg,media://products/79.jpg,media://products/80.jpg,media://products/6-3.png",7.90,,,,,0,,Artigos de Festa,Velas,Velas de Número,,,10,,,,,,
 9818958,,28544789,,Vela Mini Design - Azul - N1,,,,,,Vela Mini Design - Azul - N1 | Decoração para Festa,Vela Mini Design - Azul - N1 para bolo. Visual moderno e tamanho compacto. Perfeita para destacar a decoração do bolo.,"vela número azul, vela de aniversário azul, vela para bolo, silver festas","<p><strong>✨ Descrição completa — Vela Mini Design - Azul - N1</strong></p><p>A <strong>Vela Mini Design - Azul - N1</strong> é perfeita para destacar o bolo e deixar a comemoração ainda mais especial.</p><p>Com visual moderno e acabamento caprichado, valoriza a decoração da mesa e fica linda nas fotos.</p><p><strong>🎉 Ideal para diversas ocasiões</strong></p><ul><li>Aniversários infantis e adultos</li><li>Festas temáticas</li><li>Comemorações especiais</li></ul><p><strong>⭐ Por que escolher este produto?</strong></p><ul><li>Fácil de usar</li><li>Ótimo destaque no bolo</li><li>Valoriza a decoração da mesa</li></ul><p><strong>📋 Especificações do produto</strong></p><ul><li>Tipo: vela decorativa para bolo</li><li>Conteúdo da embalagem: 1 vela (número conforme o modelo)</li></ul><p><strong>ℹ️ Informações importantes</strong></p><ul><li>As cores podem variar levemente conforme a tela do dispositivo.</li><li>Produto indicado para uso decorativo.</li></ul><p><strong>🚚 Frete e prazo</strong></p><p>Calcule o frete e o prazo de entrega informando seu CEP antes de finalizar a compra.</p><p><strong>💡 Dica</strong></p><p>Combine com outros artigos de festa do mesmo tema para montar uma decoração completa e harmoniosa.</p><p><strong>❤️ Garanta a sua</strong></p><p>Garanta agora a <strong>Vela Mini Design - Azul - N1</strong> e deixe sua comemoração ainda mais especial!</p>",Vela Mini Design para bolo com visual moderno. Vela Mini Design - Azul - N1. Ideal para aniversários e festas temáticas.,,"media://products/71.jpg,media://products/72.jpg,media://products/73.jpg,media://products/74.jpg,media://products/75.jpg,media://products/76.jpg,media://products/77.jpg,media://products/78.jpg,media://products/79.jpg,media://products/80.jpg,media://products/6-3.png",,,,,,0,,Artigos de Festa,Velas,Velas de Número,,,10,,Número,1,,,VMD-AZ-1
 9818958,,28544790,,Vela Mini Design - Azul - N2,,,,,,Vela Mini Design - Azul - N2 | Decoração para Festa,Vela Mini Design - Azul - N2 para bolo. Visual moderno e tamanho compacto. Perfeita para destacar a decoração do bolo.,"vela número azul, vela de aniversário azul, vela para bolo, silver festas","<p><strong>✨ Descrição completa — Vela Mini Design - Azul - N2</strong></p><p>A <strong>Vela Mini Design - Azul - N2</strong> é perfeita para destacar o bolo e deixar a comemoração ainda mais especial.</p><p>Com visual moderno e acabamento caprichado, valoriza a decoração da mesa e fica linda nas fotos.</p><p><strong>🎉 Ideal para diversas ocasiões</strong></p><ul><li>Aniversários infantis e adultos</li><li>Festas temáticas</li><li>Comemorações especiais</li></ul><p><strong>⭐ Por que escolher este produto?</strong></p><ul><li>Fácil de usar</li><li>Ótimo destaque no bolo</li><li>Valoriza a decoração da mesa</li></ul><p><strong>📋 Especificações do produto</strong></p><ul><li>Tipo: vela decorativa para bolo</li><li>Conteúdo da embalagem: 1 vela (número conforme o modelo)</li></ul><p><strong>ℹ️ Informações importantes</strong></p><ul><li>As cores podem variar levemente conforme a tela do dispositivo.</li><li>Produto indicado para uso decorativo.</li></ul><p><strong>🚚 Frete e prazo</strong></p><p>Calcule o frete e o prazo de entrega informando seu CEP antes de finalizar a compra.</p><p><strong>💡 Dica</strong></p><p>Combine com outros artigos de festa do mesmo tema para montar uma decoração completa e harmoniosa.</p><p><strong>❤️ Garanta a sua</strong></p><p>Garanta agora a <strong>Vela Mini Design - Azul - N2</strong> e deixe sua comemoração ainda mais especial!</p>",Vela Mini Design para bolo com visual moderno. Vela Mini Design - Azul - N2. Ideal para aniversários e festas temáticas.,,"media://products/71.jpg,media://products/72.jpg,media://products/73.jpg,media://products/74.jpg,media://products/75.jpg,media://products/76.jpg,media://products/77.jpg,media://products/78.jpg,media://products/79.jpg,media://products/80.jpg,media://products/6-3.png",,,,,,0,,Artigos de Festa,Velas,Velas de Número,,,10,,Número,2,,,VMD-AZ-2
 9818958,,28544791,,Vela Mini Design - Azul - N3,,,,,,Vela Mini Design - Azul - N3 | Decoração para Festa,Vela Mini Design - Azul - N3 para bolo. Visual moderno e tamanho compacto. Perfeita para destacar a decoração do bolo.,"vela número azul, vela de aniversário azul, vela para bolo, silver festas","<p><strong>✨ Descrição completa — Vela Mini Design - Azul - N3</strong></p><p>A <strong>Vela Mini Design - Azul - N3</strong> é perfeita para destacar o bolo e deixar a comemoração ainda mais especial.</p><p>Com visual moderno e acabamento caprichado, valoriza a decoração da mesa e fica linda nas fotos.</p><p><strong>🎉 Ideal para diversas ocasiões</strong></p><ul><li>Aniversários infantis e adultos</li><li>Festas temáticas</li><li>Comemorações especiais</li></ul><p><strong>⭐ Por que escolher este produto?</strong></p><ul><li>Fácil de usar</li><li>Ótimo destaque no bolo</li><li>Valoriza a decoração da mesa</li></ul><p><strong>📋 Especificações do produto</strong></p><ul><li>Tipo: vela decorativa para bolo</li><li>Conteúdo da embalagem: 1 vela (número conforme o modelo)</li></ul><p><strong>ℹ️ Informações importantes</strong></p><ul><li>As cores podem variar levemente conforme a tela do dispositivo.</li><li>Produto indicado para uso decorativo.</li></ul><p><strong>🚚 Frete e prazo</strong></p><p>Calcule o frete e o prazo de entrega informando seu CEP antes de finalizar a compra.</p><p><strong>💡 Dica</strong></p><p>Combine com outros artigos de festa do mesmo tema para montar uma decoração completa e harmoniosa.</p><p><strong>❤️ Garanta a sua</strong></p><p>Garanta agora a <strong>Vela Mini Design - Azul - N3</strong> e deixe sua comemoração ainda mais especial!</p>",Vela Mini Design para bolo com visual moderno. Vela Mini Design - Azul - N3. Ideal para aniversários e festas temáticas.,,"media://products/71.jpg,media://products/72.jpg,media://products/73.jpg,media://products/74.jpg,media://products/75.jpg,media://products/76.jpg,media://products/77.jpg,media://products/78.jpg,media://products/79.jpg,media://products/80.jpg,media://products/6-3.png",,,,,,0,,Artigos de Festa,Velas,Velas de Número,,,10,,Número,3,,,VMD-AZ-3
 9818958,,28544792,,Vela Mini Design - Azul - N4,,,,,,Vela Mini Design - Azul - N4 | Decoração para Festa,Vela Mini Design - Azul - N4 para bolo. Visual moderno e tamanho compacto. Perfeita para destacar a decoração do bolo.,"vela número azul, vela de aniversário azul, vela para bolo, silver festas","<p><strong>✨ Descrição completa — Vela Mini Design - Azul - N4</strong></p><p>A <strong>Vela Mini Design - Azul - N4</strong> é perfeita para destacar o bolo e deixar a comemoração ainda mais especial.</p><p>Com visual moderno e acabamento caprichado, valoriza a decoração da mesa e fica linda nas fotos.</p><p><strong>🎉 Ideal para diversas ocasiões</strong></p><ul><li>Aniversários infantis e adultos</li><li>Festas temáticas</li><li>Comemorações especiais</li></ul><p><strong>⭐ Por que escolher este produto?</strong></p><ul><li>Fácil de usar</li><li>Ótimo destaque no bolo</li><li>Valoriza a decoração da mesa</li></ul><p><strong>📋 Especificações do produto</strong></p><ul><li>Tipo: vela decorativa para bolo</li><li>Conteúdo da embalagem: 1 vela (número conforme o modelo)</li></ul><p><strong>ℹ️ Informações importantes</strong></p><ul><li>As cores podem variar levemente conforme a tela do dispositivo.</li><li>Produto indicado para uso decorativo.</li></ul><p><strong>🚚 Frete e prazo</strong></p><p>Calcule o frete e o prazo de entrega informando seu CEP antes de finalizar a compra.</p><p><strong>💡 Dica</strong></p><p>Combine com outros artigos de festa do mesmo tema para montar uma decoração completa e harmoniosa.</p><p><strong>❤️ Garanta a sua</strong></p><p>Garanta agora a <strong>Vela Mini Design - Azul - N4</strong> e deixe sua comemoração ainda mais especial!</p>",Vela Mini Design para bolo com visual moderno. Vela Mini Design - Azul - N4. Ideal para aniversários e festas temáticas.,,"media://products/71.jpg,media://products/72.jpg,media://products/73.jpg,media://products/74.jpg,media://products/75.jpg,media://products/76.jpg,media://products/77.jpg,media://products/78.jpg,media://products/79.jpg,media://products/80.jpg,media://products/6-3.png",,,,,,0,,Artigos de Festa,Velas,Velas de Número,,,10,,Número,4,,,VMD-AZ-4
 9818958,,28544793,,Vela Mini Design - Azul - N5,,,,,,Vela Mini Design - Azul - N5 | Decoração para Festa,Vela Mini Design - Azul - N5 para bolo. Visual moderno e tamanho compacto. Perfeita para destacar a decoração do bolo.,"vela número azul, vela de aniversário azul, vela para bolo, silver festas","<p><strong>✨ Descrição completa — Vela Mini Design - Azul - N5</strong></p><p>A <strong>Vela Mini Design - Azul - N5</strong> é perfeita para destacar o bolo e deixar a comemoração ainda mais especial.</p><p>Com visual moderno e acabamento caprichado, valoriza a decoração da mesa e fica linda nas fotos.</p><p><strong>🎉 Ideal para diversas ocasiões</strong></p><ul><li>Aniversários infantis e adultos</li><li>Festas temáticas</li><li>Comemorações especiais</li></ul><p><strong>⭐ Por que escolher este produto?</strong></p><ul><li>Fácil de usar</li><li>Ótimo destaque no bolo</li><li>Valoriza a decoração da mesa</li></ul><p><strong>📋 Especificações do produto</strong></p><ul><li>Tipo: vela decorativa para bolo</li><li>Conteúdo da embalagem: 1 vela (número conforme o modelo)</li></ul><p><strong>ℹ️ Informações importantes</strong></p><ul><li>As cores podem variar levemente conforme a tela do dispositivo.</li><li>Produto indicado para uso decorativo.</li></ul><p><strong>🚚 Frete e prazo</strong></p><p>Calcule o frete e o prazo de entrega informando seu CEP antes de finalizar a compra.</p><p><strong>💡 Dica</strong></p><p>Combine com outros artigos de festa do mesmo tema para montar uma decoração completa e harmoniosa.</p><p><strong>❤️ Garanta a sua</strong></p><p>Garanta agora a <strong>Vela Mini Design - Azul - N5</strong> e deixe sua comemoração ainda mais especial!</p>",Vela Mini Design para bolo com visual moderno. Vela Mini Design - Azul - N5. Ideal para aniversários e festas temáticas.,,"media://products/71.jpg,media://products/72.jpg,media://products/73.jpg,media://products/74.jpg,media://products/75.jpg,media://products/76.jpg,media://products/77.jpg,media://products/78.jpg,media://products/79.jpg,media://products/80.jpg,media://products/6-3.png",,,,,,0,,Artigos de Festa,Velas,Velas de Número,,,10,,Número,5,,,VMD-AZ-5
 9818958,,28544794,,Vela Mini Design - Azul - N6,,,,,,Vela Mini Design - Azul - N6 | Decoração para Festa,Vela Mini Design - Azul - N6 para bolo. Visual moderno e tamanho compacto. Perfeita para destacar a decoração do bolo.,"vela número azul, vela de aniversário azul, vela para bolo, silver festas","<p><strong>✨ Descrição completa — Vela Mini Design - Azul - N6</strong></p><p>A <strong>Vela Mini Design - Azul - N6</strong> é perfeita para destacar o bolo e deixar a comemoração ainda mais especial.</p><p>Com visual moderno e acabamento caprichado, valoriza a decoração da mesa e fica linda nas fotos.</p><p><strong>🎉 Ideal para diversas ocasiões</strong></p><ul><li>Aniversários infantis e adultos</li><li>Festas temáticas</li><li>Comemorações especiais</li></ul><p><strong>⭐ Por que escolher este produto?</strong></p><ul><li>Fácil de usar</li><li>Ótimo destaque no bolo</li><li>Valoriza a decoração da mesa</li></ul><p><strong>📋 Especificações do produto</strong></p><ul><li>Tipo: vela decorativa para bolo</li><li>Conteúdo da embalagem: 1 vela (número conforme o modelo)</li></ul><p><strong>ℹ️ Informações importantes</strong></p><ul><li>As cores podem variar levemente conforme a tela do dispositivo.</li><li>Produto indicado para uso decorativo.</li></ul><p><strong>🚚 Frete e prazo</strong></p><p>Calcule o frete e o prazo de entrega informando seu CEP antes de finalizar a compra.</p><p><strong>💡 Dica</strong></p><p>Combine com outros artigos de festa do mesmo tema para montar uma decoração completa e harmoniosa.</p><p><strong>❤️ Garanta a sua</strong></p><p>Garanta agora a <strong>Vela Mini Design - Azul - N6</strong> e deixe sua comemoração ainda mais especial!</p>",Vela Mini Design para bolo com visual moderno. Vela Mini Design - Azul - N6. Ideal para aniversários e festas temáticas.,,"media://products/71.jpg,media://products/72.jpg,media://products/73.jpg,media://products/74.jpg,media://products/75.jpg,media://products/76.jpg,media://products/77.jpg,media://products/78.jpg,media://products/79.jpg,media://products/80.jpg,media://products/6-3.png",,,,,,0,,Artigos de Festa,Velas,Velas de Número,,,10,,Número,6,,,VMD-AZ-6
 9818958,,28544795,,Vela Mini Design - Azul - N7,,,,,,Vela Mini Design - Azul - N7 | Decoração para Festa,Vela Mini Design - Azul - N7 para bolo. Visual moderno e tamanho compacto. Perfeita para destacar a decoração do bolo.,"vela número azul, vela de aniversário azul, vela para bolo, silver festas","<p><strong>✨ Descrição completa — Vela Mini Design - Azul - N7</strong></p><p>A <strong>Vela Mini Design - Azul - N7</strong> é perfeita para destacar o bolo e deixar a comemoração ainda mais especial.</p><p>Com visual moderno e acabamento caprichado, valoriza a decoração da mesa e fica linda nas fotos.</p><p><strong>🎉 Ideal para diversas ocasiões</strong></p><ul><li>Aniversários infantis e adultos</li><li>Festas temáticas</li><li>Comemorações especiais</li></ul><p><strong>⭐ Por que escolher este produto?</strong></p><ul><li>Fácil de usar</li><li>Ótimo destaque no bolo</li><li>Valoriza a decoração da mesa</li></ul><p><strong>📋 Especificações do produto</strong></p><ul><li>Tipo: vela decorativa para bolo</li><li>Conteúdo da embalagem: 1 vela (número conforme o modelo)</li></ul><p><strong>ℹ️ Informações importantes</strong></p><ul><li>As cores podem variar levemente conforme a tela do dispositivo.</li><li>Produto indicado para uso decorativo.</li></ul><p><strong>🚚 Frete e prazo</strong></p><p>Calcule o frete e o prazo de entrega informando seu CEP antes de finalizar a compra.</p><p><strong>💡 Dica</strong></p><p>Combine com outros artigos de festa do mesmo tema para montar uma decoração completa e harmoniosa.</p><p><strong>❤️ Garanta a sua</strong></p><p>Garanta agora a <strong>Vela Mini Design - Azul - N7</strong> e deixe sua comemoração ainda mais especial!</p>",Vela Mini Design para bolo com visual moderno. Vela Mini Design - Azul - N7. Ideal para aniversários e festas temáticas.,,"media://products/71.jpg,media://products/72.jpg,media://products/73.jpg,media://products/74.jpg,media://products/75.jpg,media://products/76.jpg,media://products/77.jpg,media://products/78.jpg,media://products/79.jpg,media://products/80.jpg,media://products/6-3.png",,,,,,0,,Artigos de Festa,Velas,Velas de Número,,,10,,Número,7,,,VMD-AZ-7
 9818958,,28544796,,Vela Mini Design - Azul - N8,,,,,,Vela Mini Design - Azul - N8 | Decoração para Festa,Vela Mini Design - Azul - N8 para bolo. Visual moderno e tamanho compacto. Perfeita para destacar a decoração do bolo.,"vela número azul, vela de aniversário azul, vela para bolo, silver festas","<p><strong>✨ Descrição completa — Vela Mini Design - Azul - N8</strong></p><p>A <strong>Vela Mini Design - Azul - N8</strong> é perfeita para destacar o bolo e deixar a comemoração ainda mais especial.</p><p>Com visual moderno e acabamento caprichado, valoriza a decoração da mesa e fica linda nas fotos.</p><p><strong>🎉 Ideal para diversas ocasiões</strong></p><ul><li>Aniversários infantis e adultos</li><li>Festas temáticas</li><li>Comemorações especiais</li></ul><p><strong>⭐ Por que escolher este produto?</strong></p><ul><li>Fácil de usar</li><li>Ótimo destaque no bolo</li><li>Valoriza a decoração da mesa</li></ul><p><strong>📋 Especificações do produto</strong></p><ul><li>Tipo: vela decorativa para bolo</li><li>Conteúdo da embalagem: 1 vela (número conforme o modelo)</li></ul><p><strong>ℹ️ Informações importantes</strong></p><ul><li>As cores podem variar levemente conforme a tela do dispositivo.</li><li>Produto indicado para uso decorativo.</li></ul><p><strong>🚚 Frete e prazo</strong></p><p>Calcule o frete e o prazo de entrega informando seu CEP antes de finalizar a compra.</p><p><strong>💡 Dica</strong></p><p>Combine com outros artigos de festa do mesmo tema para montar uma decoração completa e harmoniosa.</p><p><strong>❤️ Garanta a sua</strong></p><p>Garanta agora a <strong>Vela Mini Design - Azul - N8</strong> e deixe sua comemoração ainda mais especial!</p>",Vela Mini Design para bolo com visual moderno. Vela Mini Design - Azul - N8. Ideal para aniversários e festas temáticas.,,"media://products/71.jpg,media://products/72.jpg,media://products/73.jpg,media://products/74.jpg,media://products/75.jpg,media://products/76.jpg,media://products/77.jpg,media://products/78.jpg,media://products/79.jpg,media://products/80.jpg,media://products/6-3.png",,,,,,0,,Artigos de Festa,Velas,Velas de Número,,,10,,Número,8,,,VMD-AZ-8
 9818958,,28544797,,Vela Mini Design - Azul - N9,,,,,,Vela Mini Design - Azul - N9 | Decoração para Festa,Vela Mini Design - Azul - N9 para bolo. Visual moderno e tamanho compacto. Perfeita para destacar a decoração do bolo.,"vela número azul, vela de aniversário azul, vela para bolo, silver festas","<p><strong>✨ Descrição completa — Vela Mini Design - Azul - N9</strong></p><p>A <strong>Vela Mini Design - Azul - N9</strong> é perfeita para destacar o bolo e deixar a comemoração ainda mais especial.</p><p>Com visual moderno e acabamento caprichado, valoriza a decoração da mesa e fica linda nas fotos.</p><p><strong>🎉 Ideal para diversas ocasiões</strong></p><ul><li>Aniversários infantis e adultos</li><li>Festas temáticas</li><li>Comemorações especiais</li></ul><p><strong>⭐ Por que escolher este produto?</strong></p><ul><li>Fácil de usar</li><li>Ótimo destaque no bolo</li><li>Valoriza a decoração da mesa</li></ul><p><strong>📋 Especificações do produto</strong></p><ul><li>Tipo: vela decorativa para bolo</li><li>Conteúdo da embalagem: 1 vela (número conforme o modelo)</li></ul><p><strong>ℹ️ Informações importantes</strong></p><ul><li>As cores podem variar levemente conforme a tela do dispositivo.</li><li>Produto indicado para uso decorativo.</li></ul><p><strong>🚚 Frete e prazo</strong></p><p>Calcule o frete e o prazo de entrega informando seu CEP antes de finalizar a compra.</p><p><strong>💡 Dica</strong></p><p>Combine com outros artigos de festa do mesmo tema para montar uma decoração completa e harmoniosa.</p><p><strong>❤️ Garanta a sua</strong></p><p>Garanta agora a <strong>Vela Mini Design - Azul - N9</strong> e deixe sua comemoração ainda mais especial!</p>",Vela Mini Design para bolo com visual moderno. Vela Mini Design - Azul - N9. Ideal para aniversários e festas temáticas.,,"media://products/71.jpg,media://products/72.jpg,media://products/73.jpg,media://products/74.jpg,media://products/75.jpg,media://products/76.jpg,media://products/77.jpg,media://products/78.jpg,media://products/79.jpg,media://products/80.jpg,media://products/6-3.png",,,,,,0,,Artigos de Festa,Velas,Velas de Número,,,10,,Número,9,,,VMD-AZ-9
 9818958,,28544798,,Vela Mini Design - Azul - N0,,,,,,Vela Mini Design - Azul - N0 | Decoração para Festa,Vela Mini Design - Azul - N0 para bolo. Visual moderno e tamanho compacto. Perfeita para destacar a decoração do bolo.,"vela número azul, vela de aniversário azul, vela para bolo, silver festas","<p><strong>✨ Descrição completa — Vela Mini Design - Azul - N0</strong></p><p>A <strong>Vela Mini Design - Azul - N0</strong> é perfeita para destacar o bolo e deixar a comemoração ainda mais especial.</p><p>Com visual moderno e acabamento caprichado, valoriza a decoração da mesa e fica linda nas fotos.</p><p><strong>🎉 Ideal para diversas ocasiões</strong></p><ul><li>Aniversários infantis e adultos</li><li>Festas temáticas</li><li>Comemorações especiais</li></ul><p><strong>⭐ Por que escolher este produto?</strong></p><ul><li>Fácil de usar</li><li>Ótimo destaque no bolo</li><li>Valoriza a decoração da mesa</li></ul><p><strong>📋 Especificações do produto</strong></p><ul><li>Tipo: vela decorativa para bolo</li><li>Conteúdo da embalagem: 1 vela (número conforme o modelo)</li></ul><p><strong>ℹ️ Informações importantes</strong></p><ul><li>As cores podem variar levemente conforme a tela do dispositivo.</li><li>Produto indicado para uso decorativo.</li></ul><p><strong>🚚 Frete e prazo</strong></p><p>Calcule o frete e o prazo de entrega informando seu CEP antes de finalizar a compra.</p><p><strong>💡 Dica</strong></p><p>Combine com outros artigos de festa do mesmo tema para montar uma decoração completa e harmoniosa.</p><p><strong>❤️ Garanta a sua</strong></p><p>Garanta agora a <strong>Vela Mini Design - Azul - N0</strong> e deixe sua comemoração ainda mais especial!</p>",Vela Mini Design para bolo com visual moderno. Vela Mini Design - Azul - N0. Ideal para aniversários e festas temáticas.,,"media://products/71.jpg,media://products/72.jpg,media://products/73.jpg,media://products/74.jpg,media://products/75.jpg,media://products/76.jpg,media://products/77.jpg,media://products/78.jpg,media://products/79.jpg,media://products/80.jpg,media://products/6-3.png",,,,,,0,,Artigos de Festa,Velas,Velas de Número,,,10,,Número,0,,,VMD-AZ-0
 9818958,,28544799,,Vela Mini Design - Azul - N?,,,,,,Vela Mini Design - Azul - N? | Decoração para Festa,Vela Mini Design - Azul - N? para bolo. Visual moderno e tamanho compacto. Perfeita para destacar a decoração do bolo.,"vela número azul, vela de aniversário azul, vela para bolo, silver festas","<p><strong>✨ Descrição completa — Vela Mini Design - Azul - N?</strong></p><p>A <strong>Vela Mini Design - Azul - N?</strong> é perfeita para destacar o bolo e deixar a comemoração ainda mais especial.</p><p>Com visual moderno e acabamento caprichado, valoriza a decoração da mesa e fica linda nas fotos.</p><p><strong>🎉 Ideal para diversas ocasiões</strong></p><ul><li>Aniversários infantis e adultos</li><li>Festas temáticas</li><li>Comemorações especiais</li></ul><p><strong>⭐ Por que escolher este produto?</strong></p><ul><li>Fácil de usar</li><li>Ótimo destaque no bolo</li><li>Valoriza a decoração da mesa</li></ul><p><strong>📋 Especificações do produto</strong></p><ul><li>Tipo: vela decorativa para bolo</li><li>Conteúdo da embalagem: 1 vela (número conforme o modelo)</li></ul><p><strong>ℹ️ Informações importantes</strong></p><ul><li>As cores podem variar levemente conforme a tela do dispositivo.</li><li>Produto indicado para uso decorativo.</li></ul><p><strong>🚚 Frete e prazo</strong></p><p>Calcule o frete e o prazo de entrega informando seu CEP antes de finalizar a compra.</p><p><strong>💡 Dica</strong></p><p>Combine com outros artigos de festa do mesmo tema para montar uma decoração completa e harmoniosa.</p><p><strong>❤️ Garanta a sua</strong></p><p>Garanta agora a <strong>Vela Mini Design - Azul - N?</strong> e deixe sua comemoração ainda mais especial!</p>",Vela Mini Design para bolo com visual moderno. Vela Mini Design - Azul - N?. Ideal para aniversários e festas temáticas.,,"media://products/71.jpg,media://products/72.jpg,media://products/73.jpg,media://products/74.jpg,media://products/75.jpg,media://products/76.jpg,media://products/77.jpg,media://products/78.jpg,media://products/79.jpg,media://products/80.jpg,media://products/6-3.png",,,,,,0,,Artigos de Festa,Velas,Velas de Número,,,10,,Número,?,,,VMD-AZ-?
9825110,,,,Vela Mini Design - Rosa - N0,/vela-numero-mini-design-rosa,"0,020",3.00,3.00,10.00,Vela Mini Design - Rosa - N0 | Decoração para Festa,Vela Mini Design - Rosa - N0 para bolo. Visual moderno e tamanho compacto. Perfeita para destacar a decoração do bolo.,"vela número rosa, vela de aniversário rosa, vela para bolo, silver festas","<p><strong>✨ Descrição completa — Vela Mini Design - Rosa - N0</strong></p><p>A <strong>Vela Mini Design - Rosa - N0</strong> é perfeita para destacar o bolo e deixar a comemoração ainda mais especial.</p><p>Com visual moderno e acabamento caprichado, valoriza a decoração da mesa e fica linda nas fotos.</p><p><strong>🎉 Ideal para diversas ocasiões</strong></p><ul><li>Aniversários infantis e adultos</li><li>Festas temáticas</li><li>Comemorações especiais</li></ul><p><strong>⭐ Por que escolher este produto?</strong></p><ul><li>Fácil de usar</li><li>Ótimo destaque no bolo</li><li>Valoriza a decoração da mesa</li></ul><p><strong>📋 Especificações do produto</strong></p><ul><li>Tipo: vela decorativa para bolo</li><li>Conteúdo da embalagem: 1 vela (número conforme o modelo)</li></ul><p><strong>ℹ️ Informações importantes</strong></p><ul><li>As cores podem variar levemente conforme a tela do dispositivo.</li><li>Produto indicado para uso decorativo.</li></ul><p><strong>🚚 Frete e prazo</strong></p><p>Calcule o frete e o prazo de entrega informando seu CEP antes de finalizar a compra.</p><p><strong>💡 Dica</strong></p><p>Combine com outros artigos de festa do mesmo tema para montar uma decoração completa e harmoniosa.</p><p><strong>❤️ Garanta a sua</strong></p><p>Garanta agora a <strong>Vela Mini Design - Rosa - N0</strong> e deixe sua comemoração ainda mais especial!</p>",Vela Mini Design para bolo com visual moderno. Vela Mini Design - Rosa - N0. Ideal para aniversários e festas temáticas.,,"media://products/51.jpg,media://products/52.jpg,media://products/53.jpg,media://products/54.jpg,media://products/55.jpg,media://products/56.jpg,media://products/57.jpg,media://products/58.jpg,media://products/59.jpg,media://products/60.jpg,media://products/3-3.png",7.90,,,,,0,,Artigos de Festa,Velas,Velas de Número,,,0,,,,,,
 9825110,,28563246,,Vela Mini Design - Rosa - N1,,,,,,Vela Mini Design - Rosa - N1 | Decoração para Festa,Vela Mini Design - Rosa - N1 para bolo. Visual moderno e tamanho compacto. Perfeita para destacar a decoração do bolo.,"vela número rosa, vela de aniversário rosa, vela para bolo, silver festas","<p><strong>✨ Descrição completa — Vela Mini Design - Rosa - N1</strong></p><p>A <strong>Vela Mini Design - Rosa - N1</strong> é perfeita para destacar o bolo e deixar a comemoração ainda mais especial.</p><p>Com visual moderno e acabamento caprichado, valoriza a decoração da mesa e fica linda nas fotos.</p><p><strong>🎉 Ideal para diversas ocasiões</strong></p><ul><li>Aniversários infantis e adultos</li><li>Festas temáticas</li><li>Comemorações especiais</li></ul><p><strong>⭐ Por que escolher este produto?</strong></p><ul><li>Fácil de usar</li><li>Ótimo destaque no bolo</li><li>Valoriza a decoração da mesa</li></ul><p><strong>📋 Especificações do produto</strong></p><ul><li>Tipo: vela decorativa para bolo</li><li>Conteúdo da embalagem: 1 vela (número conforme o modelo)</li></ul><p><strong>ℹ️ Informações importantes</strong></p><ul><li>As cores podem variar levemente conforme a tela do dispositivo.</li><li>Produto indicado para uso decorativo.</li></ul><p><strong>🚚 Frete e prazo</strong></p><p>Calcule o frete e o prazo de entrega informando seu CEP antes de finalizar a compra.</p><p><strong>💡 Dica</strong></p><p>Combine com outros artigos de festa do mesmo tema para montar uma decoração completa e harmoniosa.</p><p><strong>❤️ Garanta a sua</strong></p><p>Garanta agora a <strong>Vela Mini Design - Rosa - N1</strong> e deixe sua comemoração ainda mais especial!</p>",Vela Mini Design para bolo com visual moderno. Vela Mini Design - Rosa - N1. Ideal para aniversários e festas temáticas.,,"media://products/51.jpg,media://products/52.jpg,media://products/53.jpg,media://products/54.jpg,media://products/55.jpg,media://products/56.jpg,media://products/57.jpg,media://products/58.jpg,media://products/59.jpg,media://products/60.jpg,media://products/3-3.png",,,,,,0,,Artigos de Festa,Velas,Velas de Número,,,0,,Número,1,,,VMD-RO-1
 9825110,,28563247,,Vela Mini Design - Rosa - N2,,,,,,Vela Mini Design - Rosa - N2 | Decoração para Festa,Vela Mini Design - Rosa - N2 para bolo. Visual moderno e tamanho compacto. Perfeita para destacar a decoração do bolo.,"vela número rosa, vela de aniversário rosa, vela para bolo, silver festas","<p><strong>✨ Descrição completa — Vela Mini Design - Rosa - N2</strong></p><p>A <strong>Vela Mini Design - Rosa - N2</strong> é perfeita para destacar o bolo e deixar a comemoração ainda mais especial.</p><p>Com visual moderno e acabamento caprichado, valoriza a decoração da mesa e fica linda nas fotos.</p><p><strong>🎉 Ideal para diversas ocasiões</strong></p><ul><li>Aniversários infantis e adultos</li><li>Festas temáticas</li><li>Comemorações especiais</li></ul><p><strong>⭐ Por que escolher este produto?</strong></p><ul><li>Fácil de usar</li><li>Ótimo destaque no bolo</li><li>Valoriza a decoração da mesa</li></ul><p><strong>📋 Especificações do produto</strong></p><ul><li>Tipo: vela decorativa para bolo</li><li>Conteúdo da embalagem: 1 vela (número conforme o modelo)</li></ul><p><strong>ℹ️ Informações importantes</strong></p><ul><li>As cores podem variar levemente conforme a tela do dispositivo.</li><li>Produto indicado para uso decorativo.</li></ul><p><strong>🚚 Frete e prazo</strong></p><p>Calcule o frete e o prazo de entrega informando seu CEP antes de finalizar a compra.</p><p><strong>💡 Dica</strong></p><p>Combine com outros artigos de festa do mesmo tema para montar uma decoração completa e harmoniosa.</p><p><strong>❤️ Garanta a sua</strong></p><p>Garanta agora a <strong>Vela Mini Design - Rosa - N2</strong> e deixe sua comemoração ainda mais especial!</p>",Vela Mini Design para bolo com visual moderno. Vela Mini Design - Rosa - N2. Ideal para aniversários e festas temáticas.,,"media://products/51.jpg,media://products/52.jpg,media://products/53.jpg,media://products/54.jpg,media://products/55.jpg,media://products/56.jpg,media://products/57.jpg,media://products/58.jpg,media://products/59.jpg,media://products/60.jpg,media://products/3-3.png",,,,,,0,,Artigos de Festa,Velas,Velas de Número,,,0,,Número,2,,,VMD-RO-2
 9825110,,28563248,,Vela Mini Design - Rosa - N3,,,,,,Vela Mini Design - Rosa - N3 | Decoração para Festa,Vela Mini Design - Rosa - N3 para bolo. Visual moderno e tamanho compacto. Perfeita para destacar a decoração do bolo.,"vela número rosa, vela de aniversário rosa, vela para bolo, silver festas","<p><strong>✨ Descrição completa — Vela Mini Design - Rosa - N3</strong></p><p>A <strong>Vela Mini Design - Rosa - N3</strong> é perfeita para destacar o bolo e deixar a comemoração ainda mais especial.</p><p>Com visual moderno e acabamento caprichado, valoriza a decoração da mesa e fica linda nas fotos.</p><p><strong>🎉 Ideal para diversas ocasiões</strong></p><ul><li>Aniversários infantis e adultos</li><li>Festas temáticas</li><li>Comemorações especiais</li></ul><p><strong>⭐ Por que escolher este produto?</strong></p><ul><li>Fácil de usar</li><li>Ótimo destaque no bolo</li><li>Valoriza a decoração da mesa</li></ul><p><strong>📋 Especificações do produto</strong></p><ul><li>Tipo: vela decorativa para bolo</li><li>Conteúdo da embalagem: 1 vela (número conforme o modelo)</li></ul><p><strong>ℹ️ Informações importantes</strong></p><ul><li>As cores podem variar levemente conforme a tela do dispositivo.</li><li>Produto indicado para uso decorativo.</li></ul><p><strong>🚚 Frete e prazo</strong></p><p>Calcule o frete e o prazo de entrega informando seu CEP antes de finalizar a compra.</p><p><strong>💡 Dica</strong></p><p>Combine com outros artigos de festa do mesmo tema para montar uma decoração completa e harmoniosa.</p><p><strong>❤️ Garanta a sua</strong></p><p>Garanta agora a <strong>Vela Mini Design - Rosa - N3</strong> e deixe sua comemoração ainda mais especial!</p>",Vela Mini Design para bolo com visual moderno. Vela Mini Design - Rosa - N3. Ideal para aniversários e festas temáticas.,,"media://products/51.jpg,media://products/52.jpg,media://products/53.jpg,media://products/54.jpg,media://products/55.jpg,media://products/56.jpg,media://products/57.jpg,media://products/58.jpg,media://products/59.jpg,media://products/60.jpg,media://products/3-3.png",,,,,,0,,Artigos de Festa,Velas,Velas de Número,,,0,,Número,3,,,VMD-RO-3
 9825110,,28563249,,Vela Mini Design - Rosa - N4,,,,,,Vela Mini Design - Rosa - N4 | Decoração para Festa,Vela Mini Design - Rosa - N4 para bolo. Visual moderno e tamanho compacto. Perfeita para destacar a decoração do bolo.,"vela número rosa, vela de aniversário rosa, vela para bolo, silver festas","<p><strong>✨ Descrição completa — Vela Mini Design - Rosa - N4</strong></p><p>A <strong>Vela Mini Design - Rosa - N4</strong> é perfeita para destacar o bolo e deixar a comemoração ainda mais especial.</p><p>Com visual moderno e acabamento caprichado, valoriza a decoração da mesa e fica linda nas fotos.</p><p><strong>🎉 Ideal para diversas ocasiões</strong></p><ul><li>Aniversários infantis e adultos</li><li>Festas temáticas</li><li>Comemorações especiais</li></ul><p><strong>⭐ Por que escolher este produto?</strong></p><ul><li>Fácil de usar</li><li>Ótimo destaque no bolo</li><li>Valoriza a decoração da mesa</li></ul><p><strong>📋 Especificações do produto</strong></p><ul><li>Tipo: vela decorativa para bolo</li><li>Conteúdo da embalagem: 1 vela (número conforme o modelo)</li></ul><p><strong>ℹ️ Informações importantes</strong></p><ul><li>As cores podem variar levemente conforme a tela do dispositivo.</li><li>Produto indicado para uso decorativo.</li></ul><p><strong>🚚 Frete e prazo</strong></p><p>Calcule o frete e o prazo de entrega informando seu CEP antes de finalizar a compra.</p><p><strong>💡 Dica</strong></p><p>Combine com outros artigos de festa do mesmo tema para montar uma decoração completa e harmoniosa.</p><p><strong>❤️ Garanta a sua</strong></p><p>Garanta agora a <strong>Vela Mini Design - Rosa - N4</strong> e deixe sua comemoração ainda mais especial!</p>",Vela Mini Design para bolo com visual moderno. Vela Mini Design - Rosa - N4. Ideal para aniversários e festas temáticas.,,"media://products/51.jpg,media://products/52.jpg,media://products/53.jpg,media://products/54.jpg,media://products/55.jpg,media://products/56.jpg,media://products/57.jpg,media://products/58.jpg,media://products/59.jpg,media://products/60.jpg,media://products/3-3.png",,,,,,0,,Artigos de Festa,Velas,Velas de Número,,,0,,Número,4,,,VMD-RO-4
 9825110,,28563250,,Vela Mini Design - Rosa - N5,,,,,,Vela Mini Design - Rosa - N5 | Decoração para Festa,Vela Mini Design - Rosa - N5 para bolo. Visual moderno e tamanho compacto. Perfeita para destacar a decoração do bolo.,"vela número rosa, vela de aniversário rosa, vela para bolo, silver festas","<p><strong>✨ Descrição completa — Vela Mini Design - Rosa - N5</strong></p><p>A <strong>Vela Mini Design - Rosa - N5</strong> é perfeita para destacar o bolo e deixar a comemoração ainda mais especial.</p><p>Com visual moderno e acabamento caprichado, valoriza a decoração da mesa e fica linda nas fotos.</p><p><strong>🎉 Ideal para diversas ocasiões</strong></p><ul><li>Aniversários infantis e adultos</li><li>Festas temáticas</li><li>Comemorações especiais</li></ul><p><strong>⭐ Por que escolher este produto?</strong></p><ul><li>Fácil de usar</li><li>Ótimo destaque no bolo</li><li>Valoriza a decoração da mesa</li></ul><p><strong>📋 Especificações do produto</strong></p><ul><li>Tipo: vela decorativa para bolo</li><li>Conteúdo da embalagem: 1 vela (número conforme o modelo)</li></ul><p><strong>ℹ️ Informações importantes</strong></p><ul><li>As cores podem variar levemente conforme a tela do dispositivo.</li><li>Produto indicado para uso decorativo.</li></ul><p><strong>🚚 Frete e prazo</strong></p><p>Calcule o frete e o prazo de entrega informando seu CEP antes de finalizar a compra.</p><p><strong>💡 Dica</strong></p><p>Combine com outros artigos de festa do mesmo tema para montar uma decoração completa e harmoniosa.</p><p><strong>❤️ Garanta a sua</strong></p><p>Garanta agora a <strong>Vela Mini Design - Rosa - N5</strong> e deixe sua comemoração ainda mais especial!</p>",Vela Mini Design para bolo com visual moderno. Vela Mini Design - Rosa - N5. Ideal para aniversários e festas temáticas.,,"media://products/51.jpg,media://products/52.jpg,media://products/53.jpg,media://products/54.jpg,media://products/55.jpg,media://products/56.jpg,media://products/57.jpg,media://products/58.jpg,media://products/59.jpg,media://products/60.jpg,media://products/3-3.png",,,,,,0,,Artigos de Festa,Velas,Velas de Número,,,0,,Número,5,,,VMD-RO-5
 9825110,,28563251,,Vela Mini Design - Rosa - N6,,,,,,Vela Mini Design - Rosa - N6 | Decoração para Festa,Vela Mini Design - Rosa - N6 para bolo. Visual moderno e tamanho compacto. Perfeita para destacar a decoração do bolo.,"vela número rosa, vela de aniversário rosa, vela para bolo, silver festas","<p><strong>✨ Descrição completa — Vela Mini Design - Rosa - N6</strong></p><p>A <strong>Vela Mini Design - Rosa - N6</strong> é perfeita para destacar o bolo e deixar a comemoração ainda mais especial.</p><p>Com visual moderno e acabamento caprichado, valoriza a decoração da mesa e fica linda nas fotos.</p><p><strong>🎉 Ideal para diversas ocasiões</strong></p><ul><li>Aniversários infantis e adultos</li><li>Festas temáticas</li><li>Comemorações especiais</li></ul><p><strong>⭐ Por que escolher este produto?</strong></p><ul><li>Fácil de usar</li><li>Ótimo destaque no bolo</li><li>Valoriza a decoração da mesa</li></ul><p><strong>📋 Especificações do produto</strong></p><ul><li>Tipo: vela decorativa para bolo</li><li>Conteúdo da embalagem: 1 vela (número conforme o modelo)</li></ul><p><strong>ℹ️ Informações importantes</strong></p><ul><li>As cores podem variar levemente conforme a tela do dispositivo.</li><li>Produto indicado para uso decorativo.</li></ul><p><strong>🚚 Frete e prazo</strong></p><p>Calcule o frete e o prazo de entrega informando seu CEP antes de finalizar a compra.</p><p><strong>💡 Dica</strong></p><p>Combine com outros artigos de festa do mesmo tema para montar uma decoração completa e harmoniosa.</p><p><strong>❤️ Garanta a sua</strong></p><p>Garanta agora a <strong>Vela Mini Design - Rosa - N6</strong> e deixe sua comemoração ainda mais especial!</p>",Vela Mini Design para bolo com visual moderno. Vela Mini Design - Rosa - N6. Ideal para aniversários e festas temáticas.,,"media://products/51.jpg,media://products/52.jpg,media://products/53.jpg,media://products/54.jpg,media://products/55.jpg,media://products/56.jpg,media://products/57.jpg,media://products/58.jpg,media://products/59.jpg,media://products/60.jpg,media://products/3-3.png",,,,,,0,,Artigos de Festa,Velas,Velas de Número,,,0,,Número,6,,,VMD-RO-6
 9825110,,28563252,,Vela Mini Design - Rosa - N7,,,,,,Vela Mini Design - Rosa - N7 | Decoração para Festa,Vela Mini Design - Rosa - N7 para bolo. Visual moderno e tamanho compacto. Perfeita para destacar a decoração do bolo.,"vela número rosa, vela de aniversário rosa, vela para bolo, silver festas","<p><strong>✨ Descrição completa — Vela Mini Design - Rosa - N7</strong></p><p>A <strong>Vela Mini Design - Rosa - N7</strong> é perfeita para destacar o bolo e deixar a comemoração ainda mais especial.</p><p>Com visual moderno e acabamento caprichado, valoriza a decoração da mesa e fica linda nas fotos.</p><p><strong>🎉 Ideal para diversas ocasiões</strong></p><ul><li>Aniversários infantis e adultos</li><li>Festas temáticas</li><li>Comemorações especiais</li></ul><p><strong>⭐ Por que escolher este produto?</strong></p><ul><li>Fácil de usar</li><li>Ótimo destaque no bolo</li><li>Valoriza a decoração da mesa</li></ul><p><strong>📋 Especificações do produto</strong></p><ul><li>Tipo: vela decorativa para bolo</li><li>Conteúdo da embalagem: 1 vela (número conforme o modelo)</li></ul><p><strong>ℹ️ Informações importantes</strong></p><ul><li>As cores podem variar levemente conforme a tela do dispositivo.</li><li>Produto indicado para uso decorativo.</li></ul><p><strong>🚚 Frete e prazo</strong></p><p>Calcule o frete e o prazo de entrega informando seu CEP antes de finalizar a compra.</p><p><strong>💡 Dica</strong></p><p>Combine com outros artigos de festa do mesmo tema para montar uma decoração completa e harmoniosa.</p><p><strong>❤️ Garanta a sua</strong></p><p>Garanta agora a <strong>Vela Mini Design - Rosa - N7</strong> e deixe sua comemoração ainda mais especial!</p>",Vela Mini Design para bolo com visual moderno. Vela Mini Design - Rosa - N7. Ideal para aniversários e festas temáticas.,,"media://products/51.jpg,media://products/52.jpg,media://products/53.jpg,media://products/54.jpg,media://products/55.jpg,media://products/56.jpg,media://products/57.jpg,media://products/58.jpg,media://products/59.jpg,media://products/60.jpg,media://products/3-3.png",,,,,,0,,Artigos de Festa,Velas,Velas de Número,,,0,,Número,7,,,VMD-RO-7
 9825110,,28563253,,Vela Mini Design - Rosa - N8,,,,,,Vela Mini Design - Rosa - N8 | Decoração para Festa,Vela Mini Design - Rosa - N8 para bolo. Visual moderno e tamanho compacto. Perfeita para destacar a decoração do bolo.,"vela número rosa, vela de aniversário rosa, vela para bolo, silver festas","<p><strong>✨ Descrição completa — Vela Mini Design - Rosa - N8</strong></p><p>A <strong>Vela Mini Design - Rosa - N8</strong> é perfeita para destacar o bolo e deixar a comemoração ainda mais especial.</p><p>Com visual moderno e acabamento caprichado, valoriza a decoração da mesa e fica linda nas fotos.</p><p><strong>🎉 Ideal para diversas ocasiões</strong></p><ul><li>Aniversários infantis e adultos</li><li>Festas temáticas</li><li>Comemorações especiais</li></ul><p><strong>⭐ Por que escolher este produto?</strong></p><ul><li>Fácil de usar</li><li>Ótimo destaque no bolo</li><li>Valoriza a decoração da mesa</li></ul><p><strong>📋 Especificações do produto</strong></p><ul><li>Tipo: vela decorativa para bolo</li><li>Conteúdo da embalagem: 1 vela (número conforme o modelo)</li></ul><p><strong>ℹ️ Informações importantes</strong></p><ul><li>As cores podem variar levemente conforme a tela do dispositivo.</li><li>Produto indicado para uso decorativo.</li></ul><p><strong>🚚 Frete e prazo</strong></p><p>Calcule o frete e o prazo de entrega informando seu CEP antes de finalizar a compra.</p><p><strong>💡 Dica</strong></p><p>Combine com outros artigos de festa do mesmo tema para montar uma decoração completa e harmoniosa.</p><p><strong>❤️ Garanta a sua</strong></p><p>Garanta agora a <strong>Vela Mini Design - Rosa - N8</strong> e deixe sua comemoração ainda mais especial!</p>",Vela Mini Design para bolo com visual moderno. Vela Mini Design - Rosa - N8. Ideal para aniversários e festas temáticas.,,"media://products/51.jpg,media://products/52.jpg,media://products/53.jpg,media://products/54.jpg,media://products/55.jpg,media://products/56.jpg,media://products/57.jpg,media://products/58.jpg,media://products/59.jpg,media://products/60.jpg,media://products/3-3.png",,,,,,0,,Artigos de Festa,Velas,Velas de Número,,,0,,Número,8,,,VMD-RO-8
 9825110,,28563254,,Vela Mini Design - Rosa - N9,,,,,,Vela Mini Design - Rosa - N9 | Decoração para Festa,Vela Mini Design - Rosa - N9 para bolo. Visual moderno e tamanho compacto. Perfeita para destacar a decoração do bolo.,"vela número rosa, vela de aniversário rosa, vela para bolo, silver festas","<p><strong>✨ Descrição completa — Vela Mini Design - Rosa - N9</strong></p><p>A <strong>Vela Mini Design - Rosa - N9</strong> é perfeita para destacar o bolo e deixar a comemoração ainda mais especial.</p><p>Com visual moderno e acabamento caprichado, valoriza a decoração da mesa e fica linda nas fotos.</p><p><strong>🎉 Ideal para diversas ocasiões</strong></p><ul><li>Aniversários infantis e adultos</li><li>Festas temáticas</li><li>Comemorações especiais</li></ul><p><strong>⭐ Por que escolher este produto?</strong></p><ul><li>Fácil de usar</li><li>Ótimo destaque no bolo</li><li>Valoriza a decoração da mesa</li></ul><p><strong>📋 Especificações do produto</strong></p><ul><li>Tipo: vela decorativa para bolo</li><li>Conteúdo da embalagem: 1 vela (número conforme o modelo)</li></ul><p><strong>ℹ️ Informações importantes</strong></p><ul><li>As cores podem variar levemente conforme a tela do dispositivo.</li><li>Produto indicado para uso decorativo.</li></ul><p><strong>🚚 Frete e prazo</strong></p><p>Calcule o frete e o prazo de entrega informando seu CEP antes de finalizar a compra.</p><p><strong>💡 Dica</strong></p><p>Combine com outros artigos de festa do mesmo tema para montar uma decoração completa e harmoniosa.</p><p><strong>❤️ Garanta a sua</strong></p><p>Garanta agora a <strong>Vela Mini Design - Rosa - N9</strong> e deixe sua comemoração ainda mais especial!</p>",Vela Mini Design para bolo com visual moderno. Vela Mini Design - Rosa - N9. Ideal para aniversários e festas temáticas.,,"media://products/51.jpg,media://products/52.jpg,media://products/53.jpg,media://products/54.jpg,media://products/55.jpg,media://products/56.jpg,media://products/57.jpg,media://products/58.jpg,media://products/59.jpg,media://products/60.jpg,media://products/3-3.png",,,,,,0,,Artigos de Festa,Velas,Velas de Número,,,0,,Número,9,,,VMD-RO-9
 9825110,,28563255,,Vela Mini Design - Rosa - N0,,,,,,Vela Mini Design - Rosa - N0 | Decoração para Festa,Vela Mini Design - Rosa - N0 para bolo. Visual moderno e tamanho compacto. Perfeita para destacar a decoração do bolo.,"vela número rosa, vela de aniversário rosa, vela para bolo, silver festas","<p><strong>✨ Descrição completa — Vela Mini Design - Rosa - N0</strong></p><p>A <strong>Vela Mini Design - Rosa - N0</strong> é perfeita para destacar o bolo e deixar a comemoração ainda mais especial.</p><p>Com visual moderno e acabamento caprichado, valoriza a decoração da mesa e fica linda nas fotos.</p><p><strong>🎉 Ideal para diversas ocasiões</strong></p><ul><li>Aniversários infantis e adultos</li><li>Festas temáticas</li><li>Comemorações especiais</li></ul><p><strong>⭐ Por que escolher este produto?</strong></p><ul><li>Fácil de usar</li><li>Ótimo destaque no bolo</li><li>Valoriza a decoração da mesa</li></ul><p><strong>📋 Especificações do produto</strong></p><ul><li>Tipo: vela decorativa para bolo</li><li>Conteúdo da embalagem: 1 vela (número conforme o modelo)</li></ul><p><strong>ℹ️ Informações importantes</strong></p><ul><li>As cores podem variar levemente conforme a tela do dispositivo.</li><li>Produto indicado para uso decorativo.</li></ul><p><strong>🚚 Frete e prazo</strong></p><p>Calcule o frete e o prazo de entrega informando seu CEP antes de finalizar a compra.</p><p><strong>💡 Dica</strong></p><p>Combine com outros artigos de festa do mesmo tema para montar uma decoração completa e harmoniosa.</p><p><strong>❤️ Garanta a sua</strong></p><p>Garanta agora a <strong>Vela Mini Design - Rosa - N0</strong> e deixe sua comemoração ainda mais especial!</p>",Vela Mini Design para bolo com visual moderno. Vela Mini Design - Rosa - N0. Ideal para aniversários e festas temáticas.,,"media://products/51.jpg,media://products/52.jpg,media://products/53.jpg,media://products/54.jpg,media://products/55.jpg,media://products/56.jpg,media://products/57.jpg,media://products/58.jpg,media://products/59.jpg,media://products/60.jpg,media://products/3-3.png",,,,,,0,,Artigos de Festa,Velas,Velas de Número,,,0,,Número,0,,,VMD-RO-0
 9825110,,28563256,,Vela Mini Design - Rosa - N?,,,,,,Vela Mini Design - Rosa - N? | Decoração para Festa,Vela Mini Design - Rosa - N? para bolo. Visual moderno e tamanho compacto. Perfeita para destacar a decoração do bolo.,"vela número rosa, vela de aniversário rosa, vela para bolo, silver festas","<p><strong>✨ Descrição completa — Vela Mini Design - Rosa - N?</strong></p><p>A <strong>Vela Mini Design - Rosa - N?</strong> é perfeita para destacar o bolo e deixar a comemoração ainda mais especial.</p><p>Com visual moderno e acabamento caprichado, valoriza a decoração da mesa e fica linda nas fotos.</p><p><strong>🎉 Ideal para diversas ocasiões</strong></p><ul><li>Aniversários infantis e adultos</li><li>Festas temáticas</li><li>Comemorações especiais</li></ul><p><strong>⭐ Por que escolher este produto?</strong></p><ul><li>Fácil de usar</li><li>Ótimo destaque no bolo</li><li>Valoriza a decoração da mesa</li></ul><p><strong>📋 Especificações do produto</strong></p><ul><li>Tipo: vela decorativa para bolo</li><li>Conteúdo da embalagem: 1 vela (número conforme o modelo)</li></ul><p><strong>ℹ️ Informações importantes</strong></p><ul><li>As cores podem variar levemente conforme a tela do dispositivo.</li><li>Produto indicado para uso decorativo.</li></ul><p><strong>🚚 Frete e prazo</strong></p><p>Calcule o frete e o prazo de entrega informando seu CEP antes de finalizar a compra.</p><p><strong>💡 Dica</strong></p><p>Combine com outros artigos de festa do mesmo tema para montar uma decoração completa e harmoniosa.</p><p><strong>❤️ Garanta a sua</strong></p><p>Garanta agora a <strong>Vela Mini Design - Rosa - N?</strong> e deixe sua comemoração ainda mais especial!</p>",Vela Mini Design para bolo com visual moderno. Vela Mini Design - Rosa - N?. Ideal para aniversários e festas temáticas.,,"media://products/51.jpg,media://products/52.jpg,media://products/53.jpg,media://products/54.jpg,media://products/55.jpg,media://products/56.jpg,media://products/57.jpg,media://products/58.jpg,media://products/59.jpg,media://products/60.jpg,media://products/3-3.png",,,,,,0,,Artigos de Festa,Velas,Velas de Número,,,0,,Número,?,,,VMD-RO-?
9825060,,,,Vela Mini Design - Rosa Bebe - N0,/vela-numero-mini-design-rosa-bebe,"0,020",3.00,3.00,10.00,Vela Mini Design - Rosa Bebe - N0 | Decoração para Festa,Vela Mini Design - Rosa Bebe - N0 para bolo. Visual moderno e tamanho compacto. Perfeita para destacar a decoração do bolo.,"vela número rosa bebe, vela de aniversário rosa bebe, vela para bolo, silver festas","<p><strong>✨ Descrição completa — Vela Mini Design - Rosa Bebe - N0</strong></p><p>A <strong>Vela Mini Design - Rosa Bebe - N0</strong> é perfeita para destacar o bolo e deixar a comemoração ainda mais especial.</p><p>Com visual moderno e acabamento caprichado, valoriza a decoração da mesa e fica linda nas fotos.</p><p><strong>🎉 Ideal para diversas ocasiões</strong></p><ul><li>Aniversários infantis e adultos</li><li>Festas temáticas</li><li>Comemorações especiais</li></ul><p><strong>⭐ Por que escolher este produto?</strong></p><ul><li>Fácil de usar</li><li>Ótimo destaque no bolo</li><li>Valoriza a decoração da mesa</li></ul><p><strong>📋 Especificações do produto</strong></p><ul><li>Tipo: vela decorativa para bolo</li><li>Conteúdo da embalagem: 1 vela (número conforme o modelo)</li></ul><p><strong>ℹ️ Informações importantes</strong></p><ul><li>As cores podem variar levemente conforme a tela do dispositivo.</li><li>Produto indicado para uso decorativo.</li></ul><p><strong>🚚 Frete e prazo</strong></p><p>Calcule o frete e o prazo de entrega informando seu CEP antes de finalizar a compra.</p><p><strong>💡 Dica</strong></p><p>Combine com outros artigos de festa do mesmo tema para montar uma decoração completa e harmoniosa.</p><p><strong>❤️ Garanta a sua</strong></p><p>Garanta agora a <strong>Vela Mini Design - Rosa Bebe - N0</strong> e deixe sua comemoração ainda mais especial!</p>",Vela Mini Design para bolo com visual moderno. Vela Mini Design - Rosa Bebe - N0. Ideal para aniversários e festas temáticas.,,"media://products/21.jpg,media://products/22.jpg,media://products/23.jpg,media://products/24.jpg,media://products/25.jpg,media://products/26.jpg,media://products/27.jpg,media://products/28.jpg,media://products/29.jpg,media://products/30.jpg,media://products/2-3.png",7.90,,,,,0,,Artigos de Festa,Velas,Velas de Número,,,10,,,,,,
 9825060,,28563102,,Vela Mini Design - Rosa Bebe - N1,,,,,,Vela Mini Design - Rosa Bebe - N1 | Decoração para Festa,Vela Mini Design - Rosa Bebe - N1 para bolo. Visual moderno e tamanho compacto. Perfeita para destacar a decoração do bolo.,"vela número rosa bebe, vela de aniversário rosa bebe, vela para bolo, silver festas","<p><strong>✨ Descrição completa — Vela Mini Design - Rosa Bebe - N1</strong></p><p>A <strong>Vela Mini Design - Rosa Bebe - N1</strong> é perfeita para destacar o bolo e deixar a comemoração ainda mais especial.</p><p>Com visual moderno e acabamento caprichado, valoriza a decoração da mesa e fica linda nas fotos.</p><p><strong>🎉 Ideal para diversas ocasiões</strong></p><ul><li>Aniversários infantis e adultos</li><li>Festas temáticas</li><li>Comemorações especiais</li></ul><p><strong>⭐ Por que escolher este produto?</strong></p><ul><li>Fácil de usar</li><li>Ótimo destaque no bolo</li><li>Valoriza a decoração da mesa</li></ul><p><strong>📋 Especificações do produto</strong></p><ul><li>Tipo: vela decorativa para bolo</li><li>Conteúdo da embalagem: 1 vela (número conforme o modelo)</li></ul><p><strong>ℹ️ Informações importantes</strong></p><ul><li>As cores podem variar levemente conforme a tela do dispositivo.</li><li>Produto indicado para uso decorativo.</li></ul><p><strong>🚚 Frete e prazo</strong></p><p>Calcule o frete e o prazo de entrega informando seu CEP antes de finalizar a compra.</p><p><strong>💡 Dica</strong></p><p>Combine com outros artigos de festa do mesmo tema para montar uma decoração completa e harmoniosa.</p><p><strong>❤️ Garanta a sua</strong></p><p>Garanta agora a <strong>Vela Mini Design - Rosa Bebe - N1</strong> e deixe sua comemoração ainda mais especial!</p>",Vela Mini Design para bolo com visual moderno. Vela Mini Design - Rosa Bebe - N1. Ideal para aniversários e festas temáticas.,,"media://products/21.jpg,media://products/22.jpg,media://products/23.jpg,media://products/24.jpg,media://products/25.jpg,media://products/26.jpg,media://products/27.jpg,media://products/28.jpg,media://products/29.jpg,media://products/30.jpg,media://products/2-3.png",,,,,,0,,Artigos de Festa,Velas,Velas de Número,,,10,,Número,1,,,VMD-RS-1
 9825060,,28563103,,Vela Mini Design - Rosa Bebe - N2,,,,,,Vela Mini Design - Rosa Bebe - N2 | Decoração para Festa,Vela Mini Design - Rosa Bebe - N2 para bolo. Visual moderno e tamanho compacto. Perfeita para destacar a decoração do bolo.,"vela número rosa bebe, vela de aniversário rosa bebe, vela para bolo, silver festas","<p><strong>✨ Descrição completa — Vela Mini Design - Rosa Bebe - N2</strong></p><p>A <strong>Vela Mini Design - Rosa Bebe - N2</strong> é perfeita para destacar o bolo e deixar a comemoração ainda mais especial.</p><p>Com visual moderno e acabamento caprichado, valoriza a decoração da mesa e fica linda nas fotos.</p><p><strong>🎉 Ideal para diversas ocasiões</strong></p><ul><li>Aniversários infantis e adultos</li><li>Festas temáticas</li><li>Comemorações especiais</li></ul><p><strong>⭐ Por que escolher este produto?</strong></p><ul><li>Fácil de usar</li><li>Ótimo destaque no bolo</li><li>Valoriza a decoração da mesa</li></ul><p><strong>📋 Especificações do produto</strong></p><ul><li>Tipo: vela decorativa para bolo</li><li>Conteúdo da embalagem: 1 vela (número conforme o modelo)</li></ul><p><strong>ℹ️ Informações importantes</strong></p><ul><li>As cores podem variar levemente conforme a tela do dispositivo.</li><li>Produto indicado para uso decorativo.</li></ul><p><strong>🚚 Frete e prazo</strong></p><p>Calcule o frete e o prazo de entrega informando seu CEP antes de finalizar a compra.</p><p><strong>💡 Dica</strong></p><p>Combine com outros artigos de festa do mesmo tema para montar uma decoração completa e harmoniosa.</p><p><strong>❤️ Garanta a sua</strong></p><p>Garanta agora a <strong>Vela Mini Design - Rosa Bebe - N2</strong> e deixe sua comemoração ainda mais especial!</p>",Vela Mini Design para bolo com visual moderno. Vela Mini Design - Rosa Bebe - N2. Ideal para aniversários e festas temáticas.,,"media://products/21.jpg,media://products/22.jpg,media://products/23.jpg,media://products/24.jpg,media://products/25.jpg,media://products/26.jpg,media://products/27.jpg,media://products/28.jpg,media://products/29.jpg,media://products/30.jpg,media://products/2-3.png",,,,,,0,,Artigos de Festa,Velas,Velas de Número,,,10,,Número,2,,,VMD-RS-2
 9825060,,28563104,,Vela Mini Design - Rosa Bebe - N3,,,,,,Vela Mini Design - Rosa Bebe - N3 | Decoração para Festa,Vela Mini Design - Rosa Bebe - N3 para bolo. Visual moderno e tamanho compacto. Perfeita para destacar a decoração do bolo.,"vela número rosa bebe, vela de aniversário rosa bebe, vela para bolo, silver festas","<p><strong>✨ Descrição completa — Vela Mini Design - Rosa Bebe - N3</strong></p><p>A <strong>Vela Mini Design - Rosa Bebe - N3</strong> é perfeita para destacar o bolo e deixar a comemoração ainda mais especial.</p><p>Com visual moderno e acabamento caprichado, valoriza a decoração da mesa e fica linda nas fotos.</p><p><strong>🎉 Ideal para diversas ocasiões</strong></p><ul><li>Aniversários infantis e adultos</li><li>Festas temáticas</li><li>Comemorações especiais</li></ul><p><strong>⭐ Por que escolher este produto?</strong></p><ul><li>Fácil de usar</li><li>Ótimo destaque no bolo</li><li>Valoriza a decoração da mesa</li></ul><p><strong>📋 Especificações do produto</strong></p><ul><li>Tipo: vela decorativa para bolo</li><li>Conteúdo da embalagem: 1 vela (número conforme o modelo)</li></ul><p><strong>ℹ️ Informações importantes</strong></p><ul><li>As cores podem variar levemente conforme a tela do dispositivo.</li><li>Produto indicado para uso decorativo.</li></ul><p><strong>🚚 Frete e prazo</strong></p><p>Calcule o frete e o prazo de entrega informando seu CEP antes de finalizar a compra.</p><p><strong>💡 Dica</strong></p><p>Combine com outros artigos de festa do mesmo tema para montar uma decoração completa e harmoniosa.</p><p><strong>❤️ Garanta a sua</strong></p><p>Garanta agora a <strong>Vela Mini Design - Rosa Bebe - N3</strong> e deixe sua comemoração ainda mais especial!</p>",Vela Mini Design para bolo com visual moderno. Vela Mini Design - Rosa Bebe - N3. Ideal para aniversários e festas temáticas.,,"media://products/21.jpg,media://products/22.jpg,media://products/23.jpg,media://products/24.jpg,media://products/25.jpg,media://products/26.jpg,media://products/27.jpg,media://products/28.jpg,media://products/29.jpg,media://products/30.jpg,media://products/2-3.png",,,,,,0,,Artigos de Festa,Velas,Velas de Número,,,10,,Número,3,,,VMD-RS-3
 9825060,,28563105,,Vela Mini Design - Rosa Bebe - N4,,,,,,Vela Mini Design - Rosa Bebe - N4 | Decoração para Festa,Vela Mini Design - Rosa Bebe - N4 para bolo. Visual moderno e tamanho compacto. Perfeita para destacar a decoração do bolo.,"vela número rosa bebe, vela de aniversário rosa bebe, vela para bolo, silver festas","<p><strong>✨ Descrição completa — Vela Mini Design - Rosa Bebe - N4</strong></p><p>A <strong>Vela Mini Design - Rosa Bebe - N4</strong> é perfeita para destacar o bolo e deixar a comemoração ainda mais especial.</p><p>Com visual moderno e acabamento caprichado, valoriza a decoração da mesa e fica linda nas fotos.</p><p><strong>🎉 Ideal para diversas ocasiões</strong></p><ul><li>Aniversários infantis e adultos</li><li>Festas temáticas</li><li>Comemorações especiais</li></ul><p><strong>⭐ Por que escolher este produto?</strong></p><ul><li>Fácil de usar</li><li>Ótimo destaque no bolo</li><li>Valoriza a decoração da mesa</li></ul><p><strong>📋 Especificações do produto</strong></p><ul><li>Tipo: vela decorativa para bolo</li><li>Conteúdo da embalagem: 1 vela (número conforme o modelo)</li></ul><p><strong>ℹ️ Informações importantes</strong></p><ul><li>As cores podem variar levemente conforme a tela do dispositivo.</li><li>Produto indicado para uso decorativo.</li></ul><p><strong>🚚 Frete e prazo</strong></p><p>Calcule o frete e o prazo de entrega informando seu CEP antes de finalizar a compra.</p><p><strong>💡 Dica</strong></p><p>Combine com outros artigos de festa do mesmo tema para montar uma decoração completa e harmoniosa.</p><p><strong>❤️ Garanta a sua</strong></p><p>Garanta agora a <strong>Vela Mini Design - Rosa Bebe - N4</strong> e deixe sua comemoração ainda mais especial!</p>",Vela Mini Design para bolo com visual moderno. Vela Mini Design - Rosa Bebe - N4. Ideal para aniversários e festas temáticas.,,"media://products/21.jpg,media://products/22.jpg,media://products/23.jpg,media://products/24.jpg,media://products/25.jpg,media://products/26.jpg,media://products/27.jpg,media://products/28.jpg,media://products/29.jpg,media://products/30.jpg,media://products/2-3.png",,,,,,0,,Artigos de Festa,Velas,Velas de Número,,,10,,Número,4,,,VMD-RS-4
 9825060,,28563106,,Vela Mini Design - Rosa Bebe - N5,,,,,,Vela Mini Design - Rosa Bebe - N5 | Decoração para Festa,Vela Mini Design - Rosa Bebe - N5 para bolo. Visual moderno e tamanho compacto. Perfeita para destacar a decoração do bolo.,"vela número rosa bebe, vela de aniversário rosa bebe, vela para bolo, silver festas","<p><strong>✨ Descrição completa — Vela Mini Design - Rosa Bebe - N5</strong></p><p>A <strong>Vela Mini Design - Rosa Bebe - N5</strong> é perfeita para destacar o bolo e deixar a comemoração ainda mais especial.</p><p>Com visual moderno e acabamento caprichado, valoriza a decoração da mesa e fica linda nas fotos.</p><p><strong>🎉 Ideal para diversas ocasiões</strong></p><ul><li>Aniversários infantis e adultos</li><li>Festas temáticas</li><li>Comemorações especiais</li></ul><p><strong>⭐ Por que escolher este produto?</strong></p><ul><li>Fácil de usar</li><li>Ótimo destaque no bolo</li><li>Valoriza a decoração da mesa</li></ul><p><strong>📋 Especificações do produto</strong></p><ul><li>Tipo: vela decorativa para bolo</li><li>Conteúdo da embalagem: 1 vela (número conforme o modelo)</li></ul><p><strong>ℹ️ Informações importantes</strong></p><ul><li>As cores podem variar levemente conforme a tela do dispositivo.</li><li>Produto indicado para uso decorativo.</li></ul><p><strong>🚚 Frete e prazo</strong></p><p>Calcule o frete e o prazo de entrega informando seu CEP antes de finalizar a compra.</p><p><strong>💡 Dica</strong></p><p>Combine com outros artigos de festa do mesmo tema para montar uma decoração completa e harmoniosa.</p><p><strong>❤️ Garanta a sua</strong></p><p>Garanta agora a <strong>Vela Mini Design - Rosa Bebe - N5</strong> e deixe sua comemoração ainda mais especial!</p>",Vela Mini Design para bolo com visual moderno. Vela Mini Design - Rosa Bebe - N5. Ideal para aniversários e festas temáticas.,,"media://products/21.jpg,media://products/22.jpg,media://products/23.jpg,media://products/24.jpg,media://products/25.jpg,media://products/26.jpg,media://products/27.jpg,media://products/28.jpg,media://products/29.jpg,media://products/30.jpg,media://products/2-3.png",,,,,,0,,Artigos de Festa,Velas,Velas de Número,,,10,,Número,5,,,VMD-RS-5
 9825060,,28563107,,Vela Mini Design - Rosa Bebe - N6,,,,,,Vela Mini Design - Rosa Bebe - N6 | Decoração para Festa,Vela Mini Design - Rosa Bebe - N6 para bolo. Visual moderno e tamanho compacto. Perfeita para destacar a decoração do bolo.,"vela número rosa bebe, vela de aniversário rosa bebe, vela para bolo, silver festas","<p><strong>✨ Descrição completa — Vela Mini Design - Rosa Bebe - N6</strong></p><p>A <strong>Vela Mini Design - Rosa Bebe - N6</strong> é perfeita para destacar o bolo e deixar a comemoração ainda mais especial.</p><p>Com visual moderno e acabamento caprichado, valoriza a decoração da mesa e fica linda nas fotos.</p><p><strong>🎉 Ideal para diversas ocasiões</strong></p><ul><li>Aniversários infantis e adultos</li><li>Festas temáticas</li><li>Comemorações especiais</li></ul><p><strong>⭐ Por que escolher este produto?</strong></p><ul><li>Fácil de usar</li><li>Ótimo destaque no bolo</li><li>Valoriza a decoração da mesa</li></ul><p><strong>📋 Especificações do produto</strong></p><ul><li>Tipo: vela decorativa para bolo</li><li>Conteúdo da embalagem: 1 vela (número conforme o modelo)</li></ul><p><strong>ℹ️ Informações importantes</strong></p><ul><li>As cores podem variar levemente conforme a tela do dispositivo.</li><li>Produto indicado para uso decorativo.</li></ul><p><strong>🚚 Frete e prazo</strong></p><p>Calcule o frete e o prazo de entrega informando seu CEP antes de finalizar a compra.</p><p><strong>💡 Dica</strong></p><p>Combine com outros artigos de festa do mesmo tema para montar uma decoração completa e harmoniosa.</p><p><strong>❤️ Garanta a sua</strong></p><p>Garanta agora a <strong>Vela Mini Design - Rosa Bebe - N6</strong> e deixe sua comemoração ainda mais especial!</p>",Vela Mini Design para bolo com visual moderno. Vela Mini Design - Rosa Bebe - N6. Ideal para aniversários e festas temáticas.,,"media://products/21.jpg,media://products/22.jpg,media://products/23.jpg,media://products/24.jpg,media://products/25.jpg,media://products/26.jpg,media://products/27.jpg,media://products/28.jpg,media://products/29.jpg,media://products/30.jpg,media://products/2-3.png",,,,,,0,,Artigos de Festa,Velas,Velas de Número,,,10,,Número,6,,,VMD-RS-6
 9825060,,28563108,,Vela Mini Design - Rosa Bebe - N7,,,,,,Vela Mini Design - Rosa Bebe - N7 | Decoração para Festa,Vela Mini Design - Rosa Bebe - N7 para bolo. Visual moderno e tamanho compacto. Perfeita para destacar a decoração do bolo.,"vela número rosa bebe, vela de aniversário rosa bebe, vela para bolo, silver festas","<p><strong>✨ Descrição completa — Vela Mini Design - Rosa Bebe - N7</strong></p><p>A <strong>Vela Mini Design - Rosa Bebe - N7</strong> é perfeita para destacar o bolo e deixar a comemoração ainda mais especial.</p><p>Com visual moderno e acabamento caprichado, valoriza a decoração da mesa e fica linda nas fotos.</p><p><strong>🎉 Ideal para diversas ocasiões</strong></p><ul><li>Aniversários infantis e adultos</li><li>Festas temáticas</li><li>Comemorações especiais</li></ul><p><strong>⭐ Por que escolher este produto?</strong></p><ul><li>Fácil de usar</li><li>Ótimo destaque no bolo</li><li>Valoriza a decoração da mesa</li></ul><p><strong>📋 Especificações do produto</strong></p><ul><li>Tipo: vela decorativa para bolo</li><li>Conteúdo da embalagem: 1 vela (número conforme o modelo)</li></ul><p><strong>ℹ️ Informações importantes</strong></p><ul><li>As cores podem variar levemente conforme a tela do dispositivo.</li><li>Produto indicado para uso decorativo.</li></ul><p><strong>🚚 Frete e prazo</strong></p><p>Calcule o frete e o prazo de entrega informando seu CEP antes de finalizar a compra.</p><p><strong>💡 Dica</strong></p><p>Combine com outros artigos de festa do mesmo tema para montar uma decoração completa e harmoniosa.</p><p><strong>❤️ Garanta a sua</strong></p><p>Garanta agora a <strong>Vela Mini Design - Rosa Bebe - N7</strong> e deixe sua comemoração ainda mais especial!</p>",Vela Mini Design para bolo com visual moderno. Vela Mini Design - Rosa Bebe - N7. Ideal para aniversários e festas temáticas.,,"media://products/21.jpg,media://products/22.jpg,media://products/23.jpg,media://products/24.jpg,media://products/25.jpg,media://products/26.jpg,media://products/27.jpg,media://products/28.jpg,media://products/29.jpg,media://products/30.jpg,media://products/2-3.png",,,,,,0,,Artigos de Festa,Velas,Velas de Número,,,10,,Número,7,,,VMD-RS-7
 9825060,,28563109,,Vela Mini Design - Rosa Bebe - N8,,,,,,Vela Mini Design - Rosa Bebe - N8 | Decoração para Festa,Vela Mini Design - Rosa Bebe - N8 para bolo. Visual moderno e tamanho compacto. Perfeita para destacar a decoração do bolo.,"vela número rosa bebe, vela de aniversário rosa bebe, vela para bolo, silver festas","<p><strong>✨ Descrição completa — Vela Mini Design - Rosa Bebe - N8</strong></p><p>A <strong>Vela Mini Design - Rosa Bebe - N8</strong> é perfeita para destacar o bolo e deixar a comemoração ainda mais especial.</p><p>Com visual moderno e acabamento caprichado, valoriza a decoração da mesa e fica linda nas fotos.</p><p><strong>🎉 Ideal para diversas ocasiões</strong></p><ul><li>Aniversários infantis e adultos</li><li>Festas temáticas</li><li>Comemorações especiais</li></ul><p><strong>⭐ Por que escolher este produto?</strong></p><ul><li>Fácil de usar</li><li>Ótimo destaque no bolo</li><li>Valoriza a decoração da mesa</li></ul><p><strong>📋 Especificações do produto</strong></p><ul><li>Tipo: vela decorativa para bolo</li><li>Conteúdo da embalagem: 1 vela (número conforme o modelo)</li></ul><p><strong>ℹ️ Informações importantes</strong></p><ul><li>As cores podem variar levemente conforme a tela do dispositivo.</li><li>Produto indicado para uso decorativo.</li></ul><p><strong>🚚 Frete e prazo</strong></p><p>Calcule o frete e o prazo de entrega informando seu CEP antes de finalizar a compra.</p><p><strong>💡 Dica</strong></p><p>Combine com outros artigos de festa do mesmo tema para montar uma decoração completa e harmoniosa.</p><p><strong>❤️ Garanta a sua</strong></p><p>Garanta agora a <strong>Vela Mini Design - Rosa Bebe - N8</strong> e deixe sua comemoração ainda mais especial!</p>",Vela Mini Design para bolo com visual moderno. Vela Mini Design - Rosa Bebe - N8. Ideal para aniversários e festas temáticas.,,"media://products/21.jpg,media://products/22.jpg,media://products/23.jpg,media://products/24.jpg,media://products/25.jpg,media://products/26.jpg,media://products/27.jpg,media://products/28.jpg,media://products/29.jpg,media://products/30.jpg,media://products/2-3.png",,,,,,0,,Artigos de Festa,Velas,Velas de Número,,,10,,Número,8,,,VMD-RS-8
 9825060,,28563110,,Vela Mini Design - Rosa Bebe - N9,,,,,,Vela Mini Design - Rosa Bebe - N9 | Decoração para Festa,Vela Mini Design - Rosa Bebe - N9 para bolo. Visual moderno e tamanho compacto. Perfeita para destacar a decoração do bolo.,"vela número rosa bebe, vela de aniversário rosa bebe, vela para bolo, silver festas","<p><strong>✨ Descrição completa — Vela Mini Design - Rosa Bebe - N9</strong></p><p>A <strong>Vela Mini Design - Rosa Bebe - N9</strong> é perfeita para destacar o bolo e deixar a comemoração ainda mais especial.</p><p>Com visual moderno e acabamento caprichado, valoriza a decoração da mesa e fica linda nas fotos.</p><p><strong>🎉 Ideal para diversas ocasiões</strong></p><ul><li>Aniversários infantis e adultos</li><li>Festas temáticas</li><li>Comemorações especiais</li></ul><p><strong>⭐ Por que escolher este produto?</strong></p><ul><li>Fácil de usar</li><li>Ótimo destaque no bolo</li><li>Valoriza a decoração da mesa</li></ul><p><strong>📋 Especificações do produto</strong></p><ul><li>Tipo: vela decorativa para bolo</li><li>Conteúdo da embalagem: 1 vela (número conforme o modelo)</li></ul><p><strong>ℹ️ Informações importantes</strong></p><ul><li>As cores podem variar levemente conforme a tela do dispositivo.</li><li>Produto indicado para uso decorativo.</li></ul><p><strong>🚚 Frete e prazo</strong></p><p>Calcule o frete e o prazo de entrega informando seu CEP antes de finalizar a compra.</p><p><strong>💡 Dica</strong></p><p>Combine com outros artigos de festa do mesmo tema para montar uma decoração completa e harmoniosa.</p><p><strong>❤️ Garanta a sua</strong></p><p>Garanta agora a <strong>Vela Mini Design - Rosa Bebe - N9</strong> e deixe sua comemoração ainda mais especial!</p>",Vela Mini Design para bolo com visual moderno. Vela Mini Design - Rosa Bebe - N9. Ideal para aniversários e festas temáticas.,,"media://products/21.jpg,media://products/22.jpg,media://products/23.jpg,media://products/24.jpg,media://products/25.jpg,media://products/26.jpg,media://products/27.jpg,media://products/28.jpg,media://products/29.jpg,media://products/30.jpg,media://products/2-3.png",,,,,,0,,Artigos de Festa,Velas,Velas de Número,,,10,,Número,9,,,VMD-RS-9
 9825060,,28563111,,Vela Mini Design - Rosa Bebe - N0,,,,,,Vela Mini Design - Rosa Bebe - N0 | Decoração para Festa,Vela Mini Design - Rosa Bebe - N0 para bolo. Visual moderno e tamanho compacto. Perfeita para destacar a decoração do bolo.,"vela número rosa bebe, vela de aniversário rosa bebe, vela para bolo, silver festas","<p><strong>✨ Descrição completa — Vela Mini Design - Rosa Bebe - N0</strong></p><p>A <strong>Vela Mini Design - Rosa Bebe - N0</strong> é perfeita para destacar o bolo e deixar a comemoração ainda mais especial.</p><p>Com visual moderno e acabamento caprichado, valoriza a decoração da mesa e fica linda nas fotos.</p><p><strong>🎉 Ideal para diversas ocasiões</strong></p><ul><li>Aniversários infantis e adultos</li><li>Festas temáticas</li><li>Comemorações especiais</li></ul><p><strong>⭐ Por que escolher este produto?</strong></p><ul><li>Fácil de usar</li><li>Ótimo destaque no bolo</li><li>Valoriza a decoração da mesa</li></ul><p><strong>📋 Especificações do produto</strong></p><ul><li>Tipo: vela decorativa para bolo</li><li>Conteúdo da embalagem: 1 vela (número conforme o modelo)</li></ul><p><strong>ℹ️ Informações importantes</strong></p><ul><li>As cores podem variar levemente conforme a tela do dispositivo.</li><li>Produto indicado para uso decorativo.</li></ul><p><strong>🚚 Frete e prazo</strong></p><p>Calcule o frete e o prazo de entrega informando seu CEP antes de finalizar a compra.</p><p><strong>💡 Dica</strong></p><p>Combine com outros artigos de festa do mesmo tema para montar uma decoração completa e harmoniosa.</p><p><strong>❤️ Garanta a sua</strong></p><p>Garanta agora a <strong>Vela Mini Design - Rosa Bebe - N0</strong> e deixe sua comemoração ainda mais especial!</p>",Vela Mini Design para bolo com visual moderno. Vela Mini Design - Rosa Bebe - N0. Ideal para aniversários e festas temáticas.,,"media://products/21.jpg,media://products/22.jpg,media://products/23.jpg,media://products/24.jpg,media://products/25.jpg,media://products/26.jpg,media://products/27.jpg,media://products/28.jpg,media://products/29.jpg,media://products/30.jpg,media://products/2-3.png",,,,,,0,,Artigos de Festa,Velas,Velas de Número,,,10,,Número,0,,,VMD-RS-0
 9825060,,28563112,,Vela Mini Design - Rosa Bebe - N?,,,,,,Vela Mini Design - Rosa Bebe - N? | Decoração para Festa,Vela Mini Design - Rosa Bebe - N? para bolo. Visual moderno e tamanho compacto. Perfeita para destacar a decoração do bolo.,"vela número rosa bebe, vela de aniversário rosa bebe, vela para bolo, silver festas","<p><strong>✨ Descrição completa — Vela Mini Design - Rosa Bebe - N?</strong></p><p>A <strong>Vela Mini Design - Rosa Bebe - N?</strong> é perfeita para destacar o bolo e deixar a comemoração ainda mais especial.</p><p>Com visual moderno e acabamento caprichado, valoriza a decoração da mesa e fica linda nas fotos.</p><p><strong>🎉 Ideal para diversas ocasiões</strong></p><ul><li>Aniversários infantis e adultos</li><li>Festas temáticas</li><li>Comemorações especiais</li></ul><p><strong>⭐ Por que escolher este produto?</strong></p><ul><li>Fácil de usar</li><li>Ótimo destaque no bolo</li><li>Valoriza a decoração da mesa</li></ul><p><strong>📋 Especificações do produto</strong></p><ul><li>Tipo: vela decorativa para bolo</li><li>Conteúdo da embalagem: 1 vela (número conforme o modelo)</li></ul><p><strong>ℹ️ Informações importantes</strong></p><ul><li>As cores podem variar levemente conforme a tela do dispositivo.</li><li>Produto indicado para uso decorativo.</li></ul><p><strong>🚚 Frete e prazo</strong></p><p>Calcule o frete e o prazo de entrega informando seu CEP antes de finalizar a compra.</p><p><strong>💡 Dica</strong></p><p>Combine com outros artigos de festa do mesmo tema para montar uma decoração completa e harmoniosa.</p><p><strong>❤️ Garanta a sua</strong></p><p>Garanta agora a <strong>Vela Mini Design - Rosa Bebe - N?</strong> e deixe sua comemoração ainda mais especial!</p>",Vela Mini Design para bolo com visual moderno. Vela Mini Design - Rosa Bebe - N?. Ideal para aniversários e festas temáticas.,,"media://products/21.jpg,media://products/22.jpg,media://products/23.jpg,media://products/24.jpg,media://products/25.jpg,media://products/26.jpg,media://products/27.jpg,media://products/28.jpg,media://products/29.jpg,media://products/30.jpg,media://products/2-3.png",,,,,,0,,Artigos de Festa,Velas,Velas de Número,,,10,,Número,?,,,VMD-RS-?
9824917,,,,Vela Mini Design - Prata - N0,/vela-numero-prata-silver-festas,"0,020",3.00,3.00,10.00,Vela Mini Design - Prata - N0 | Decoração para Festa,Vela Mini Design - Prata - N0 para bolo. Visual moderno e tamanho compacto. Perfeita para destacar a decoração do bolo.,"vela número prata, vela de aniversário prata, vela para bolo, silver festas","<p><strong>✨ Descrição completa — Vela Mini Design - Prata - N0</strong></p><p>A <strong>Vela Mini Design - Prata - N0</strong> é perfeita para destacar o bolo e deixar a comemoração ainda mais especial.</p><p>Com visual moderno e acabamento caprichado, valoriza a decoração da mesa e fica linda nas fotos.</p><p><strong>🎉 Ideal para diversas ocasiões</strong></p><ul><li>Aniversários infantis e adultos</li><li>Festas temáticas</li><li>Comemorações especiais</li></ul><p><strong>⭐ Por que escolher este produto?</strong></p><ul><li>Fácil de usar</li><li>Ótimo destaque no bolo</li><li>Valoriza a decoração da mesa</li></ul><p><strong>📋 Especificações do produto</strong></p><ul><li>Tipo: vela decorativa para bolo</li><li>Conteúdo da embalagem: 1 vela (número conforme o modelo)</li></ul><p><strong>ℹ️ Informações importantes</strong></p><ul><li>As cores podem variar levemente conforme a tela do dispositivo.</li><li>Produto indicado para uso decorativo.</li></ul><p><strong>🚚 Frete e prazo</strong></p><p>Calcule o frete e o prazo de entrega informando seu CEP antes de finalizar a compra.</p><p><strong>💡 Dica</strong></p><p>Combine com outros artigos de festa do mesmo tema para montar uma decoração completa e harmoniosa.</p><p><strong>❤️ Garanta a sua</strong></p><p>Garanta agora a <strong>Vela Mini Design - Prata - N0</strong> e deixe sua comemoração ainda mais especial!</p>",Vela Mini Design para bolo com visual moderno. Vela Mini Design - Prata - N0. Ideal para aniversários e festas temáticas.,,"media://products/1-3.png,media://products/2-4.png,media://products/3-4.png,media://products/4-3.png,media://products/12-3.png,media://products/5-4.png,media://products/6-4.png,media://products/7-4.png,media://products/8-3.png,media://products/9-3.png,media://products/10-3.png,media://products/11-3.png",7.90,,,,,1,,Artigos de Festa,Velas,Velas de Número,,,10,,,,,,
 9824917,,28562840,,Vela Mini Design - Prata - N1,,,,,,Vela Mini Design - Prata - N1 | Decoração para Festa,Vela Mini Design - Prata - N1 para bolo. Visual moderno e tamanho compacto. Perfeita para destacar a decoração do bolo.,"vela número prata, vela de aniversário prata, vela para bolo, silver festas","<p><strong>✨ Descrição completa — Vela Mini Design - Prata - N1</strong></p><p>A <strong>Vela Mini Design - Prata - N1</strong> é perfeita para destacar o bolo e deixar a comemoração ainda mais especial.</p><p>Com visual moderno e acabamento caprichado, valoriza a decoração da mesa e fica linda nas fotos.</p><p><strong>🎉 Ideal para diversas ocasiões</strong></p><ul><li>Aniversários infantis e adultos</li><li>Festas temáticas</li><li>Comemorações especiais</li></ul><p><strong>⭐ Por que escolher este produto?</strong></p><ul><li>Fácil de usar</li><li>Ótimo destaque no bolo</li><li>Valoriza a decoração da mesa</li></ul><p><strong>📋 Especificações do produto</strong></p><ul><li>Tipo: vela decorativa para bolo</li><li>Conteúdo da embalagem: 1 vela (número conforme o modelo)</li></ul><p><strong>ℹ️ Informações importantes</strong></p><ul><li>As cores podem variar levemente conforme a tela do dispositivo.</li><li>Produto indicado para uso decorativo.</li></ul><p><strong>🚚 Frete e prazo</strong></p><p>Calcule o frete e o prazo de entrega informando seu CEP antes de finalizar a compra.</p><p><strong>💡 Dica</strong></p><p>Combine com outros artigos de festa do mesmo tema para montar uma decoração completa e harmoniosa.</p><p><strong>❤️ Garanta a sua</strong></p><p>Garanta agora a <strong>Vela Mini Design - Prata - N1</strong> e deixe sua comemoração ainda mais especial!</p>",Vela Mini Design para bolo com visual moderno. Vela Mini Design - Prata - N1. Ideal para aniversários e festas temáticas.,,"media://products/1-3.png,media://products/2-4.png,media://products/3-4.png,media://products/4-3.png,media://products/12-3.png,media://products/5-4.png,media://products/6-4.png,media://products/7-4.png,media://products/8-3.png,media://products/9-3.png,media://products/10-3.png,media://products/11-3.png",,,,,,1,,Artigos de Festa,Velas,Velas de Número,,,10,,Número,1,,,VMD-PR-1
 9824917,,28562841,,Vela Mini Design - Prata - N2,,,,,,Vela Mini Design - Prata - N2 | Decoração para Festa,Vela Mini Design - Prata - N2 para bolo. Visual moderno e tamanho compacto. Perfeita para destacar a decoração do bolo.,"vela número prata, vela de aniversário prata, vela para bolo, silver festas","<p><strong>✨ Descrição completa — Vela Mini Design - Prata - N2</strong></p><p>A <strong>Vela Mini Design - Prata - N2</strong> é perfeita para destacar o bolo e deixar a comemoração ainda mais especial.</p><p>Com visual moderno e acabamento caprichado, valoriza a decoração da mesa e fica linda nas fotos.</p><p><strong>🎉 Ideal para diversas ocasiões</strong></p><ul><li>Aniversários infantis e adultos</li><li>Festas temáticas</li><li>Comemorações especiais</li></ul><p><strong>⭐ Por que escolher este produto?</strong></p><ul><li>Fácil de usar</li><li>Ótimo destaque no bolo</li><li>Valoriza a decoração da mesa</li></ul><p><strong>📋 Especificações do produto</strong></p><ul><li>Tipo: vela decorativa para bolo</li><li>Conteúdo da embalagem: 1 vela (número conforme o modelo)</li></ul><p><strong>ℹ️ Informações importantes</strong></p><ul><li>As cores podem variar levemente conforme a tela do dispositivo.</li><li>Produto indicado para uso decorativo.</li></ul><p><strong>🚚 Frete e prazo</strong></p><p>Calcule o frete e o prazo de entrega informando seu CEP antes de finalizar a compra.</p><p><strong>💡 Dica</strong></p><p>Combine com outros artigos de festa do mesmo tema para montar uma decoração completa e harmoniosa.</p><p><strong>❤️ Garanta a sua</strong></p><p>Garanta agora a <strong>Vela Mini Design - Prata - N2</strong> e deixe sua comemoração ainda mais especial!</p>",Vela Mini Design para bolo com visual moderno. Vela Mini Design - Prata - N2. Ideal para aniversários e festas temáticas.,,"media://products/1-3.png,media://products/2-4.png,media://products/3-4.png,media://products/4-3.png,media://products/12-3.png,media://products/5-4.png,media://products/6-4.png,media://products/7-4.png,media://products/8-3.png,media://products/9-3.png,media://products/10-3.png,media://products/11-3.png",,,,,,1,,Artigos de Festa,Velas,Velas de Número,,,10,,Número,2,,,VMD-PR-2
 9824917,,28562842,,Vela Mini Design - Prata - N3,,,,,,Vela Mini Design - Prata - N3 | Decoração para Festa,Vela Mini Design - Prata - N3 para bolo. Visual moderno e tamanho compacto. Perfeita para destacar a decoração do bolo.,"vela número prata, vela de aniversário prata, vela para bolo, silver festas","<p><strong>✨ Descrição completa — Vela Mini Design - Prata - N3</strong></p><p>A <strong>Vela Mini Design - Prata - N3</strong> é perfeita para destacar o bolo e deixar a comemoração ainda mais especial.</p><p>Com visual moderno e acabamento caprichado, valoriza a decoração da mesa e fica linda nas fotos.</p><p><strong>🎉 Ideal para diversas ocasiões</strong></p><ul><li>Aniversários infantis e adultos</li><li>Festas temáticas</li><li>Comemorações especiais</li></ul><p><strong>⭐ Por que escolher este produto?</strong></p><ul><li>Fácil de usar</li><li>Ótimo destaque no bolo</li><li>Valoriza a decoração da mesa</li></ul><p><strong>📋 Especificações do produto</strong></p><ul><li>Tipo: vela decorativa para bolo</li><li>Conteúdo da embalagem: 1 vela (número conforme o modelo)</li></ul><p><strong>ℹ️ Informações importantes</strong></p><ul><li>As cores podem variar levemente conforme a tela do dispositivo.</li><li>Produto indicado para uso decorativo.</li></ul><p><strong>🚚 Frete e prazo</strong></p><p>Calcule o frete e o prazo de entrega informando seu CEP antes de finalizar a compra.</p><p><strong>💡 Dica</strong></p><p>Combine com outros artigos de festa do mesmo tema para montar uma decoração completa e harmoniosa.</p><p><strong>❤️ Garanta a sua</strong></p><p>Garanta agora a <strong>Vela Mini Design - Prata - N3</strong> e deixe sua comemoração ainda mais especial!</p>",Vela Mini Design para bolo com visual moderno. Vela Mini Design - Prata - N3. Ideal para aniversários e festas temáticas.,,"media://products/1-3.png,media://products/2-4.png,media://products/3-4.png,media://products/4-3.png,media://products/12-3.png,media://products/5-4.png,media://products/6-4.png,media://products/7-4.png,media://products/8-3.png,media://products/9-3.png,media://products/10-3.png,media://products/11-3.png",,,,,,1,,Artigos de Festa,Velas,Velas de Número,,,10,,Número,3,,,VMD-PR-3
 9824917,,28562843,,Vela Mini Design - Prata - N4,,,,,,Vela Mini Design - Prata - N4 | Decoração para Festa,Vela Mini Design - Prata - N4 para bolo. Visual moderno e tamanho compacto. Perfeita para destacar a decoração do bolo.,"vela número prata, vela de aniversário prata, vela para bolo, silver festas","<p><strong>✨ Descrição completa — Vela Mini Design - Prata - N4</strong></p><p>A <strong>Vela Mini Design - Prata - N4</strong> é perfeita para destacar o bolo e deixar a comemoração ainda mais especial.</p><p>Com visual moderno e acabamento caprichado, valoriza a decoração da mesa e fica linda nas fotos.</p><p><strong>🎉 Ideal para diversas ocasiões</strong></p><ul><li>Aniversários infantis e adultos</li><li>Festas temáticas</li><li>Comemorações especiais</li></ul><p><strong>⭐ Por que escolher este produto?</strong></p><ul><li>Fácil de usar</li><li>Ótimo destaque no bolo</li><li>Valoriza a decoração da mesa</li></ul><p><strong>📋 Especificações do produto</strong></p><ul><li>Tipo: vela decorativa para bolo</li><li>Conteúdo da embalagem: 1 vela (número conforme o modelo)</li></ul><p><strong>ℹ️ Informações importantes</strong></p><ul><li>As cores podem variar levemente conforme a tela do dispositivo.</li><li>Produto indicado para uso decorativo.</li></ul><p><strong>🚚 Frete e prazo</strong></p><p>Calcule o frete e o prazo de entrega informando seu CEP antes de finalizar a compra.</p><p><strong>💡 Dica</strong></p><p>Combine com outros artigos de festa do mesmo tema para montar uma decoração completa e harmoniosa.</p><p><strong>❤️ Garanta a sua</strong></p><p>Garanta agora a <strong>Vela Mini Design - Prata - N4</strong> e deixe sua comemoração ainda mais especial!</p>",Vela Mini Design para bolo com visual moderno. Vela Mini Design - Prata - N4. Ideal para aniversários e festas temáticas.,,"media://products/1-3.png,media://products/2-4.png,media://products/3-4.png,media://products/4-3.png,media://products/12-3.png,media://products/5-4.png,media://products/6-4.png,media://products/7-4.png,media://products/8-3.png,media://products/9-3.png,media://products/10-3.png,media://products/11-3.png",,,,,,1,,Artigos de Festa,Velas,Velas de Número,,,10,,Número,4,,,VMD-PR-4
 9824917,,28562844,,Vela Mini Design - Prata - N5,,,,,,Vela Mini Design - Prata - N5 | Decoração para Festa,Vela Mini Design - Prata - N5 para bolo. Visual moderno e tamanho compacto. Perfeita para destacar a decoração do bolo.,"vela número prata, vela de aniversário prata, vela para bolo, silver festas","<p><strong>✨ Descrição completa — Vela Mini Design - Prata - N5</strong></p><p>A <strong>Vela Mini Design - Prata - N5</strong> é perfeita para destacar o bolo e deixar a comemoração ainda mais especial.</p><p>Com visual moderno e acabamento caprichado, valoriza a decoração da mesa e fica linda nas fotos.</p><p><strong>🎉 Ideal para diversas ocasiões</strong></p><ul><li>Aniversários infantis e adultos</li><li>Festas temáticas</li><li>Comemorações especiais</li></ul><p><strong>⭐ Por que escolher este produto?</strong></p><ul><li>Fácil de usar</li><li>Ótimo destaque no bolo</li><li>Valoriza a decoração da mesa</li></ul><p><strong>📋 Especificações do produto</strong></p><ul><li>Tipo: vela decorativa para bolo</li><li>Conteúdo da embalagem: 1 vela (número conforme o modelo)</li></ul><p><strong>ℹ️ Informações importantes</strong></p><ul><li>As cores podem variar levemente conforme a tela do dispositivo.</li><li>Produto indicado para uso decorativo.</li></ul><p><strong>🚚 Frete e prazo</strong></p><p>Calcule o frete e o prazo de entrega informando seu CEP antes de finalizar a compra.</p><p><strong>💡 Dica</strong></p><p>Combine com outros artigos de festa do mesmo tema para montar uma decoração completa e harmoniosa.</p><p><strong>❤️ Garanta a sua</strong></p><p>Garanta agora a <strong>Vela Mini Design - Prata - N5</strong> e deixe sua comemoração ainda mais especial!</p>",Vela Mini Design para bolo com visual moderno. Vela Mini Design - Prata - N5. Ideal para aniversários e festas temáticas.,,"media://products/1-3.png,media://products/2-4.png,media://products/3-4.png,media://products/4-3.png,media://products/12-3.png,media://products/5-4.png,media://products/6-4.png,media://products/7-4.png,media://products/8-3.png,media://products/9-3.png,media://products/10-3.png,media://products/11-3.png",,,,,,1,,Artigos de Festa,Velas,Velas de Número,,,10,,Número,5,,,VMD-PR-5
 9824917,,28562845,,Vela Mini Design - Prata - N6,,,,,,Vela Mini Design - Prata - N6 | Decoração para Festa,Vela Mini Design - Prata - N6 para bolo. Visual moderno e tamanho compacto. Perfeita para destacar a decoração do bolo.,"vela número prata, vela de aniversário prata, vela para bolo, silver festas","<p><strong>✨ Descrição completa — Vela Mini Design - Prata - N6</strong></p><p>A <strong>Vela Mini Design - Prata - N6</strong> é perfeita para destacar o bolo e deixar a comemoração ainda mais especial.</p><p>Com visual moderno e acabamento caprichado, valoriza a decoração da mesa e fica linda nas fotos.</p><p><strong>🎉 Ideal para diversas ocasiões</strong></p><ul><li>Aniversários infantis e adultos</li><li>Festas temáticas</li><li>Comemorações especiais</li></ul><p><strong>⭐ Por que escolher este produto?</strong></p><ul><li>Fácil de usar</li><li>Ótimo destaque no bolo</li><li>Valoriza a decoração da mesa</li></ul><p><strong>📋 Especificações do produto</strong></p><ul><li>Tipo: vela decorativa para bolo</li><li>Conteúdo da embalagem: 1 vela (número conforme o modelo)</li></ul><p><strong>ℹ️ Informações importantes</strong></p><ul><li>As cores podem variar levemente conforme a tela do dispositivo.</li><li>Produto indicado para uso decorativo.</li></ul><p><strong>🚚 Frete e prazo</strong></p><p>Calcule o frete e o prazo de entrega informando seu CEP antes de finalizar a compra.</p><p><strong>💡 Dica</strong></p><p>Combine com outros artigos de festa do mesmo tema para montar uma decoração completa e harmoniosa.</p><p><strong>❤️ Garanta a sua</strong></p><p>Garanta agora a <strong>Vela Mini Design - Prata - N6</strong> e deixe sua comemoração ainda mais especial!</p>",Vela Mini Design para bolo com visual moderno. Vela Mini Design - Prata - N6. Ideal para aniversários e festas temáticas.,,"media://products/1-3.png,media://products/2-4.png,media://products/3-4.png,media://products/4-3.png,media://products/12-3.png,media://products/5-4.png,media://products/6-4.png,media://products/7-4.png,media://products/8-3.png,media://products/9-3.png,media://products/10-3.png,media://products/11-3.png",,,,,,1,,Artigos de Festa,Velas,Velas de Número,,,10,,Número,6,,,VMD-PR-6
 9824917,,28562846,,Vela Mini Design - Prata - N7,,,,,,Vela Mini Design - Prata - N7 | Decoração para Festa,Vela Mini Design - Prata - N7 para bolo. Visual moderno e tamanho compacto. Perfeita para destacar a decoração do bolo.,"vela número prata, vela de aniversário prata, vela para bolo, silver festas","<p><strong>✨ Descrição completa — Vela Mini Design - Prata - N7</strong></p><p>A <strong>Vela Mini Design - Prata - N7</strong> é perfeita para destacar o bolo e deixar a comemoração ainda mais especial.</p><p>Com visual moderno e acabamento caprichado, valoriza a decoração da mesa e fica linda nas fotos.</p><p><strong>🎉 Ideal para diversas ocasiões</strong></p><ul><li>Aniversários infantis e adultos</li><li>Festas temáticas</li><li>Comemorações especiais</li></ul><p><strong>⭐ Por que escolher este produto?</strong></p><ul><li>Fácil de usar</li><li>Ótimo destaque no bolo</li><li>Valoriza a decoração da mesa</li></ul><p><strong>📋 Especificações do produto</strong></p><ul><li>Tipo: vela decorativa para bolo</li><li>Conteúdo da embalagem: 1 vela (número conforme o modelo)</li></ul><p><strong>ℹ️ Informações importantes</strong></p><ul><li>As cores podem variar levemente conforme a tela do dispositivo.</li><li>Produto indicado para uso decorativo.</li></ul><p><strong>🚚 Frete e prazo</strong></p><p>Calcule o frete e o prazo de entrega informando seu CEP antes de finalizar a compra.</p><p><strong>💡 Dica</strong></p><p>Combine com outros artigos de festa do mesmo tema para montar uma decoração completa e harmoniosa.</p><p><strong>❤️ Garanta a sua</strong></p><p>Garanta agora a <strong>Vela Mini Design - Prata - N7</strong> e deixe sua comemoração ainda mais especial!</p>",Vela Mini Design para bolo com visual moderno. Vela Mini Design - Prata - N7. Ideal para aniversários e festas temáticas.,,"media://products/1-3.png,media://products/2-4.png,media://products/3-4.png,media://products/4-3.png,media://products/12-3.png,media://products/5-4.png,media://products/6-4.png,media://products/7-4.png,media://products/8-3.png,media://products/9-3.png,media://products/10-3.png,media://products/11-3.png",,,,,,1,,Artigos de Festa,Velas,Velas de Número,,,10,,Número,7,,,VMD-PR-7
 9824917,,28562847,,Vela Mini Design - Prata - N8,,,,,,Vela Mini Design - Prata - N8 | Decoração para Festa,Vela Mini Design - Prata - N8 para bolo. Visual moderno e tamanho compacto. Perfeita para destacar a decoração do bolo.,"vela número prata, vela de aniversário prata, vela para bolo, silver festas","<p><strong>✨ Descrição completa — Vela Mini Design - Prata - N8</strong></p><p>A <strong>Vela Mini Design - Prata - N8</strong> é perfeita para destacar o bolo e deixar a comemoração ainda mais especial.</p><p>Com visual moderno e acabamento caprichado, valoriza a decoração da mesa e fica linda nas fotos.</p><p><strong>🎉 Ideal para diversas ocasiões</strong></p><ul><li>Aniversários infantis e adultos</li><li>Festas temáticas</li><li>Comemorações especiais</li></ul><p><strong>⭐ Por que escolher este produto?</strong></p><ul><li>Fácil de usar</li><li>Ótimo destaque no bolo</li><li>Valoriza a decoração da mesa</li></ul><p><strong>📋 Especificações do produto</strong></p><ul><li>Tipo: vela decorativa para bolo</li><li>Conteúdo da embalagem: 1 vela (número conforme o modelo)</li></ul><p><strong>ℹ️ Informações importantes</strong></p><ul><li>As cores podem variar levemente conforme a tela do dispositivo.</li><li>Produto indicado para uso decorativo.</li></ul><p><strong>🚚 Frete e prazo</strong></p><p>Calcule o frete e o prazo de entrega informando seu CEP antes de finalizar a compra.</p><p><strong>💡 Dica</strong></p><p>Combine com outros artigos de festa do mesmo tema para montar uma decoração completa e harmoniosa.</p><p><strong>❤️ Garanta a sua</strong></p><p>Garanta agora a <strong>Vela Mini Design - Prata - N8</strong> e deixe sua comemoração ainda mais especial!</p>",Vela Mini Design para bolo com visual moderno. Vela Mini Design - Prata - N8. Ideal para aniversários e festas temáticas.,,"media://products/1-3.png,media://products/2-4.png,media://products/3-4.png,media://products/4-3.png,media://products/12-3.png,media://products/5-4.png,media://products/6-4.png,media://products/7-4.png,media://products/8-3.png,media://products/9-3.png,media://products/10-3.png,media://products/11-3.png",,,,,,1,,Artigos de Festa,Velas,Velas de Número,,,10,,Número,8,,,VMD-PR-8
 9824917,,28562848,,Vela Mini Design - Prata - N9,,,,,,Vela Mini Design - Prata - N9 | Decoração para Festa,Vela Mini Design - Prata - N9 para bolo. Visual moderno e tamanho compacto. Perfeita para destacar a decoração do bolo.,"vela número prata, vela de aniversário prata, vela para bolo, silver festas","<p><strong>✨ Descrição completa — Vela Mini Design - Prata - N9</strong></p><p>A <strong>Vela Mini Design - Prata - N9</strong> é perfeita para destacar o bolo e deixar a comemoração ainda mais especial.</p><p>Com visual moderno e acabamento caprichado, valoriza a decoração da mesa e fica linda nas fotos.</p><p><strong>🎉 Ideal para diversas ocasiões</strong></p><ul><li>Aniversários infantis e adultos</li><li>Festas temáticas</li><li>Comemorações especiais</li></ul><p><strong>⭐ Por que escolher este produto?</strong></p><ul><li>Fácil de usar</li><li>Ótimo destaque no bolo</li><li>Valoriza a decoração da mesa</li></ul><p><strong>📋 Especificações do produto</strong></p><ul><li>Tipo: vela decorativa para bolo</li><li>Conteúdo da embalagem: 1 vela (número conforme o modelo)</li></ul><p><strong>ℹ️ Informações importantes</strong></p><ul><li>As cores podem variar levemente conforme a tela do dispositivo.</li><li>Produto indicado para uso decorativo.</li></ul><p><strong>🚚 Frete e prazo</strong></p><p>Calcule o frete e o prazo de entrega informando seu CEP antes de finalizar a compra.</p><p><strong>💡 Dica</strong></p><p>Combine com outros artigos de festa do mesmo tema para montar uma decoração completa e harmoniosa.</p><p><strong>❤️ Garanta a sua</strong></p><p>Garanta agora a <strong>Vela Mini Design - Prata - N9</strong> e deixe sua comemoração ainda mais especial!</p>",Vela Mini Design para bolo com visual moderno. Vela Mini Design - Prata - N9. Ideal para aniversários e festas temáticas.,,"media://products/1-3.png,media://products/2-4.png,media://products/3-4.png,media://products/4-3.png,media://products/12-3.png,media://products/5-4.png,media://products/6-4.png,media://products/7-4.png,media://products/8-3.png,media://products/9-3.png,media://products/10-3.png,media://products/11-3.png",,,,,,1,,Artigos de Festa,Velas,Velas de Número,,,10,,Número,9,,,VMD-PR-9
 9824917,,28562849,,Vela Mini Design - Prata - N0,,,,,,Vela Mini Design - Prata - N0 | Decoração para Festa,Vela Mini Design - Prata - N0 para bolo. Visual moderno e tamanho compacto. Perfeita para destacar a decoração do bolo.,"vela número prata, vela de aniversário prata, vela para bolo, silver festas","<p><strong>✨ Descrição completa — Vela Mini Design - Prata - N0</strong></p><p>A <strong>Vela Mini Design - Prata - N0</strong> é perfeita para destacar o bolo e deixar a comemoração ainda mais especial.</p><p>Com visual moderno e acabamento caprichado, valoriza a decoração da mesa e fica linda nas fotos.</p><p><strong>🎉 Ideal para diversas ocasiões</strong></p><ul><li>Aniversários infantis e adultos</li><li>Festas temáticas</li><li>Comemorações especiais</li></ul><p><strong>⭐ Por que escolher este produto?</strong></p><ul><li>Fácil de usar</li><li>Ótimo destaque no bolo</li><li>Valoriza a decoração da mesa</li></ul><p><strong>📋 Especificações do produto</strong></p><ul><li>Tipo: vela decorativa para bolo</li><li>Conteúdo da embalagem: 1 vela (número conforme o modelo)</li></ul><p><strong>ℹ️ Informações importantes</strong></p><ul><li>As cores podem variar levemente conforme a tela do dispositivo.</li><li>Produto indicado para uso decorativo.</li></ul><p><strong>🚚 Frete e prazo</strong></p><p>Calcule o frete e o prazo de entrega informando seu CEP antes de finalizar a compra.</p><p><strong>💡 Dica</strong></p><p>Combine com outros artigos de festa do mesmo tema para montar uma decoração completa e harmoniosa.</p><p><strong>❤️ Garanta a sua</strong></p><p>Garanta agora a <strong>Vela Mini Design - Prata - N0</strong> e deixe sua comemoração ainda mais especial!</p>",Vela Mini Design para bolo com visual moderno. Vela Mini Design - Prata - N0. Ideal para aniversários e festas temáticas.,,"media://products/1-3.png,media://products/2-4.png,media://products/3-4.png,media://products/4-3.png,media://products/12-3.png,media://products/5-4.png,media://products/6-4.png,media://products/7-4.png,media://products/8-3.png,media://products/9-3.png,media://products/10-3.png,media://products/11-3.png",,,,,,1,,Artigos de Festa,Velas,Velas de Número,,,10,,Número,0,,,VMD-PR-0
 9824917,,28562850,,Vela Mini Design - Prata - N?,,,,,,Vela Mini Design - Prata - N? | Decoração para Festa,Vela Mini Design - Prata - N? para bolo. Visual moderno e tamanho compacto. Perfeita para destacar a decoração do bolo.,"vela número prata, vela de aniversário prata, vela para bolo, silver festas","<p><strong>✨ Descrição completa — Vela Mini Design - Prata - N?</strong></p><p>A <strong>Vela Mini Design - Prata - N?</strong> é perfeita para destacar o bolo e deixar a comemoração ainda mais especial.</p><p>Com visual moderno e acabamento caprichado, valoriza a decoração da mesa e fica linda nas fotos.</p><p><strong>🎉 Ideal para diversas ocasiões</strong></p><ul><li>Aniversários infantis e adultos</li><li>Festas temáticas</li><li>Comemorações especiais</li></ul><p><strong>⭐ Por que escolher este produto?</strong></p><ul><li>Fácil de usar</li><li>Ótimo destaque no bolo</li><li>Valoriza a decoração da mesa</li></ul><p><strong>📋 Especificações do produto</strong></p><ul><li>Tipo: vela decorativa para bolo</li><li>Conteúdo da embalagem: 1 vela (número conforme o modelo)</li></ul><p><strong>ℹ️ Informações importantes</strong></p><ul><li>As cores podem variar levemente conforme a tela do dispositivo.</li><li>Produto indicado para uso decorativo.</li></ul><p><strong>🚚 Frete e prazo</strong></p><p>Calcule o frete e o prazo de entrega informando seu CEP antes de finalizar a compra.</p><p><strong>💡 Dica</strong></p><p>Combine com outros artigos de festa do mesmo tema para montar uma decoração completa e harmoniosa.</p><p><strong>❤️ Garanta a sua</strong></p><p>Garanta agora a <strong>Vela Mini Design - Prata - N?</strong> e deixe sua comemoração ainda mais especial!</p>",Vela Mini Design para bolo com visual moderno. Vela Mini Design - Prata - N?. Ideal para aniversários e festas temáticas.,,"media://products/1-3.png,media://products/2-4.png,media://products/3-4.png,media://products/4-3.png,media://products/12-3.png,media://products/5-4.png,media://products/6-4.png,media://products/7-4.png,media://products/8-3.png,media://products/9-3.png,media://products/10-3.png,media://products/11-3.png",,,,,,1,,Artigos de Festa,Velas,Velas de Número,,,10,,Número,?,,,VMD-PR-?
