product_id,product_external_id,variation_id,variation_external_id,name,url,weight,depth,width,height,meta_title,meta_description,meta_keywords,description,short_description,ncm,images,price,price_compare,model,gender,age_group,active,brand,category_1,category_2,category_3,gtin,mpn,stock,color,first_attribute_group,first_attribute_value,second_attribute_group,second_attribute_value,sku
9814477,,,,Boleira Desmontável G 28x22cm – Sustentável e Reutilizável,/boleira-desmontavel-g-28x22cm-sustentavel-e-reutilizavel,"0,190",6.00,22.00,28.00,,,,"<p><strong>✨ Descrição completa — Boleira Desmontável G 28x22cm – Sustentável e Reutilizável</strong></p><p>A <strong>Boleira Desmontável G 28x22cm</strong> foi desenvolvida para quem precisa de mais espaço e robustez na apresentação de bolos grandes. Seu design desmontável facilita o transporte e o armazenamento, sem abrir mão da estabilidade.</p>
<p>Produzida em <strong>papelão paraná reciclado</strong>, é uma escolha sustentável e funcional para confeiteiros profissionais e eventos especiais.</p>
<p><strong>🎉 Ideal para diversas ocasiões</strong></p>
<ul>
<li>
<p>Ideal para bolos grandes</p>
</li>
<li>
<p><strong>Estrutura reforçada</strong></p>
</li>
<li>
<p><strong>Reutilizável e fácil de limpar</strong></p>
</li>
<li>
<p><strong>Desmontável</strong>, prática para armazenar</p>
</li>
<li>
<p>Opção <strong>ecológica e moderna</strong></p>
</li>
</ul>
<p><strong>📋 Especificações do produto</strong></p>
<ul>
<li>
<p><strong>Tamanho:</strong> 28 x 22 cm (Grande)</p>
</li>
<li>
<p><strong>Material:</strong> Papelão paraná 100% reciclado</p>
</li>
<li>
<p><strong>Acabamento:</strong> Película protetora</p>
</li>
<li>
<p><strong>Formato:</strong> Desmontável</p>
</li>
<li>
<p><strong>Conteúdo:</strong> 1 unidade</p>
</li>
</ul>
<p><strong>Variação</strong></p>
<ul>
<li>
<p>Cor</p></li></ul>
<p><strong>🚚 Frete e prazo</strong></p><p>Calcule o frete e o prazo de entrega informando seu CEP antes de finalizar a compra.</p><p><strong>💡 Dica</strong></p><p>Combine com outros artigos de festa para uma mesa completa e harmoniosa.</p><p><strong>❤️ Garanta o seu</strong></p><p>Garanta agora <strong>Boleira Desmontável G 28x22cm – Sustentável e Reutilizável</strong> e deixe sua festa ou evento ainda mais especial!</p>","Boleira desmontável grande, ideal para bolos maiores. Resistente, reutilizável e ecológica.",,"media://products/1-9.png,media://products/2-10.png,media://products/3-10.png,media://products/4-9.png,media://products/5-10.png,media://products/6-11.png,media://products/7-11.png,media://products/8-9.png,media://products/9-4.png,media://products/10-4.png",31.90,,,,,1,,Artigos de Festa,Boleiras,,,,10,,,,,,
 9814477,,28536634,,,,,,,,,,,"<p><strong>✨ Descrição completa — Boleira Desmontável G 28x22cm – Sustentável e Reutilizável</strong></p><p>A <strong>Boleira Desmontável G 28x22cm</strong> foi desenvolvida para quem precisa de mais espaço e robustez na apresentação de bolos grandes. Seu design desmontável facilita o transporte e o armazenamento, sem abrir mão da estabilidade.</p>
<p>Produzida em <strong>papelão paraná reciclado</strong>, é uma escolha sustentável e funcional para confeiteiros profissionais e eventos especiais.</p>
<p><strong>🎉 Ideal para diversas ocasiões</strong></p>
<ul>
<li>
<p>Ideal para bolos grandes</p>
</li>
<li>
<p><strong>Estrutura reforçada</strong></p>
</li>
<li>
<p><strong>Reutilizável e fácil de limpar</strong></p>
</li>
<li>
<p><strong>Desmontável</strong>, prática para armazenar</p>
</li>
<li>
<p>Opção <strong>ecológica e moderna</strong></p>
</li>
</ul>
<p><strong>📋 Especificações do produto</strong></p>
<ul>
<li>
<p><strong>Tamanho:</strong> 28 x 22 cm (Grande)</p>
</li>
<li>
<p><strong>Material:</strong> Papelão paraná 100% reciclado</p>
</li>
<li>
<p><strong>Acabamento:</strong> Película protetora</p>
</li>
<li>
<p><strong>Formato:</strong> Desmontável</p>
</li>
<li>
<p><strong>Conteúdo:</strong> 1 unidade</p>
</li>
</ul>
<p><strong>Variação</strong></p>
<ul>
<li>
<p>Cor</p></li></ul>
<p><strong>🚚 Frete e prazo</strong></p><p>Calcule o frete e o prazo de entrega informando seu CEP antes de finalizar a compra.</p><p><strong>💡 Dica</strong></p><p>Combine com outros artigos de festa para uma mesa completa e harmoniosa.</p><p><strong>❤️ Garanta o seu</strong></p><p>Garanta agora <strong>Boleira Desmontável G 28x22cm – Sustentável e Reutilizável</strong> e deixe sua festa ou evento ainda mais especial!</p>","Boleira desmontável grande, ideal para bolos maiores. Resistente, reutilizável e ecológica.",,"media://products/1-9.png,media://products/2-10.png,media://products/3-10.png,media://products/4-9.png,media://products/5-10.png,media://products/6-11.png,media://products/7-11.png,media://products/8-9.png,media://products/9-4.png,media://products/10-4.png",,,,,,1,,Artigos de Festa,Boleiras,,,,10,Azul,,,,,
 9814477,,28536635,,,,,,,,,,,"<p><strong>✨ Descrição completa — Boleira Desmontável G 28x22cm – Sustentável e Reutilizável</strong></p><p>A <strong>Boleira Desmontável G 28x22cm</strong> foi desenvolvida para quem precisa de mais espaço e robustez na apresentação de bolos grandes. Seu design desmontável facilita o transporte e o armazenamento, sem abrir mão da estabilidade.</p>
<p>Produzida em <strong>papelão paraná reciclado</strong>, é uma escolha sustentável e funcional para confeiteiros profissionais e eventos especiais.</p>
<p><strong>🎉 Ideal para diversas ocasiões</strong></p>
<ul>
<li>
<p>Ideal para bolos grandes</p>
</li>
<li>
<p><strong>Estrutura reforçada</strong></p>
</li>
<li>
<p><strong>Reutilizável e fácil de limpar</strong></p>
</li>
<li>
<p><strong>Desmontável</strong>, prática para armazenar</p>
</li>
<li>
<p>Opção <strong>ecológica e moderna</strong></p>
</li>
</ul>
<p><strong>📋 Especificações do produto</strong></p>
<ul>
<li>
<p><strong>Tamanho:</strong> 28 x 22 cm (Grande)</p>
</li>
<li>
<p><strong>Material:</strong> Papelão paraná 100% reciclado</p>
</li>
<li>
<p><strong>Acabamento:</strong> Película protetora</p>
</li>
<li>
<p><strong>Formato:</strong> Desmontável</p>
</li>
<li>
<p><strong>Conteúdo:</strong> 1 unidade</p>
</li>
</ul>
<p><strong>Variação</strong></p>
<ul>
<li>
<p>Cor</p></li></ul>
<p><strong>🚚 Frete e prazo</strong></p><p>Calcule o frete e o prazo de entrega informando seu CEP antes de finalizar a compra.</p><p><strong>💡 Dica</strong></p><p>Combine com outros artigos de festa para uma mesa completa e harmoniosa.</p><p><strong>❤️ Garanta o seu</strong></p><p>Garanta agora <strong>Boleira Desmontável G 28x22cm – Sustentável e Reutilizável</strong> e deixe sua festa ou evento ainda mais especial!</p>","Boleira desmontável grande, ideal para bolos maiores. Resistente, reutilizável e ecológica.",,"media://products/1-9.png,media://products/2-10.png,media://products/3-10.png,media://products/4-9.png,media://products/5-10.png,media://products/6-11.png,media://products/7-11.png,media://products/8-9.png,media://products/9-4.png,media://products/10-4.png",,,,,,1,,Artigos de Festa,Boleiras,,,,10,Azul Bebê,,,,,
 9814477,,28536636,,,,,,,,,,,"<p><strong>✨ Descrição completa — Boleira Desmontável G 28x22cm – Sustentável e Reutilizável</strong></p><p>A <strong>Boleira Desmontável G 28x22cm</strong> foi desenvolvida para quem precisa de mais espaço e robustez na apresentação de bolos grandes. Seu design desmontável facilita o transporte e o armazenamento, sem abrir mão da estabilidade.</p>
<p>Produzida em <strong>papelão paraná reciclado</strong>, é uma escolha sustentável e funcional para confeiteiros profissionais e eventos especiais.</p>
<p><strong>🎉 Ideal para diversas ocasiões</strong></p>
<ul>
<li>
<p>Ideal para bolos grandes</p>
</li>
<li>
<p><strong>Estrutura reforçada</strong></p>
</li>
<li>
<p><strong>Reutilizável e fácil de limpar</strong></p>
</li>
<li>
<p><strong>Desmontável</strong>, prática para armazenar</p>
</li>
<li>
<p>Opção <strong>ecológica e moderna</strong></p>
</li>
</ul>
<p><strong>📋 Especificações do produto</strong></p>
<ul>
<li>
<p><strong>Tamanho:</strong> 28 x 22 cm (Grande)</p>
</li>
<li>
<p><strong>Material:</strong> Papelão paraná 100% reciclado</p>
</li>
<li>
<p><strong>Acabamento:</strong> Película protetora</p>
</li>
<li>
<p><strong>Formato:</strong> Desmontável</p>
</li>
<li>
<p><strong>Conteúdo:</strong> 1 unidade</p>
</li>
</ul>
<p><strong>Variação</strong></p>
<ul>
<li>
<p>Cor</p></li></ul>
<p><strong>🚚 Frete e prazo</strong></p><p>Calcule o frete e o prazo de entrega informando seu CEP antes de finalizar a compra.</p><p><strong>💡 Dica</strong></p><p>Combine com outros artigos de festa para uma mesa completa e harmoniosa.</p><p><strong>❤️ Garanta o seu</strong></p><p>Garanta agora <strong>Boleira Desmontável G 28x22cm – Sustentável e Reutilizável</strong> e deixe sua festa ou evento ainda mais especial!</p>","Boleira desmontável grande, ideal para bolos maiores. Resistente, reutilizável e ecológica.",,"media://products/1-9.png,media://products/2-10.png,media://products/3-10.png,media://products/4-9.png,media://products/5-10.png,media://products/6-11.png,media://products/7-11.png,media://products/8-9.png,media://products/9-4.png,media://products/10-4.png",,,,,,1,,Artigos de Festa,Boleiras,,,,10,Branco,,,,,
 9814477,,28536637,,,,,,,,,,,"<p><strong>✨ Descrição completa — Boleira Desmontável G 28x22cm – Sustentável e Reutilizável</strong></p><p>A <strong>Boleira Desmontável G 28x22cm</strong> foi desenvolvida para quem precisa de mais espaço e robustez na apresentação de bolos grandes. Seu design desmontável facilita o transporte e o armazenamento, sem abrir mão da estabilidade.</p>
<p>Produzida em <strong>papelão paraná reciclado</strong>, é uma escolha sustentável e funcional para confeiteiros profissionais e eventos especiais.</p>
<p><strong>🎉 Ideal para diversas ocasiões</strong></p>
<ul>
<li>
<p>Ideal para bolos grandes</p>
</li>
<li>
<p><strong>Estrutura reforçada</strong></p>
</li>
<li>
<p><strong>Reutilizável e fácil de limpar</strong></p>
</li>
<li>
<p><strong>Desmontável</strong>, prática para armazenar</p>
</li>
<li>
<p>Opção <strong>ecológica e moderna</strong></p>
</li>
</ul>
<p><strong>📋 Especificações do produto</strong></p>
<ul>
<li>
<p><strong>Tamanho:</strong> 28 x 22 cm (Grande)</p>
</li>
<li>
<p><strong>Material:</strong> Papelão paraná 100% reciclado</p>
</li>
<li>
<p><strong>Acabamento:</strong> Película protetora</p>
</li>
<li>
<p><strong>Formato:</strong> Desmontável</p>
</li>
<li>
<p><strong>Conteúdo:</strong> 1 unidade</p>
</li>
</ul>
<p><strong>Variação</strong></p>
<ul>
<li>
<p>Cor</p></li></ul>
<p><strong>🚚 Frete e prazo</strong></p><p>Calcule o frete e o prazo de entrega informando seu CEP antes de finalizar a compra.</p><p><strong>💡 Dica</strong></p><p>Combine com outros artigos de festa para uma mesa completa e harmoniosa.</p><p><strong>❤️ Garanta o seu</strong></p><p>Garanta agora <strong>Boleira Desmontável G 28x22cm – Sustentável e Reutilizável</strong> e deixe sua festa ou evento ainda mais especial!</p>","Boleira desmontável grande, ideal para bolos maiores. Resistente, reutilizável e ecológica.",,"media://products/1-9.png,media://products/2-10.png,media://products/3-10.png,media://products/4-9.png,media://products/5-10.png,media://products/6-11.png,media://products/7-11.png,media://products/8-9.png,media://products/9-4.png,media://products/10-4.png",,,,,,1,,Artigos de Festa,Boleiras,,,,10,Dourado,,,,,
 9814477,,28536638,,,,,,,,,,,"<p><strong>✨ Descrição completa — Boleira Desmontável G 28x22cm – Sustentável e Reutilizável</strong></p><p>A <strong>Boleira Desmontável G 28x22cm</strong> foi desenvolvida para quem precisa de mais espaço e robustez na apresentação de bolos grandes. Seu design desmontável facilita o transporte e o armazenamento, sem abrir mão da estabilidade.</p>
<p>Produzida em <strong>papelão paraná reciclado</strong>, é uma escolha sustentável e funcional para confeiteiros profissionais e eventos especiais.</p>
<p><strong>🎉 Ideal para diversas ocasiões</strong></p>
<ul>
<li>
<p>Ideal para bolos grandes</p>
</li>
<li>
<p><strong>Estrutura reforçada</strong></p>
</li>
<li>
<p><strong>Reutilizável e fácil de limpar</strong></p>
</li>
<li>
<p><strong>Desmontável</strong>, prática para armazenar</p>
</li>
<li>
<p>Opção <strong>ecológica e moderna</strong></p>
</li>
</ul>
<p><strong>📋 Especificações do produto</strong></p>
<ul>
<li>
<p><strong>Tamanho:</strong> 28 x 22 cm (Grande)</p>
</li>
<li>
<p><strong>Material:</strong> Papelão paraná 100% reciclado</p>
</li>
<li>
<p><strong>Acabamento:</strong> Película protetora</p>
</li>
<li>
<p><strong>Formato:</strong> Desmontável</p>
</li>
<li>
<p><strong>Conteúdo:</strong> 1 unidade</p>
</li>
</ul>
<p><strong>Variação</strong></p>
<ul>
<li>
<p>Cor</p></li></ul>
<p><strong>🚚 Frete e prazo</strong></p><p>Calcule o frete e o prazo de entrega informando seu CEP antes de finalizar a compra.</p><p><strong>💡 Dica</strong></p><p>Combine com outros artigos de festa para uma mesa completa e harmoniosa.</p><p><strong>❤️ Garanta o seu</strong></p><p>Garanta agora <strong>Boleira Desmontável G 28x22cm – Sustentável e Reutilizável</strong> e deixe sua festa ou evento ainda mais especial!</p>","Boleira desmontável grande, ideal para bolos maiores. Resistente, reutilizável e ecológica.",,"media://products/1-9.png,media://products/2-10.png,media://products/3-10.png,media://products/4-9.png,media://products/5-10.png,media://products/6-11.png,media://products/7-11.png,media://products/8-9.png,media://products/9-4.png,media://products/10-4.png",,,,,,1,,Artigos de Festa,Boleiras,,,,10,Furta-cor,,,,,
 9814477,,28536639,,,,,,,,,,,"<p><strong>✨ Descrição completa — Boleira Desmontável G 28x22cm – Sustentável e Reutilizável</strong></p><p>A <strong>Boleira Desmontável G 28x22cm</strong> foi desenvolvida para quem precisa de mais espaço e robustez na apresentação de bolos grandes. Seu design desmontável facilita o transporte e o armazenamento, sem abrir mão da estabilidade.</p>
<p>Produzida em <strong>papelão paraná reciclado</strong>, é uma escolha sustentável e funcional para confeiteiros profissionais e eventos especiais.</p>
<p><strong>🎉 Ideal para diversas ocasiões</strong></p>
<ul>
<li>
<p>Ideal para bolos grandes</p>
</li>
<li>
<p><strong>Estrutura reforçada</strong></p>
</li>
<li>
<p><strong>Reutilizável e fácil de limpar</strong></p>
</li>
<li>
<p><strong>Desmontável</strong>, prática para armazenar</p>
</li>
<li>
<p>Opção <strong>ecológica e moderna</strong></p>
</li>
</ul>
<p><strong>📋 Especificações do produto</strong></p>
<ul>
<li>
<p><strong>Tamanho:</strong> 28 x 22 cm (Grande)</p>
</li>
<li>
<p><strong>Material:</strong> Papelão paraná 100% reciclado</p>
</li>
<li>
<p><strong>Acabamento:</strong> Película protetora</p>
</li>
<li>
<p><strong>Formato:</strong> Desmontável</p>
</li>
<li>
<p><strong>Conteúdo:</strong> 1 unidade</p>
</li>
</ul>
<p><strong>Variação</strong></p>
<ul>
<li>
<p>Cor</p></li></ul>
<p><strong>🚚 Frete e prazo</strong></p><p>Calcule o frete e o prazo de entrega informando seu CEP antes de finalizar a compra.</p><p><strong>💡 Dica</strong></p><p>Combine com outros artigos de festa para uma mesa completa e harmoniosa.</p><p><strong>❤️ Garanta o seu</strong></p><p>Garanta agora <strong>Boleira Desmontável G 28x22cm – Sustentável e Reutilizável</strong> e deixe sua festa ou evento ainda mais especial!</p>","Boleira desmontável grande, ideal para bolos maiores. Resistente, reutilizável e ecológica.",,"media://products/1-9.png,media://products/2-10.png,media://products/3-10.png,media://products/4-9.png,media://products/5-10.png,media://products/6-11.png,media://products/7-11.png,media://products/8-9.png,media://products/9-4.png,media://products/10-4.png",,,,,,1,,Artigos de Festa,Boleiras,,,,10,Prata,,,,,
 9814477,,28536640,,,,,,,,,,,"<p><strong>✨ Descrição completa — Boleira Desmontável G 28x22cm – Sustentável e Reutilizável</strong></p><p>A <strong>Boleira Desmontável G 28x22cm</strong> foi desenvolvida para quem precisa de mais espaço e robustez na apresentação de bolos grandes. Seu design desmontável facilita o transporte e o armazenamento, sem abrir mão da estabilidade.</p>
<p>Produzida em <strong>papelão paraná reciclado</strong>, é uma escolha sustentável e funcional para confeiteiros profissionais e eventos especiais.</p>
<p><strong>🎉 Ideal para diversas ocasiões</strong></p>
<ul>
<li>
<p>Ideal para bolos grandes</p>
</li>
<li>
<p><strong>Estrutura reforçada</strong></p>
</li>
<li>
<p><strong>Reutilizável e fácil de limpar</strong></p>
</li>
<li>
<p><strong>Desmontável</strong>, prática para armazenar</p>
</li>
<li>
<p>Opção <strong>ecológica e moderna</strong></p>
</li>
</ul>
<p><strong>📋 Especificações do produto</strong></p>
<ul>
<li>
<p><strong>Tamanho:</strong> 28 x 22 cm (Grande)</p>
</li>
<li>
<p><strong>Material:</strong> Papelão paraná 100% reciclado</p>
</li>
<li>
<p><strong>Acabamento:</strong> Película protetora</p>
</li>
<li>
<p><strong>Formato:</strong> Desmontável</p>
</li>
<li>
<p><strong>Conteúdo:</strong> 1 unidade</p>
</li>
</ul>
<p><strong>Variação</strong></p>
<ul>
<li>
<p>Cor</p></li></ul>
<p><strong>🚚 Frete e prazo</strong></p><p>Calcule o frete e o prazo de entrega informando seu CEP antes de finalizar a compra.</p><p><strong>💡 Dica</strong></p><p>Combine com outros artigos de festa para uma mesa completa e harmoniosa.</p><p><strong>❤️ Garanta o seu</strong></p><p>Garanta agora <strong>Boleira Desmontável G 28x22cm – Sustentável e Reutilizável</strong> e deixe sua festa ou evento ainda mais especial!</p>","Boleira desmontável grande, ideal para bolos maiores. Resistente, reutilizável e ecológica.",,"media://products/1-9.png,media://products/2-10.png,media://products/3-10.png,media://products/4-9.png,media://products/5-10.png,media://products/6-11.png,media://products/7-11.png,media://products/8-9.png,media://products/9-4.png,media://products/10-4.png",,,,,,1,,Artigos de Festa,Boleiras,,,,10,Preto,,,,,
 9814477,,28536641,,,,,,,,,,,"<p><strong>✨ Descrição completa — Boleira Desmontável G 28x22cm – Sustentável e Reutilizável</strong></p><p>A <strong>Boleira Desmontável G 28x22cm</strong> foi desenvolvida para quem precisa de mais espaço e robustez na apresentação de bolos grandes. Seu design desmontável facilita o transporte e o armazenamento, sem abrir mão da estabilidade.</p>
<p>Produzida em <strong>papelão paraná reciclado</strong>, é uma escolha sustentável e funcional para confeiteiros profissionais e eventos especiais.</p>
<p><strong>🎉 Ideal para diversas ocasiões</strong></p>
<ul>
<li>
<p>Ideal para bolos grandes</p>
</li>
<li>
<p><strong>Estrutura reforçada</strong></p>
</li>
<li>
<p><strong>Reutilizável e fácil de limpar</strong></p>
</li>
<li>
<p><strong>Desmontável</strong>, prática para armazenar</p>
</li>
<li>
<p>Opção <strong>ecológica e moderna</strong></p>
</li>
</ul>
<p><strong>📋 Especificações do produto</strong></p>
<ul>
<li>
<p><strong>Tamanho:</strong> 28 x 22 cm (Grande)</p>
</li>
<li>
<p><strong>Material:</strong> Papelão paraná 100% reciclado</p>
</li>
<li>
<p><strong>Acabamento:</strong> Película protetora</p>
</li>
<li>
<p><strong>Formato:</strong> Desmontável</p>
</li>
<li>
<p><strong>Conteúdo:</strong> 1 unidade</p>
</li>
</ul>
<p><strong>Variação</strong></p>
<ul>
<li>
<p>Cor</p></li></ul>
<p><strong>🚚 Frete e prazo</strong></p><p>Calcule o frete e o prazo de entrega informando seu CEP antes de finalizar a compra.</p><p><strong>💡 Dica</strong></p><p>Combine com outros artigos de festa para uma mesa completa e harmoniosa.</p><p><strong>❤️ Garanta o seu</strong></p><p>Garanta agora <strong>Boleira Desmontável G 28x22cm – Sustentável e Reutilizável</strong> e deixe sua festa ou evento ainda mais especial!</p>","Boleira desmontável grande, ideal para bolos maiores. Resistente, reutilizável e ecológica.",,"media://products/1-9.png,media://products/2-10.png,media://products/3-10.png,media://products/4-9.png,media://products/5-10.png,media://products/6-11.png,media://products/7-11.png,media://products/8-9.png,media://products/9-4.png,media://products/10-4.png",,,,,,1,,Artigos de Festa,Boleiras,,,,10,Rosa Bebê,,,,,
 9814477,,28536642,,,,,,,,,,,"<p><strong>✨ Descrição completa — Boleira Desmontável G 28x22cm – Sustentável e Reutilizável</strong></p><p>A <strong>Boleira Desmontável G 28x22cm</strong> foi desenvolvida para quem precisa de mais espaço e robustez na apresentação de bolos grandes. Seu design desmontável facilita o transporte e o armazenamento, sem abrir mão da estabilidade.</p>
<p>Produzida em <strong>papelão paraná reciclado</strong>, é uma escolha sustentável e funcional para confeiteiros profissionais e eventos especiais.</p>
<p><strong>🎉 Ideal para diversas ocasiões</strong></p>
<ul>
<li>
<p>Ideal para bolos grandes</p>
</li>
<li>
<p><strong>Estrutura reforçada</strong></p>
</li>
<li>
<p><strong>Reutilizável e fácil de limpar</strong></p>
</li>
<li>
<p><strong>Desmontável</strong>, prática para armazenar</p>
</li>
<li>
<p>Opção <strong>ecológica e moderna</strong></p>
</li>
</ul>
<p><strong>📋 Especificações do produto</strong></p>
<ul>
<li>
<p><strong>Tamanho:</strong> 28 x 22 cm (Grande)</p>
</li>
<li>
<p><strong>Material:</strong> Papelão paraná 100% reciclado</p>
</li>
<li>
<p><strong>Acabamento:</strong> Película protetora</p>
</li>
<li>
<p><strong>Formato:</strong> Desmontável</p>
</li>
<li>
<p><strong>Conteúdo:</strong> 1 unidade</p>
</li>
</ul>
<p><strong>Variação</strong></p>
<ul>
<li>
<p>Cor</p></li></ul>
<p><strong>🚚 Frete e prazo</strong></p><p>Calcule o frete e o prazo de entrega informando seu CEP antes de finalizar a compra.</p><p><strong>💡 Dica</strong></p><p>Combine com outros artigos de festa para uma mesa completa e harmoniosa.</p><p><strong>❤️ Garanta o seu</strong></p><p>Garanta agora <strong>Boleira Desmontável G 28x22cm – Sustentável e Reutilizável</strong> e deixe sua festa ou evento ainda mais especial!</p>","Boleira desmontável grande, ideal para bolos maiores. Resistente, reutilizável e ecológica.",,"media://products/1-9.png,media://products/2-10.png,media://products/3-10.png,media://products/4-9.png,media://products/5-10.png,media://products/6-11.png,media://products/7-11.png,media://products/8-9.png,media://products/9-4.png,media://products/10-4.png",,,,,,1,,Artigos de Festa,Boleiras,,,,10,Rosa Pink,,,,,
 9814477,,28536643,,,,,,,,,,,"<p><strong>✨ Descrição completa — Boleira Desmontável G 28x22cm – Sustentável e Reutilizável</strong></p><p>A <strong>Boleira Desmontável G 28x22cm</strong> foi desenvolvida para quem precisa de mais espaço e robustez na apresentação de bolos grandes. Seu design desmontável facilita o transporte e o armazenamento, sem abrir mão da estabilidade.</p>
<p>Produzida em <strong>papelão paraná reciclado</strong>, é uma escolha sustentável e funcional para confeiteiros profissionais e eventos especiais.</p>
<p><strong>🎉 Ideal para diversas ocasiões</strong></p>
<ul>
<li>
<p>Ideal para bolos grandes</p>
</li>
<li>
<p><strong>Estrutura reforçada</strong></p>
</li>
<li>
<p><strong>Reutilizável e fácil de limpar</strong></p>
</li>
<li>
<p><strong>Desmontável</strong>, prática para armazenar</p>
</li>
<li>
<p>Opção <strong>ecológica e moderna</strong></p>
</li>
</ul>
<p><strong>📋 Especificações do produto</strong></p>
<ul>
<li>
<p><strong>Tamanho:</strong> 28 x 22 cm (Grande)</p>
</li>
<li>
<p><strong>Material:</strong> Papelão paraná 100% reciclado</p>
</li>
<li>
<p><strong>Acabamento:</strong> Película protetora</p>
</li>
<li>
<p><strong>Formato:</strong> Desmontável</p>
</li>
<li>
<p><strong>Conteúdo:</strong> 1 unidade</p>
</li>
</ul>
<p><strong>Variação</strong></p>
<ul>
<li>
<p>Cor</p></li></ul>
<p><strong>🚚 Frete e prazo</strong></p><p>Calcule o frete e o prazo de entrega informando seu CEP antes de finalizar a compra.</p><p><strong>💡 Dica</strong></p><p>Combine com outros artigos de festa para uma mesa completa e harmoniosa.</p><p><strong>❤️ Garanta o seu</strong></p><p>Garanta agora <strong>Boleira Desmontável G 28x22cm – Sustentável e Reutilizável</strong> e deixe sua festa ou evento ainda mais especial!</p>","Boleira desmontável grande, ideal para bolos maiores. Resistente, reutilizável e ecológica.",,"media://products/1-9.png,media://products/2-10.png,media://products/3-10.png,media://products/4-9.png,media://products/5-10.png,media://products/6-11.png,media://products/7-11.png,media://products/8-9.png,media://products/9-4.png,media://products/10-4.png",,,,,,1,,Artigos de Festa,Boleiras,,,,10,Vermelho,,,,,
9814449,,,,Boleira Desmontável M 20x16cm – Sustentável e Reutilizável,/boleira-desmontavel-m-20x16cm-sustentavel-e-reutilizavel,"0,190",6.00,16.00,20.00,,,,"<p><strong>✨ Descrição completa — Boleira Desmontável M 20x16cm – Sustentável e Reutilizável</strong></p><p>A <strong>Boleira Desmontável M 20x16cm</strong> é a opção mais versátil da linha. Ideal para bolos médios, ela une <strong>resistência, praticidade e consciência ambiental</strong>, sendo perfeita para festas, eventos e vitrines.</p>
<p>Fabricada em <strong>papelão paraná 100% reciclado</strong>, possui <strong>película protetora de fácil higienização</strong> e suporta bolos de até <strong>5kg</strong>, garantindo segurança no transporte e uma apresentação impecável.</p>
<p><strong>🎉 Ideal para diversas ocasiões</strong></p>
<ul>
<li>
<p>Ideal para bolos médios</p>
</li>
<li>
<p><strong>Alta resistência</strong> (até 5kg)</p>
</li>
<li>
<p><strong>Montagem e desmontagem rápidas</strong></p>
</li>
<li>
<p><strong>Reutilizável e sustentável</strong></p>
</li>
<li>
<p>Visual moderno e elegante</p>
</li>
</ul>
<p><strong>📋 Especificações do produto</strong></p>
<ul>
<li>
<p><strong>Tamanho:</strong> 20 x 16 cm (Média)</p>
</li>
<li>
<p><strong>Material:</strong> Papelão paraná 100% reciclado</p>
</li>
<li>
<p><strong>Acabamento:</strong> Película protetora lavável</p>
</li>
<li>
<p><strong>Formato:</strong> Desmontável</p>
</li>
<li>
<p><strong>Conteúdo:</strong> 1 unidade</p>
</li>
</ul>
<p><strong>Variação</strong></p>
<ul>
<li>
<p>Cor</p>
</li>
</ul>
<p><strong>🚚 Frete e prazo</strong></p><p>Calcule o frete e o prazo de entrega informando seu CEP antes de finalizar a compra.</p><p><strong>💡 Dica</strong></p><p>Combine com outros artigos de festa para uma mesa completa e harmoniosa.</p><p><strong>❤️ Garanta o seu</strong></p><p>Garanta agora <strong>Boleira Desmontável M 20x16cm – Sustentável e Reutilizável</strong> e deixe sua festa ou evento ainda mais especial!</p>","Boleira desmontável média, resistente e sustentável. Ideal para bolos médios, com fácil montagem e reutilização.",,"media://products/1-10.png,media://products/2-11.png,media://products/3-11.png,media://products/4-10.png,media://products/5-11.png,media://products/6-12.png,media://products/7-12.png,media://products/8-10.png,media://products/9-5.png,media://products/10-5.png",26.90,,,,,1,,Artigos de Festa,Boleiras,,,,10,,,,,,
 9814449,,28536512,,,,,,,,,,,"<p><strong>✨ Descrição completa — Boleira Desmontável M 20x16cm – Sustentável e Reutilizável</strong></p><p>A <strong>Boleira Desmontável M 20x16cm</strong> é a opção mais versátil da linha. Ideal para bolos médios, ela une <strong>resistência, praticidade e consciência ambiental</strong>, sendo perfeita para festas, eventos e vitrines.</p>
<p>Fabricada em <strong>papelão paraná 100% reciclado</strong>, possui <strong>película protetora de fácil higienização</strong> e suporta bolos de até <strong>5kg</strong>, garantindo segurança no transporte e uma apresentação impecável.</p>
<p><strong>🎉 Ideal para diversas ocasiões</strong></p>
<ul>
<li>
<p>Ideal para bolos médios</p>
</li>
<li>
<p><strong>Alta resistência</strong> (até 5kg)</p>
</li>
<li>
<p><strong>Montagem e desmontagem rápidas</strong></p>
</li>
<li>
<p><strong>Reutilizável e sustentável</strong></p>
</li>
<li>
<p>Visual moderno e elegante</p>
</li>
</ul>
<p><strong>📋 Especificações do produto</strong></p>
<ul>
<li>
<p><strong>Tamanho:</strong> 20 x 16 cm (Média)</p>
</li>
<li>
<p><strong>Material:</strong> Papelão paraná 100% reciclado</p>
</li>
<li>
<p><strong>Acabamento:</strong> Película protetora lavável</p>
</li>
<li>
<p><strong>Formato:</strong> Desmontável</p>
</li>
<li>
<p><strong>Conteúdo:</strong> 1 unidade</p>
</li>
</ul>
<p><strong>Variação</strong></p>
<ul>
<li>
<p>Cor</p>
</li>
</ul>
<p><strong>🚚 Frete e prazo</strong></p><p>Calcule o frete e o prazo de entrega informando seu CEP antes de finalizar a compra.</p><p><strong>💡 Dica</strong></p><p>Combine com outros artigos de festa para uma mesa completa e harmoniosa.</p><p><strong>❤️ Garanta o seu</strong></p><p>Garanta agora <strong>Boleira Desmontável M 20x16cm – Sustentável e Reutilizável</strong> e deixe sua festa ou evento ainda mais especial!</p>","Boleira desmontável média, resistente e sustentável. Ideal para bolos médios, com fácil montagem e reutilização.",,"media://products/1-10.png,media://products/2-11.png,media://products/3-11.png,media://products/4-10.png,media://products/5-11.png,media://products/6-12.png,media://products/7-12.png,media://products/8-10.png,media://products/9-5.png,media://products/10-5.png",,,,,,1,,Artigos de Festa,Boleiras,,,,10,Azul,,,,,BOL-AZ-1
 9814449,,28536596,,,,,,,,,,,"<p><strong>✨ Descrição completa — Boleira Desmontável M 20x16cm – Sustentável e Reutilizável</strong></p><p>A <strong>Boleira Desmontável M 20x16cm</strong> é a opção mais versátil da linha. Ideal para bolos médios, ela une <strong>resistência, praticidade e consciência ambiental</strong>, sendo perfeita para festas, eventos e vitrines.</p>
<p>Fabricada em <strong>papelão paraná 100% reciclado</strong>, possui <strong>película protetora de fácil higienização</strong> e suporta bolos de até <strong>5kg</strong>, garantindo segurança no transporte e uma apresentação impecável.</p>
<p><strong>🎉 Ideal para diversas ocasiões</strong></p>
<ul>
<li>
<p>Ideal para bolos médios</p>
</li>
<li>
<p><strong>Alta resistência</strong> (até 5kg)</p>
</li>
<li>
<p><strong>Montagem e desmontagem rápidas</strong></p>
</li>
<li>
<p><strong>Reutilizável e sustentável</strong></p>
</li>
<li>
<p>Visual moderno e elegante</p>
</li>
</ul>
<p><strong>📋 Especificações do produto</strong></p>
<ul>
<li>
<p><strong>Tamanho:</strong> 20 x 16 cm (Média)</p>
</li>
<li>
<p><strong>Material:</strong> Papelão paraná 100% reciclado</p>
</li>
<li>
<p><strong>Acabamento:</strong> Película protetora lavável</p>
</li>
<li>
<p><strong>Formato:</strong> Desmontável</p>
</li>
<li>
<p><strong>Conteúdo:</strong> 1 unidade</p>
</li>
</ul>
<p><strong>Variação</strong></p>
<ul>
<li>
<p>Cor</p>
</li>
</ul>
<p><strong>🚚 Frete e prazo</strong></p><p>Calcule o frete e o prazo de entrega informando seu CEP antes de finalizar a compra.</p><p><strong>💡 Dica</strong></p><p>Combine com outros artigos de festa para uma mesa completa e harmoniosa.</p><p><strong>❤️ Garanta o seu</strong></p><p>Garanta agora <strong>Boleira Desmontável M 20x16cm – Sustentável e Reutilizável</strong> e deixe sua festa ou evento ainda mais especial!</p>","Boleira desmontável média, resistente e sustentável. Ideal para bolos médios, com fácil montagem e reutilização.",,"media://products/1-10.png,media://products/2-11.png,media://products/3-11.png,media://products/4-10.png,media://products/5-11.png,media://products/6-12.png,media://products/7-12.png,media://products/8-10.png,media://products/9-5.png,media://products/10-5.png",,,,,,1,,Artigos de Festa,Boleiras,,,,10,Azul Bebê,,,,,BOL-AB-1
 9814449,,28536597,,,,,,,,,,,"<p><strong>✨ Descrição completa — Boleira Desmontável M 20x16cm – Sustentável e Reutilizável</strong></p><p>A <strong>Boleira Desmontável M 20x16cm</strong> é a opção mais versátil da linha. Ideal para bolos médios, ela une <strong>resistência, praticidade e consciência ambiental</strong>, sendo perfeita para festas, eventos e vitrines.</p>
<p>Fabricada em <strong>papelão paraná 100% reciclado</strong>, possui <strong>película protetora de fácil higienização</strong> e suporta bolos de até <strong>5kg</strong>, garantindo segurança no transporte e uma apresentação impecável.</p>
<p><strong>🎉 Ideal para diversas ocasiões</strong></p>
<ul>
<li>
<p>Ideal para bolos médios</p>
</li>
<li>
<p><strong>Alta resistência</strong> (até 5kg)</p>
</li>
<li>
<p><strong>Montagem e desmontagem rápidas</strong></p>
</li>
<li>
<p><strong>Reutilizável e sustentável</strong></p>
</li>
<li>
<p>Visual moderno e elegante</p>
</li>
</ul>
<p><strong>📋 Especificações do produto</strong></p>
<ul>
<li>
<p><strong>Tamanho:</strong> 20 x 16 cm (Média)</p>
</li>
<li>
<p><strong>Material:</strong> Papelão paraná 100% reciclado</p>
</li>
<li>
<p><strong>Acabamento:</strong> Película protetora lavável</p>
</li>
<li>
<p><strong>Formato:</strong> Desmontável</p>
</li>
<li>
<p><strong>Conteúdo:</strong> 1 unidade</p>
</li>
</ul>
<p><strong>Variação</strong></p>
<ul>
<li>
<p>Cor</p>
</li>
</ul>
<p><strong>🚚 Frete e prazo</strong></p><p>Calcule o frete e o prazo de entrega informando seu CEP antes de finalizar a compra.</p><p><strong>💡 Dica</strong></p><p>Combine com outros artigos de festa para uma mesa completa e harmoniosa.</p><p><strong>❤️ Garanta o seu</strong></p><p>Garanta agora <strong>Boleira Desmontável M 20x16cm – Sustentável e Reutilizável</strong> e deixe sua festa ou evento ainda mais especial!</p>","Boleira desmontável média, resistente e sustentável. Ideal para bolos médios, com fácil montagem e reutilização.",,"media://products/1-10.png,media://products/2-11.png,media://products/3-11.png,media://products/4-10.png,media://products/5-11.png,media://products/6-12.png,media://products/7-12.png,media://products/8-10.png,media://products/9-5.png,media://products/10-5.png",,,,,,1,,Artigos de Festa,Boleiras,,,,10,Branco,,,,,BOL-BR-1
 9814449,,28536598,,,,,,,,,,,"<p><strong>✨ Descrição completa — Boleira Desmontável M 20x16cm – Sustentável e Reutilizável</strong></p><p>A <strong>Boleira Desmontável M 20x16cm</strong> é a opção mais versátil da linha. Ideal para bolos médios, ela une <strong>resistência, praticidade e consciência ambiental</strong>, sendo perfeita para festas, eventos e vitrines.</p>
<p>Fabricada em <strong>papelão paraná 100% reciclado</strong>, possui <strong>película protetora de fácil higienização</strong> e suporta bolos de até <strong>5kg</strong>, garantindo segurança no transporte e uma apresentação impecável.</p>
<p><strong>🎉 Ideal para diversas ocasiões</strong></p>
<ul>
<li>
<p>Ideal para bolos médios</p>
</li>
<li>
<p><strong>Alta resistência</strong> (até 5kg)</p>
</li>
<li>
<p><strong>Montagem e desmontagem rápidas</strong></p>
</li>
<li>
<p><strong>Reutilizável e sustentável</strong></p>
</li>
<li>
<p>Visual moderno e elegante</p>
</li>
</ul>
<p><strong>📋 Especificações do produto</strong></p>
<ul>
<li>
<p><strong>Tamanho:</strong> 20 x 16 cm (Média)</p>
</li>
<li>
<p><strong>Material:</strong> Papelão paraná 100% reciclado</p>
</li>
<li>
<p><strong>Acabamento:</strong> Película protetora lavável</p>
</li>
<li>
<p><strong>Formato:</strong> Desmontável</p>
</li>
<li>
<p><strong>Conteúdo:</strong> 1 unidade</p>
</li>
</ul>
<p><strong>Variação</strong></p>
<ul>
<li>
<p>Cor</p>
</li>
</ul>
<p><strong>🚚 Frete e prazo</strong></p><p>Calcule o frete e o prazo de entrega informando seu CEP antes de finalizar a compra.</p><p><strong>💡 Dica</strong></p><p>Combine com outros artigos de festa para uma mesa completa e harmoniosa.</p><p><strong>❤️ Garanta o seu</strong></p><p>Garanta agora <strong>Boleira Desmontável M 20x16cm – Sustentável e Reutilizável</strong> e deixe sua festa ou evento ainda mais especial!</p>","Boleira desmontável média, resistente e sustentável. Ideal para bolos médios, com fácil montagem e reutilização.",,"media://products/1-10.png,media://products/2-11.png,media://products/3-11.png,media://products/4-10.png,media://products/5-11.png,media://products/6-12.png,media://products/7-12.png,media://products/8-10.png,media://products/9-5.png,media://products/10-5.png",,,,,,1,,Artigos de Festa,Boleiras,,,,10,Dourado,,,,,BOL-DD-1
 9814449,,28536599,,,,,,,,,,,"<p><strong>✨ Descrição completa — Boleira Desmontável M 20x16cm – Sustentável e Reutilizável</strong></p><p>A <strong>Boleira Desmontável M 20x16cm</strong> é a opção mais versátil da linha. Ideal para bolos médios, ela une <strong>resistência, praticidade e consciência ambiental</strong>, sendo perfeita para festas, eventos e vitrines.</p>
<p>Fabricada em <strong>papelão paraná 100% reciclado</strong>, possui <strong>película protetora de fácil higienização</strong> e suporta bolos de até <strong>5kg</strong>, garantindo segurança no transporte e uma apresentação impecável.</p>
<p><strong>🎉 Ideal para diversas ocasiões</strong></p>
<ul>
<li>
<p>Ideal para bolos médios</p>
</li>
<li>
<p><strong>Alta resistência</strong> (até 5kg)</p>
</li>
<li>
<p><strong>Montagem e desmontagem rápidas</strong></p>
</li>
<li>
<p><strong>Reutilizável e sustentável</strong></p>
</li>
<li>
<p>Visual moderno e elegante</p>
</li>
</ul>
<p><strong>📋 Especificações do produto</strong></p>
<ul>
<li>
<p><strong>Tamanho:</strong> 20 x 16 cm (Média)</p>
</li>
<li>
<p><strong>Material:</strong> Papelão paraná 100% reciclado</p>
</li>
<li>
<p><strong>Acabamento:</strong> Película protetora lavável</p>
</li>
<li>
<p><strong>Formato:</strong> Desmontável</p>
</li>
<li>
<p><strong>Conteúdo:</strong> 1 unidade</p>
</li>
</ul>
<p><strong>Variação</strong></p>
<ul>
<li>
<p>Cor</p>
</li>
</ul>
<p><strong>🚚 Frete e prazo</strong></p><p>Calcule o frete e o prazo de entrega informando seu CEP antes de finalizar a compra.</p><p><strong>💡 Dica</strong></p><p>Combine com outros artigos de festa para uma mesa completa e harmoniosa.</p><p><strong>❤️ Garanta o seu</strong></p><p>Garanta agora <strong>Boleira Desmontável M 20x16cm – Sustentável e Reutilizável</strong> e deixe sua festa ou evento ainda mais especial!</p>","Boleira desmontável média, resistente e sustentável. Ideal para bolos médios, com fácil montagem e reutilização.",,"media://products/1-10.png,media://products/2-11.png,media://products/3-11.png,media://products/4-10.png,media://products/5-11.png,media://products/6-12.png,media://products/7-12.png,media://products/8-10.png,media://products/9-5.png,media://products/10-5.png",,,,,,1,,Artigos de Festa,Boleiras,,,,10,Furta-cor,,,,,BOL-FC-1
 9814449,,28536600,,,,,,,,,,,"<p><strong>✨ Descrição completa — Boleira Desmontável M 20x16cm – Sustentável e Reutilizável</strong></p><p>A <strong>Boleira Desmontável M 20x16cm</strong> é a opção mais versátil da linha. Ideal para bolos médios, ela une <strong>resistência, praticidade e consciência ambiental</strong>, sendo perfeita para festas, eventos e vitrines.</p>
<p>Fabricada em <strong>papelão paraná 100% reciclado</strong>, possui <strong>película protetora de fácil higienização</strong> e suporta bolos de até <strong>5kg</strong>, garantindo segurança no transporte e uma apresentação impecável.</p>
<p><strong>🎉 Ideal para diversas ocasiões</strong></p>
<ul>
<li>
<p>Ideal para bolos médios</p>
</li>
<li>
<p><strong>Alta resistência</strong> (até 5kg)</p>
</li>
<li>
<p><strong>Montagem e desmontagem rápidas</strong></p>
</li>
<li>
<p><strong>Reutilizável e sustentável</strong></p>
</li>
<li>
<p>Visual moderno e elegante</p>
</li>
</ul>
<p><strong>📋 Especificações do produto</strong></p>
<ul>
<li>
<p><strong>Tamanho:</strong> 20 x 16 cm (Média)</p>
</li>
<li>
<p><strong>Material:</strong> Papelão paraná 100% reciclado</p>
</li>
<li>
<p><strong>Acabamento:</strong> Película protetora lavável</p>
</li>
<li>
<p><strong>Formato:</strong> Desmontável</p>
</li>
<li>
<p><strong>Conteúdo:</strong> 1 unidade</p>
</li>
</ul>
<p><strong>Variação</strong></p>
<ul>
<li>
<p>Cor</p>
</li>
</ul>
<p><strong>🚚 Frete e prazo</strong></p><p>Calcule o frete e o prazo de entrega informando seu CEP antes de finalizar a compra.</p><p><strong>💡 Dica</strong></p><p>Combine com outros artigos de festa para uma mesa completa e harmoniosa.</p><p><strong>❤️ Garanta o seu</strong></p><p>Garanta agora <strong>Boleira Desmontável M 20x16cm – Sustentável e Reutilizável</strong> e deixe sua festa ou evento ainda mais especial!</p>","Boleira desmontável média, resistente e sustentável. Ideal para bolos médios, com fácil montagem e reutilização.",,"media://products/1-10.png,media://products/2-11.png,media://products/3-11.png,media://products/4-10.png,media://products/5-11.png,media://products/6-12.png,media://products/7-12.png,media://products/8-10.png,media://products/9-5.png,media://products/10-5.png",,,,,,1,,Artigos de Festa,Boleiras,,,,10,Prata,,,,,BOL-PR-1
 9814449,,28536601,,,,,,,,,,,"<p><strong>✨ Descrição completa — Boleira Desmontável M 20x16cm – Sustentável e Reutilizável</strong></p><p>A <strong>Boleira Desmontável M 20x16cm</strong> é a opção mais versátil da linha. Ideal para bolos médios, ela une <strong>resistência, praticidade e consciência ambiental</strong>, sendo perfeita para festas, eventos e vitrines.</p>
<p>Fabricada em <strong>papelão paraná 100% reciclado</strong>, possui <strong>película protetora de fácil higienização</strong> e suporta bolos de até <strong>5kg</strong>, garantindo segurança no transporte e uma apresentação impecável.</p>
<p><strong>🎉 Ideal para diversas ocasiões</strong></p>
<ul>
<li>
<p>Ideal para bolos médios</p>
</li>
<li>
<p><strong>Alta resistência</strong> (até 5kg)</p>
</li>
<li>
<p><strong>Montagem e desmontagem rápidas</strong></p>
</li>
<li>
<p><strong>Reutilizável e sustentável</strong></p>
</li>
<li>
<p>Visual moderno e elegante</p>
</li>
</ul>
<p><strong>📋 Especificações do produto</strong></p>
<ul>
<li>
<p><strong>Tamanho:</strong> 20 x 16 cm (Média)</p>
</li>
<li>
<p><strong>Material:</strong> Papelão paraná 100% reciclado</p>
</li>
<li>
<p><strong>Acabamento:</strong> Película protetora lavável</p>
</li>
<li>
<p><strong>Formato:</strong> Desmontável</p>
</li>
<li>
<p><strong>Conteúdo:</strong> 1 unidade</p>
</li>
</ul>
<p><strong>Variação</strong></p>
<ul>
<li>
<p>Cor</p>
</li>
</ul>
<p><strong>🚚 Frete e prazo</strong></p><p>Calcule o frete e o prazo de entrega informando seu CEP antes de finalizar a compra.</p><p><strong>💡 Dica</strong></p><p>Combine com outros artigos de festa para uma mesa completa e harmoniosa.</p><p><strong>❤️ Garanta o seu</strong></p><p>Garanta agora <strong>Boleira Desmontável M 20x16cm – Sustentável e Reutilizável</strong> e deixe sua festa ou evento ainda mais especial!</p>","Boleira desmontável média, resistente e sustentável. Ideal para bolos médios, com fácil montagem e reutilização.",,"media://products/1-10.png,media://products/2-11.png,media://products/3-11.png,media://products/4-10.png,media://products/5-11.png,media://products/6-12.png,media://products/7-12.png,media://products/8-10.png,media://products/9-5.png,media://products/10-5.png",,,,,,1,,Artigos de Festa,Boleiras,,,,10,Preto,,,,,BOL-PT-1
 9814449,,28536602,,,,,,,,,,,"<p><strong>✨ Descrição completa — Boleira Desmontável M 20x16cm – Sustentável e Reutilizável</strong></p><p>A <strong>Boleira Desmontável M 20x16cm</strong> é a opção mais versátil da linha. Ideal para bolos médios, ela une <strong>resistência, praticidade e consciência ambiental</strong>, sendo perfeita para festas, eventos e vitrines.</p>
<p>Fabricada em <strong>papelão paraná 100% reciclado</strong>, possui <strong>película protetora de fácil higienização</strong> e suporta bolos de até <strong>5kg</strong>, garantindo segurança no transporte e uma apresentação impecável.</p>
<p><strong>🎉 Ideal para diversas ocasiões</strong></p>
<ul>
<li>
<p>Ideal para bolos médios</p>
</li>
<li>
<p><strong>Alta resistência</strong> (até 5kg)</p>
</li>
<li>
<p><strong>Montagem e desmontagem rápidas</strong></p>
</li>
<li>
<p><strong>Reutilizável e sustentável</strong></p>
</li>
<li>
<p>Visual moderno e elegante</p>
</li>
</ul>
<p><strong>📋 Especificações do produto</strong></p>
<ul>
<li>
<p><strong>Tamanho:</strong> 20 x 16 cm (Média)</p>
</li>
<li>
<p><strong>Material:</strong> Papelão paraná 100% reciclado</p>
</li>
<li>
<p><strong>Acabamento:</strong> Película protetora lavável</p>
</li>
<li>
<p><strong>Formato:</strong> Desmontável</p>
</li>
<li>
<p><strong>Conteúdo:</strong> 1 unidade</p>
</li>
</ul>
<p><strong>Variação</strong></p>
<ul>
<li>
<p>Cor</p>
</li>
</ul>
<p><strong>🚚 Frete e prazo</strong></p><p>Calcule o frete e o prazo de entrega informando seu CEP antes de finalizar a compra.</p><p><strong>💡 Dica</strong></p><p>Combine com outros artigos de festa para uma mesa completa e harmoniosa.</p><p><strong>❤️ Garanta o seu</strong></p><p>Garanta agora <strong>Boleira Desmontável M 20x16cm – Sustentável e Reutilizável</strong> e deixe sua festa ou evento ainda mais especial!</p>","Boleira desmontável média, resistente e sustentável. Ideal para bolos médios, com fácil montagem e reutilização.",,"media://products/1-10.png,media://products/2-11.png,media://products/3-11.png,media://products/4-10.png,media://products/5-11.png,media://products/6-12.png,media://products/7-12.png,media://products/8-10.png,media://products/9-5.png,media://products/10-5.png",,,,,,1,,Artigos de Festa,Boleiras,,,,10,Rosa Bebê,,,,,BOL-RB-1
 9814449,,28536603,,,,,,,,,,,"<p><strong>✨ Descrição completa — Boleira Desmontável M 20x16cm – Sustentável e Reutilizável</strong></p><p>A <strong>Boleira Desmontável M 20x16cm</strong> é a opção mais versátil da linha. Ideal para bolos médios, ela une <strong>resistência, praticidade e consciência ambiental</strong>, sendo perfeita para festas, eventos e vitrines.</p>
<p>Fabricada em <strong>papelão paraná 100% reciclado</strong>, possui <strong>película protetora de fácil higienização</strong> e suporta bolos de até <strong>5kg</strong>, garantindo segurança no transporte e uma apresentação impecável.</p>
<p><strong>🎉 Ideal para diversas ocasiões</strong></p>
<ul>
<li>
<p>Ideal para bolos médios</p>
</li>
<li>
<p><strong>Alta resistência</strong> (até 5kg)</p>
</li>
<li>
<p><strong>Montagem e desmontagem rápidas</strong></p>
</li>
<li>
<p><strong>Reutilizável e sustentável</strong></p>
</li>
<li>
<p>Visual moderno e elegante</p>
</li>
</ul>
<p><strong>📋 Especificações do produto</strong></p>
<ul>
<li>
<p><strong>Tamanho:</strong> 20 x 16 cm (Média)</p>
</li>
<li>
<p><strong>Material:</strong> Papelão paraná 100% reciclado</p>
</li>
<li>
<p><strong>Acabamento:</strong> Película protetora lavável</p>
</li>
<li>
<p><strong>Formato:</strong> Desmontável</p>
</li>
<li>
<p><strong>Conteúdo:</strong> 1 unidade</p>
</li>
</ul>
<p><strong>Variação</strong></p>
<ul>
<li>
<p>Cor</p>
</li>
</ul>
<p><strong>🚚 Frete e prazo</strong></p><p>Calcule o frete e o prazo de entrega informando seu CEP antes de finalizar a compra.</p><p><strong>💡 Dica</strong></p><p>Combine com outros artigos de festa para uma mesa completa e harmoniosa.</p><p><strong>❤️ Garanta o seu</strong></p><p>Garanta agora <strong>Boleira Desmontável M 20x16cm – Sustentável e Reutilizável</strong> e deixe sua festa ou evento ainda mais especial!</p>","Boleira desmontável média, resistente e sustentável. Ideal para bolos médios, com fácil montagem e reutilização.",,"media://products/1-10.png,media://products/2-11.png,media://products/3-11.png,media://products/4-10.png,media://products/5-11.png,media://products/6-12.png,media://products/7-12.png,media://products/8-10.png,media://products/9-5.png,media://products/10-5.png",,,,,,1,,Artigos de Festa,Boleiras,,,,10,Rosa Pink,,,,,BOL-RP-1
 9814449,,28536604,,,,,,,,,,,"<p><strong>✨ Descrição completa — Boleira Desmontável M 20x16cm – Sustentável e Reutilizável</strong></p><p>A <strong>Boleira Desmontável M 20x16cm</strong> é a opção mais versátil da linha. Ideal para bolos médios, ela une <strong>resistência, praticidade e consciência ambiental</strong>, sendo perfeita para festas, eventos e vitrines.</p>
<p>Fabricada em <strong>papelão paraná 100% reciclado</strong>, possui <strong>película protetora de fácil higienização</strong> e suporta bolos de até <strong>5kg</strong>, garantindo segurança no transporte e uma apresentação impecável.</p>
<p><strong>🎉 Ideal para diversas ocasiões</strong></p>
<ul>
<li>
<p>Ideal para bolos médios</p>
</li>
<li>
<p><strong>Alta resistência</strong> (até 5kg)</p>
</li>
<li>
<p><strong>Montagem e desmontagem rápidas</strong></p>
</li>
<li>
<p><strong>Reutilizável e sustentável</strong></p>
</li>
<li>
<p>Visual moderno e elegante</p>
</li>
</ul>
<p><strong>📋 Especificações do produto</strong></p>
<ul>
<li>
<p><strong>Tamanho:</strong> 20 x 16 cm (Média)</p>
</li>
<li>
<p><strong>Material:</strong> Papelão paraná 100% reciclado</p>
</li>
<li>
<p><strong>Acabamento:</strong> Película protetora lavável</p>
</li>
<li>
<p><strong>Formato:</strong> Desmontável</p>
</li>
<li>
<p><strong>Conteúdo:</strong> 1 unidade</p>
</li>
</ul>
<p><strong>Variação</strong></p>
<ul>
<li>
<p>Cor</p>
</li>
</ul>
<p><strong>🚚 Frete e prazo</strong></p><p>Calcule o frete e o prazo de entrega informando seu CEP antes de finalizar a compra.</p><p><strong>💡 Dica</strong></p><p>Combine com outros artigos de festa para uma mesa completa e harmoniosa.</p><p><strong>❤️ Garanta o seu</strong></p><p>Garanta agora <strong>Boleira Desmontável M 20x16cm – Sustentável e Reutilizável</strong> e deixe sua festa ou evento ainda mais especial!</p>","Boleira desmontável média, resistente e sustentável. Ideal para bolos médios, com fácil montagem e reutilização.",,"media://products/1-10.png,media://products/2-11.png,media://products/3-11.png,media://products/4-10.png,media://products/5-11.png,media://products/6-12.png,media://products/7-12.png,media://products/8-10.png,media://products/9-5.png,media://products/10-5.png",,,,,,1,,Artigos de Festa,Boleiras,,,,10,Vermelho,,,,,BOL-VE-1
9814474,,,,Boleira Desmontável P 12x10cm – Sustentável e Reutilizável,/boleira-desmontavel-p-12x10cm-sustentavel-e-reutilizavel,"0,090",6.00,10.00,12.00,,,,"<p><strong>✨ Descrição completa — Boleira Desmontável P 12x10cm – Sustentável e Reutilizável</strong></p><p>A <strong>Boleira Desmontável P 12x10cm</strong> é perfeita para bolos pequenos, doces especiais e mesas decoradas. Produzida em <strong>papelão paraná 100% reciclado</strong>, oferece firmeza, praticidade e um acabamento elegante para valorizar sua apresentação.</p>
<p>Seu sistema desmontável permite <strong>montagem rápida</strong>, fácil armazenamento e reutilização, tornando-se uma excelente escolha para confeiteiros, eventos e uso doméstico.</p>
<p><strong>🎉 Ideal para diversas ocasiões</strong></p>
<ul>
<li>
<p>Suporta bolos de até <strong>5kg</strong></p>
</li>
<li>
<p><strong>Desmontável</strong>: economiza espaço</p>
</li>
<li>
<p><strong>Reutilizável</strong>, com película protetora lavável</p>
</li>
<li>
<p><strong>Ecológica</strong>, feita com papelão reciclado</p>
</li>
<li>
<p>Ideal para <strong>bolos pequenos e decoração de mesas</strong></p>
</li>
</ul>
<p><strong>📋 Especificações do produto</strong></p>
<ul>
<li>
<p><strong>Tamanho:</strong> 12 x 10 cm (Pequena)</p>
</li>
<li>
<p><strong>Material:</strong> Papelão paraná 100% reciclado</p>
</li>
<li>
<p><strong>Acabamento:</strong> Película protetora</p>
</li>
<li>
<p><strong>Formato:</strong> Desmontável</p>
</li>
<li>
<p><strong>Conteúdo:</strong> 1 unidade</p>
</li>
</ul>
<p><strong>Variação</strong></p>
<ul>
<li>
<p>Cor</p></li></ul>
<p><strong>🚚 Frete e prazo</strong></p><p>Calcule o frete e o prazo de entrega informando seu CEP antes de finalizar a compra.</p><p><strong>💡 Dica</strong></p><p>Combine com outros artigos de festa para uma mesa completa e harmoniosa.</p><p><strong>❤️ Garanta o seu</strong></p><p>Garanta agora <strong>Boleira Desmontável P 12x10cm – Sustentável e Reutilizável</strong> e deixe sua festa ou evento ainda mais especial!</p>","Boleira desmontável pequena, resistente e ecológica. Ideal para bolos menores e mesas de doces. Reutilizável e fácil de montar.",,"media://products/1-11.png,media://products/2-12.png,media://products/3-12.png,media://products/4-11.png,media://products/5-12.png,media://products/6-13.png,media://products/7-13.png,media://products/8-11.png,media://products/9-6.png,media://products/10-6.png",16.90,,,,,1,,,,,,,0,,,,,,
 9814474,,28536621,,,,,,,,,,,"<p><strong>✨ Descrição completa — Boleira Desmontável P 12x10cm – Sustentável e Reutilizável</strong></p><p>A <strong>Boleira Desmontável P 12x10cm</strong> é perfeita para bolos pequenos, doces especiais e mesas decoradas. Produzida em <strong>papelão paraná 100% reciclado</strong>, oferece firmeza, praticidade e um acabamento elegante para valorizar sua apresentação.</p>
<p>Seu sistema desmontável permite <strong>montagem rápida</strong>, fácil armazenamento e reutilização, tornando-se uma excelente escolha para confeiteiros, eventos e uso doméstico.</p>
<p><strong>🎉 Ideal para diversas ocasiões</strong></p>
<ul>
<li>
<p>Suporta bolos de até <strong>5kg</strong></p>
</li>
<li>
<p><strong>Desmontável</strong>: economiza espaço</p>
</li>
<li>
<p><strong>Reutilizável</strong>, com película protetora lavável</p>
</li>
<li>
<p><strong>Ecológica</strong>, feita com papelão reciclado</p>
</li>
<li>
<p>Ideal para <strong>bolos pequenos e decoração de mesas</strong></p>
</li>
</ul>
<p><strong>📋 Especificações do produto</strong></p>
<ul>
<li>
<p><strong>Tamanho:</strong> 12 x 10 cm (Pequena)</p>
</li>
<li>
<p><strong>Material:</strong> Papelão paraná 100% reciclado</p>
</li>
<li>
<p><strong>Acabamento:</strong> Película protetora</p>
</li>
<li>
<p><strong>Formato:</strong> Desmontável</p>
</li>
<li>
<p><strong>Conteúdo:</strong> 1 unidade</p>
</li>
</ul>
<p><strong>Variação</strong></p>
<ul>
<li>
<p>Cor</p></li></ul>
<p><strong>🚚 Frete e prazo</strong></p><p>Calcule o frete e o prazo de entrega informando seu CEP antes de finalizar a compra.</p><p><strong>💡 Dica</strong></p><p>Combine com outros artigos de festa para uma mesa completa e harmoniosa.</p><p><strong>❤️ Garanta o seu</strong></p><p>Garanta agora <strong>Boleira Desmontável P 12x10cm – Sustentável e Reutilizável</strong> e deixe sua festa ou evento ainda mais especial!</p>","Boleira desmontável pequena, resistente e ecológica. Ideal para bolos menores e mesas de doces. Reutilizável e fácil de montar.",,"media://products/1-11.png,media://products/2-12.png,media://products/3-12.png,media://products/4-11.png,media://products/5-12.png,media://products/6-13.png,media://products/7-13.png,media://products/8-11.png,media://products/9-6.png,media://products/10-6.png",,,,,,1,,,,,,,0,Azul,,,,,
 9814474,,28536622,,,,,,,,,,,"<p><strong>✨ Descrição completa — Boleira Desmontável P 12x10cm – Sustentável e Reutilizável</strong></p><p>A <strong>Boleira Desmontável P 12x10cm</strong> é perfeita para bolos pequenos, doces especiais e mesas decoradas. Produzida em <strong>papelão paraná 100% reciclado</strong>, oferece firmeza, praticidade e um acabamento elegante para valorizar sua apresentação.</p>
<p>Seu sistema desmontável permite <strong>montagem rápida</strong>, fácil armazenamento e reutilização, tornando-se uma excelente escolha para confeiteiros, eventos e uso doméstico.</p>
<p><strong>🎉 Ideal para diversas ocasiões</strong></p>
<ul>
<li>
<p>Suporta bolos de até <strong>5kg</strong></p>
</li>
<li>
<p><strong>Desmontável</strong>: economiza espaço</p>
</li>
<li>
<p><strong>Reutilizável</strong>, com película protetora lavável</p>
</li>
<li>
<p><strong>Ecológica</strong>, feita com papelão reciclado</p>
</li>
<li>
<p>Ideal para <strong>bolos pequenos e decoração de mesas</strong></p>
</li>
</ul>
<p><strong>📋 Especificações do produto</strong></p>
<ul>
<li>
<p><strong>Tamanho:</strong> 12 x 10 cm (Pequena)</p>
</li>
<li>
<p><strong>Material:</strong> Papelão paraná 100% reciclado</p>
</li>
<li>
<p><strong>Acabamento:</strong> Película protetora</p>
</li>
<li>
<p><strong>Formato:</strong> Desmontável</p>
</li>
<li>
<p><strong>Conteúdo:</strong> 1 unidade</p>
</li>
</ul>
<p><strong>Variação</strong></p>
<ul>
<li>
<p>Cor</p></li></ul>
<p><strong>🚚 Frete e prazo</strong></p><p>Calcule o frete e o prazo de entrega informando seu CEP antes de finalizar a compra.</p><p><strong>💡 Dica</strong></p><p>Combine com outros artigos de festa para uma mesa completa e harmoniosa.</p><p><strong>❤️ Garanta o seu</strong></p><p>Garanta agora <strong>Boleira Desmontável P 12x10cm – Sustentável e Reutilizável</strong> e deixe sua festa ou evento ainda mais especial!</p>","Boleira desmontável pequena, resistente e ecológica. Ideal para bolos menores e mesas de doces. Reutilizável e fácil de montar.",,"media://products/1-11.png,media://products/2-12.png,media://products/3-12.png,media://products/4-11.png,media://products/5-12.png,media://products/6-13.png,media://products/7-13.png,media://products/8-11.png,media://products/9-6.png,media://products/10-6.png",,,,,,1,,,,,,,0,Azul Bebê,,,,,
 9814474,,28536623,,,,,,,,,,,"<p><strong>✨ Descrição completa — Boleira Desmontável P 12x10cm – Sustentável e Reutilizável</strong></p><p>A <strong>Boleira Desmontável P 12x10cm</strong> é perfeita para bolos pequenos, doces especiais e mesas decoradas. Produzida em <strong>papelão paraná 100% reciclado</strong>, oferece firmeza, praticidade e um acabamento elegante para valorizar sua apresentação.</p>
<p>Seu sistema desmontável permite <strong>montagem rápida</strong>, fácil armazenamento e reutilização, tornando-se uma excelente escolha para confeiteiros, eventos e uso doméstico.</p>
<p><strong>🎉 Ideal para diversas ocasiões</strong></p>
<ul>
<li>
<p>Suporta bolos de até <strong>5kg</strong></p>
</li>
<li>
<p><strong>Desmontável</strong>: economiza espaço</p>
</li>
<li>
<p><strong>Reutilizável</strong>, com película protetora lavável</p>
</li>
<li>
<p><strong>Ecológica</strong>, feita com papelão reciclado</p>
</li>
<li>
<p>Ideal para <strong>bolos pequenos e decoração de mesas</strong></p>
</li>
</ul>
<p><strong>📋 Especificações do produto</strong></p>
<ul>
<li>
<p><strong>Tamanho:</strong> 12 x 10 cm (Pequena)</p>
</li>
<li>
<p><strong>Material:</strong> Papelão paraná 100% reciclado</p>
</li>
<li>
<p><strong>Acabamento:</strong> Película protetora</p>
</li>
<li>
<p><strong>Formato:</strong> Desmontável</p>
</li>
<li>
<p><strong>Conteúdo:</strong> 1 unidade</p>
</li>
</ul>
<p><strong>Variação</strong></p>
<ul>
<li>
<p>Cor</p></li></ul>
<p><strong>🚚 Frete e prazo</strong></p><p>Calcule o frete e o prazo de entrega informando seu CEP antes de finalizar a compra.</p><p><strong>💡 Dica</strong></p><p>Combine com outros artigos de festa para uma mesa completa e harmoniosa.</p><p><strong>❤️ Garanta o seu</strong></p><p>Garanta agora <strong>Boleira Desmontável P 12x10cm – Sustentável e Reutilizável</strong> e deixe sua festa ou evento ainda mais especial!</p>","Boleira desmontável pequena, resistente e ecológica. Ideal para bolos menores e mesas de doces. Reutilizável e fácil de montar.",,"media://products/1-11.png,media://products/2-12.png,media://products/3-12.png,media://products/4-11.png,media://products/5-12.png,media://products/6-13.png,media://products/7-13.png,media://products/8-11.png,media://products/9-6.png,media://products/10-6.png",,,,,,1,,,,,,,0,Branco,,,,,
 9814474,,28536624,,,,,,,,,,,"<p><strong>✨ Descrição completa — Boleira Desmontável P 12x10cm – Sustentável e Reutilizável</strong></p><p>A <strong>Boleira Desmontável P 12x10cm</strong> é perfeita para bolos pequenos, doces especiais e mesas decoradas. Produzida em <strong>papelão paraná 100% reciclado</strong>, oferece firmeza, praticidade e um acabamento elegante para valorizar sua apresentação.</p>
<p>Seu sistema desmontável permite <strong>montagem rápida</strong>, fácil armazenamento e reutilização, tornando-se uma excelente escolha para confeiteiros, eventos e uso doméstico.</p>
<p><strong>🎉 Ideal para diversas ocasiões</strong></p>
<ul>
<li>
<p>Suporta bolos de até <strong>5kg</strong></p>
</li>
<li>
<p><strong>Desmontável</strong>: economiza espaço</p>
</li>
<li>
<p><strong>Reutilizável</strong>, com película protetora lavável</p>
</li>
<li>
<p><strong>Ecológica</strong>, feita com papelão reciclado</p>
</li>
<li>
<p>Ideal para <strong>bolos pequenos e decoração de mesas</strong></p>
</li>
</ul>
<p><strong>📋 Especificações do produto</strong></p>
<ul>
<li>
<p><strong>Tamanho:</strong> 12 x 10 cm (Pequena)</p>
</li>
<li>
<p><strong>Material:</strong> Papelão paraná 100% reciclado</p>
</li>
<li>
<p><strong>Acabamento:</strong> Película protetora</p>
</li>
<li>
<p><strong>Formato:</strong> Desmontável</p>
</li>
<li>
<p><strong>Conteúdo:</strong> 1 unidade</p>
</li>
</ul>
<p><strong>Variação</strong></p>
<ul>
<li>
<p>Cor</p></li></ul>
<p><strong>🚚 Frete e prazo</strong></p><p>Calcule o frete e o prazo de entrega informando seu CEP antes de finalizar a compra.</p><p><strong>💡 Dica</strong></p><p>Combine com outros artigos de festa para uma mesa completa e harmoniosa.</p><p><strong>❤️ Garanta o seu</strong></p><p>Garanta agora <strong>Boleira Desmontável P 12x10cm – Sustentável e Reutilizável</strong> e deixe sua festa ou evento ainda mais especial!</p>","Boleira desmontável pequena, resistente e ecológica. Ideal para bolos menores e mesas de doces. Reutilizável e fácil de montar.",,"media://products/1-11.png,media://products/2-12.png,media://products/3-12.png,media://products/4-11.png,media://products/5-12.png,media://products/6-13.png,media://products/7-13.png,media://products/8-11.png,media://products/9-6.png,media://products/10-6.png",,,,,,1,,,,,,,0,Dourado,,,,,
 9814474,,28536625,,,,,,,,,,,"<p><strong>✨ Descrição completa — Boleira Desmontável P 12x10cm – Sustentável e Reutilizável</strong></p><p>A <strong>Boleira Desmontável P 12x10cm</strong> é perfeita para bolos pequenos, doces especiais e mesas decoradas. Produzida em <strong>papelão paraná 100% reciclado</strong>, oferece firmeza, praticidade e um acabamento elegante para valorizar sua apresentação.</p>
<p>Seu sistema desmontável permite <strong>montagem rápida</strong>, fácil armazenamento e reutilização, tornando-se uma excelente escolha para confeiteiros, eventos e uso doméstico.</p>
<p><strong>🎉 Ideal para diversas ocasiões</strong></p>
<ul>
<li>
<p>Suporta bolos de até <strong>5kg</strong></p>
</li>
<li>
<p><strong>Desmontável</strong>: economiza espaço</p>
</li>
<li>
<p><strong>Reutilizável</strong>, com película protetora lavável</p>
</li>
<li>
<p><strong>Ecológica</strong>, feita com papelão reciclado</p>
</li>
<li>
<p>Ideal para <strong>bolos pequenos e decoração de mesas</strong></p>
</li>
</ul>
<p><strong>📋 Especificações do produto</strong></p>
<ul>
<li>
<p><strong>Tamanho:</strong> 12 x 10 cm (Pequena)</p>
</li>
<li>
<p><strong>Material:</strong> Papelão paraná 100% reciclado</p>
</li>
<li>
<p><strong>Acabamento:</strong> Película protetora</p>
</li>
<li>
<p><strong>Formato:</strong> Desmontável</p>
</li>
<li>
<p><strong>Conteúdo:</strong> 1 unidade</p>
</li>
</ul>
<p><strong>Variação</strong></p>
<ul>
<li>
<p>Cor</p></li></ul>
<p><strong>🚚 Frete e prazo</strong></p><p>Calcule o frete e o prazo de entrega informando seu CEP antes de finalizar a compra.</p><p><strong>💡 Dica</strong></p><p>Combine com outros artigos de festa para uma mesa completa e harmoniosa.</p><p><strong>❤️ Garanta o seu</strong></p><p>Garanta agora <strong>Boleira Desmontável P 12x10cm – Sustentável e Reutilizável</strong> e deixe sua festa ou evento ainda mais especial!</p>","Boleira desmontável pequena, resistente e ecológica. Ideal para bolos menores e mesas de doces. Reutilizável e fácil de montar.",,"media://products/1-11.png,media://products/2-12.png,media://products/3-12.png,media://products/4-11.png,media://products/5-12.png,media://products/6-13.png,media://products/7-13.png,media://products/8-11.png,media://products/9-6.png,media://products/10-6.png",,,,,,1,,,,,,,0,Furta-cor,,,,,
 9814474,,28536626,,,,,,,,,,,"<p><strong>✨ Descrição completa — Boleira Desmontável P 12x10cm – Sustentável e Reutilizável</strong></p><p>A <strong>Boleira Desmontável P 12x10cm</strong> é perfeita para bolos pequenos, doces especiais e mesas decoradas. Produzida em <strong>papelão paraná 100% reciclado</strong>, oferece firmeza, praticidade e um acabamento elegante para valorizar sua apresentação.</p>
<p>Seu sistema desmontável permite <strong>montagem rápida</strong>, fácil armazenamento e reutilização, tornando-se uma excelente escolha para confeiteiros, eventos e uso doméstico.</p>
<p><strong>🎉 Ideal para diversas ocasiões</strong></p>
<ul>
<li>
<p>Suporta bolos de até <strong>5kg</strong></p>
</li>
<li>
<p><strong>Desmontável</strong>: economiza espaço</p>
</li>
<li>
<p><strong>Reutilizável</strong>, com película protetora lavável</p>
</li>
<li>
<p><strong>Ecológica</strong>, feita com papelão reciclado</p>
</li>
<li>
<p>Ideal para <strong>bolos pequenos e decoração de mesas</strong></p>
</li>
</ul>
<p><strong>📋 Especificações do produto</strong></p>
<ul>
<li>
<p><strong>Tamanho:</strong> 12 x 10 cm (Pequena)</p>
</li>
<li>
<p><strong>Material:</strong> Papelão paraná 100% reciclado</p>
</li>
<li>
<p><strong>Acabamento:</strong> Película protetora</p>
</li>
<li>
<p><strong>Formato:</strong> Desmontável</p>
</li>
<li>
<p><strong>Conteúdo:</strong> 1 unidade</p>
</li>
</ul>
<p><strong>Variação</strong></p>
<ul>
<li>
<p>Cor</p></li></ul>
<p><strong>🚚 Frete e prazo</strong></p><p>Calcule o frete e o prazo de entrega informando seu CEP antes de finalizar a compra.</p><p><strong>💡 Dica</strong></p><p>Combine com outros artigos de festa para uma mesa completa e harmoniosa.</p><p><strong>❤️ Garanta o seu</strong></p><p>Garanta agora <strong>Boleira Desmontável P 12x10cm – Sustentável e Reutilizável</strong> e deixe sua festa ou evento ainda mais especial!</p>","Boleira desmontável pequena, resistente e ecológica. Ideal para bolos menores e mesas de doces. Reutilizável e fácil de montar.",,"media://products/1-11.png,media://products/2-12.png,media://products/3-12.png,media://products/4-11.png,media://products/5-12.png,media://products/6-13.png,media://products/7-13.png,media://products/8-11.png,media://products/9-6.png,media://products/10-6.png",,,,,,1,,,,,,,0,Prata,,,,,
 9814474,,28536627,,,,,,,,,,,"<p><strong>✨ Descrição completa — Boleira Desmontável P 12x10cm – Sustentável e Reutilizável</strong></p><p>A <strong>Boleira Desmontável P 12x10cm</strong> é perfeita para bolos pequenos, doces especiais e mesas decoradas. Produzida em <strong>papelão paraná 100% reciclado</strong>, oferece firmeza, praticidade e um acabamento elegante para valorizar sua apresentação.</p>
<p>Seu sistema desmontável permite <strong>montagem rápida</strong>, fácil armazenamento e reutilização, tornando-se uma excelente escolha para confeiteiros, eventos e uso doméstico.</p>
<p><strong>🎉 Ideal para diversas ocasiões</strong></p>
<ul>
<li>
<p>Suporta bolos de até <strong>5kg</strong></p>
</li>
<li>
<p><strong>Desmontável</strong>: economiza espaço</p>
</li>
<li>
<p><strong>Reutilizável</strong>, com película protetora lavável</p>
</li>
<li>
<p><strong>Ecológica</strong>, feita com papelão reciclado</p>
</li>
<li>
<p>Ideal para <strong>bolos pequenos e decoração de mesas</strong></p>
</li>
</ul>
<p><strong>📋 Especificações do produto</strong></p>
<ul>
<li>
<p><strong>Tamanho:</strong> 12 x 10 cm (Pequena)</p>
</li>
<li>
<p><strong>Material:</strong> Papelão paraná 100% reciclado</p>
</li>
<li>
<p><strong>Acabamento:</strong> Película protetora</p>
</li>
<li>
<p><strong>Formato:</strong> Desmontável</p>
</li>
<li>
<p><strong>Conteúdo:</strong> 1 unidade</p>
</li>
</ul>
<p><strong>Variação</strong></p>
<ul>
<li>
<p>Cor</p></li></ul>
<p><strong>🚚 Frete e prazo</strong></p><p>Calcule o frete e o prazo de entrega informando seu CEP antes de finalizar a compra.</p><p><strong>💡 Dica</strong></p><p>Combine com outros artigos de festa para uma mesa completa e harmoniosa.</p><p><strong>❤️ Garanta o seu</strong></p><p>Garanta agora <strong>Boleira Desmontável P 12x10cm – Sustentável e Reutilizável</strong> e deixe sua festa ou evento ainda mais especial!</p>","Boleira desmontável pequena, resistente e ecológica. Ideal para bolos menores e mesas de doces. Reutilizável e fácil de montar.",,"media://products/1-11.png,media://products/2-12.png,media://products/3-12.png,media://products/4-11.png,media://products/5-12.png,media://products/6-13.png,media://products/7-13.png,media://products/8-11.png,media://products/9-6.png,media://products/10-6.png",,,,,,1,,,,,,,0,Preto,,,,,
 9814474,,28536628,,,,,,,,,,,"<p><strong>✨ Descrição completa — Boleira Desmontável P 12x10cm – Sustentável e Reutilizável</strong></p><p>A <strong>Boleira Desmontável P 12x10cm</strong> é perfeita para bolos pequenos, doces especiais e mesas decoradas. Produzida em <strong>papelão paraná 100% reciclado</strong>, oferece firmeza, praticidade e um acabamento elegante para valorizar sua apresentação.</p>
<p>Seu sistema desmontável permite <strong>montagem rápida</strong>, fácil armazenamento e reutilização, tornando-se uma excelente escolha para confeiteiros, eventos e uso doméstico.</p>
<p><strong>🎉 Ideal para diversas ocasiões</strong></p>
<ul>
<li>
<p>Suporta bolos de até <strong>5kg</strong></p>
</li>
<li>
<p><strong>Desmontável</strong>: economiza espaço</p>
</li>
<li>
<p><strong>Reutilizável</strong>, com película protetora lavável</p>
</li>
<li>
<p><strong>Ecológica</strong>, feita com papelão reciclado</p>
</li>
<li>
<p>Ideal para <strong>bolos pequenos e decoração de mesas</strong></p>
</li>
</ul>
<p><strong>📋 Especificações do produto</strong></p>
<ul>
<li>
<p><strong>Tamanho:</strong> 12 x 10 cm (Pequena)</p>
</li>
<li>
<p><strong>Material:</strong> Papelão paraná 100% reciclado</p>
</li>
<li>
<p><strong>Acabamento:</strong> Película protetora</p>
</li>
<li>
<p><strong>Formato:</strong> Desmontável</p>
</li>
<li>
<p><strong>Conteúdo:</strong> 1 unidade</p>
</li>
</ul>
<p><strong>Variação</strong></p>
<ul>
<li>
<p>Cor</p></li></ul>
<p><strong>🚚 Frete e prazo</strong></p><p>Calcule o frete e o prazo de entrega informando seu CEP antes de finalizar a compra.</p><p><strong>💡 Dica</strong></p><p>Combine com outros artigos de festa para uma mesa completa e harmoniosa.</p><p><strong>❤️ Garanta o seu</strong></p><p>Garanta agora <strong>Boleira Desmontável P 12x10cm – Sustentável e Reutilizável</strong> e deixe sua festa ou evento ainda mais especial!</p>","Boleira desmontável pequena, resistente e ecológica. Ideal para bolos menores e mesas de doces. Reutilizável e fácil de montar.",,"media://products/1-11.png,media://products/2-12.png,media://products/3-12.png,media://products/4-11.png,media://products/5-12.png,media://products/6-13.png,media://products/7-13.png,media://products/8-11.png,media://products/9-6.png,media://products/10-6.png",,,,,,1,,,,,,,0,Rosa Bebê,,,,,
 9814474,,28536629,,,,,,,,,,,"<p><strong>✨ Descrição completa — Boleira Desmontável P 12x10cm – Sustentável e Reutilizável</strong></p><p>A <strong>Boleira Desmontável P 12x10cm</strong> é perfeita para bolos pequenos, doces especiais e mesas decoradas. Produzida em <strong>papelão paraná 100% reciclado</strong>, oferece firmeza, praticidade e um acabamento elegante para valorizar sua apresentação.</p>
<p>Seu sistema desmontável permite <strong>montagem rápida</strong>, fácil armazenamento e reutilização, tornando-se uma excelente escolha para confeiteiros, eventos e uso doméstico.</p>
<p><strong>🎉 Ideal para diversas ocasiões</strong></p>
<ul>
<li>
<p>Suporta bolos de até <strong>5kg</strong></p>
</li>
<li>
<p><strong>Desmontável</strong>: economiza espaço</p>
</li>
<li>
<p><strong>Reutilizável</strong>, com película protetora lavável</p>
</li>
<li>
<p><strong>Ecológica</strong>, feita com papelão reciclado</p>
</li>
<li>
<p>Ideal para <strong>bolos pequenos e decoração de mesas</strong></p>
</li>
</ul>
<p><strong>📋 Especificações do produto</strong></p>
<ul>
<li>
<p><strong>Tamanho:</strong> 12 x 10 cm (Pequena)</p>
</li>
<li>
<p><strong>Material:</strong> Papelão paraná 100% reciclado</p>
</li>
<li>
<p><strong>Acabamento:</strong> Película protetora</p>
</li>
<li>
<p><strong>Formato:</strong> Desmontável</p>
</li>
<li>
<p><strong>Conteúdo:</strong> 1 unidade</p>
</li>
</ul>
<p><strong>Variação</strong></p>
<ul>
<li>
<p>Cor</p></li></ul>
<p><strong>🚚 Frete e prazo</strong></p><p>Calcule o frete e o prazo de entrega informando seu CEP antes de finalizar a compra.</p><p><strong>💡 Dica</strong></p><p>Combine com outros artigos de festa para uma mesa completa e harmoniosa.</p><p><strong>❤️ Garanta o seu</strong></p><p>Garanta agora <strong>Boleira Desmontável P 12x10cm – Sustentável e Reutilizável</strong> e deixe sua festa ou evento ainda mais especial!</p>","Boleira desmontável pequena, resistente e ecológica. Ideal para bolos menores e mesas de doces. Reutilizável e fácil de montar.",,"media://products/1-11.png,media://products/2-12.png,media://products/3-12.png,media://products/4-11.png,media://products/5-12.png,media://products/6-13.png,media://products/7-13.png,media://products/8-11.png,media://products/9-6.png,media://products/10-6.png",,,,,,1,,,,,,,0,Rosa Pink,,,,,
 9814474,,28536630,,,,,,,,,,,"<p><strong>✨ Descrição completa — Boleira Desmontável P 12x10cm – Sustentável e Reutilizável</strong></p><p>A <strong>Boleira Desmontável P 12x10cm</strong> é perfeita para bolos pequenos, doces especiais e mesas decoradas. Produzida em <strong>papelão paraná 100% reciclado</strong>, oferece firmeza, praticidade e um acabamento elegante para valorizar sua apresentação.</p>
<p>Seu sistema desmontável permite <strong>montagem rápida</strong>, fácil armazenamento e reutilização, tornando-se uma excelente escolha para confeiteiros, eventos e uso doméstico.</p>
<p><strong>🎉 Ideal para diversas ocasiões</strong></p>
<ul>
<li>
<p>Suporta bolos de até <strong>5kg</strong></p>
</li>
<li>
<p><strong>Desmontável</strong>: economiza espaço</p>
</li>
<li>
<p><strong>Reutilizável</strong>, com película protetora lavável</p>
</li>
<li>
<p><strong>Ecológica</strong>, feita com papelão reciclado</p>
</li>
<li>
<p>Ideal para <strong>bolos pequenos e decoração de mesas</strong></p>
</li>
</ul>
<p><strong>📋 Especificações do produto</strong></p>
<ul>
<li>
<p><strong>Tamanho:</strong> 12 x 10 cm (Pequena)</p>
</li>
<li>
<p><strong>Material:</strong> Papelão paraná 100% reciclado</p>
</li>
<li>
<p><strong>Acabamento:</strong> Película protetora</p>
</li>
<li>
<p><strong>Formato:</strong> Desmontável</p>
</li>
<li>
<p><strong>Conteúdo:</strong> 1 unidade</p>
</li>
</ul>
<p><strong>Variação</strong></p>
<ul>
<li>
<p>Cor</p></li></ul>
<p><strong>🚚 Frete e prazo</strong></p><p>Calcule o frete e o prazo de entrega informando seu CEP antes de finalizar a compra.</p><p><strong>💡 Dica</strong></p><p>Combine com outros artigos de festa para uma mesa completa e harmoniosa.</p><p><strong>❤️ Garanta o seu</strong></p><p>Garanta agora <strong>Boleira Desmontável P 12x10cm – Sustentável e Reutilizável</strong> e deixe sua festa ou evento ainda mais especial!</p>","Boleira desmontável pequena, resistente e ecológica. Ideal para bolos menores e mesas de doces. Reutilizável e fácil de montar.",,"media://products/1-11.png,media://products/2-12.png,media://products/3-12.png,media://products/4-11.png,media://products/5-12.png,media://products/6-13.png,media://products/7-13.png,media://products/8-11.png,media://products/9-6.png,media://products/10-6.png",,,,,,1,,,,,,,0,Vermelho,,,,,
9838886,,,,Canudo de Papel Listrado 197mm – Pacote com 12 Unidades,/canudo-de-papel-listrado-197mm-pacote-com-12-unidades,"0,050",20.00,6.00,2.00,Canudo de Papel Listrado 197mm | Pacote com 12 Unidades,"Canudo de papel listrado biodegradável, resistente e sustentável. Ideal para festas, eventos e comemorações. Pacote com 12 unidades.",,"<p><strong>✨ Descrição completa — Canudo de Papel Listrado 197mm – Pacote com 12 Unidades</strong></p><p>Os <strong>Canudos de Papel Listrados 197mm</strong> são ideais para quem busca uma opção prática, bonita e sustentável para festas e eventos.</p>
<p>Fabricados com <strong>papel biodegradável</strong> e <strong>tinta atóxica</strong>, oferecem boa resistência para bebidas frias e um design listrado moderno que combina com diversos temas de decoração.</p>
<p>Uma escolha consciente para substituir canudos plásticos, trazendo mais charme e responsabilidade ambiental para sua comemoração.</p><h3>Características</h3><ul><li>Feito com papel biodegradável</li><li>Tinta atóxica</li><li>Design listrado moderno</li><li>Boa resistência para bebidas frias</li><li>Produto sustentável</li></ul><p><strong>📋 Especificações do produto</strong></p><ul><li><strong>Comprimento:</strong> 197 mm</li><li><strong>Diâmetro:</strong> 6 mm</li><li><strong>Material:</strong> Papel</li><li><strong>Conteúdo da embalagem:</strong> 12 unidades</li></ul>
<p><em>Produto descartável e ecológico. Não indicado para bebidas quentes.</em></p><p><strong>🚚 Frete e prazo</strong></p><p>Calcule o frete e o prazo de entrega informando seu CEP antes de finalizar a compra.</p><p><strong>💡 Dica</strong></p><p>Combine com outros artigos de festa para uma mesa completa e harmoniosa.</p><p><strong>❤️ Garanta o seu</strong></p><p>Garanta agora <strong>Canudo de Papel Listrado 197mm – Pacote com 12 Unidades</strong> e deixe sua festa ou evento ainda mais especial!</p>","Canudos de papel biodegradável, resistentes e com design listrado moderno. Ideais para festas, eventos e comemorações sustentáveis.",,"media://products/1-12.png,media://products/2-13.png,media://products/3-13.png,media://products/4-12.png,media://products/5-13.png,media://products/6-14.png,media://products/7-14.png,media://products/8-12.png,media://products/9-7.png,media://products/10-7.png",10.90,,,,,1,,Canudos,Descartáveis,,,,10,,,,,,
 9838886,,28606809,,,,,,,,Canudo de Papel Listrado 197mm | Pacote com 12 Unidades,"Canudo de papel listrado biodegradável, resistente e sustentável. Ideal para festas, eventos e comemorações. Pacote com 12 unidades.",,"<p><strong>✨ Descrição completa — Canudo de Papel Listrado 197mm – Pacote com 12 Unidades</strong></p><p>Os <strong>Canudos de Papel Listrados 197mm</strong> são ideais para quem busca uma opção prática, bonita e sustentável para festas e eventos.</p>
<p>Fabricados com <strong>papel biodegradável</strong> e <strong>tinta atóxica</strong>, oferecem boa resistência para bebidas frias e um design listrado moderno que combina com diversos temas de decoração.</p>
<p>Uma escolha consciente para substituir canudos plásticos, trazendo mais charme e responsabilidade ambiental para sua comemoração.</p><h3>Características</h3><ul><li>Feito com papel biodegradável</li><li>Tinta atóxica</li><li>Design listrado moderno</li><li>Boa resistência para bebidas frias</li><li>Produto sustentável</li></ul><p><strong>📋 Especificações do produto</strong></p><ul><li><strong>Comprimento:</strong> 197 mm</li><li><strong>Diâmetro:</strong> 6 mm</li><li><strong>Material:</strong> Papel</li><li><strong>Conteúdo da embalagem:</strong> 12 unidades</li></ul>
<p><em>Produto descartável e ecológico. Não indicado para bebidas quentes.</em></p><p><strong>🚚 Frete e prazo</strong></p><p>Calcule o frete e o prazo de entrega informando seu CEP antes de finalizar a compra.</p><p><strong>💡 Dica</strong></p><p>Combine com outros artigos de festa para uma mesa completa e harmoniosa.</p><p><strong>❤️ Garanta o seu</strong></p><p>Garanta agora <strong>Canudo de Papel Listrado 197mm – Pacote com 12 Unidades</strong> e deixe sua festa ou evento ainda mais especial!</p>","Canudos de papel biodegradável, resistentes e com design listrado moderno. Ideais para festas, eventos e comemorações sustentáveis.",,"media://products/1-12.png,media://products/2-13.png,media://products/3-13.png,media://products/4-12.png,media://products/5-13.png,media://products/6-14.png,media://products/7-14.png,media://products/8-12.png,media://products/9-7.png,media://products/10-7.png",,,,,,1,,Canudos,Descartáveis,,,,10,Azul,,,,,CAN-AZ-1
 9838886,,28606812,,,,,,,,Canudo de Papel Listrado 197mm | Pacote com 12 Unidades,"Canudo de papel listrado biodegradável, resistente e sustentável. Ideal para festas, eventos e comemorações. Pacote com 12 unidades.",,"<p><strong>✨ Descrição completa — Canudo de Papel Listrado 197mm – Pacote com 12 Unidades</strong></p><p>Os <strong>Canudos de Papel Listrados 197mm</strong> são ideais para quem busca uma opção prática, bonita e sustentável para festas e eventos.</p>
<p>Fabricados com <strong>papel biodegradável</strong> e <strong>tinta atóxica</strong>, oferecem boa resistência para bebidas frias e um design listrado moderno que combina com diversos temas de decoração.</p>
<p>Uma escolha consciente para substituir canudos plásticos, trazendo mais charme e responsabilidade ambiental para sua comemoração.</p><h3>Características</h3><ul><li>Feito com papel biodegradável</li><li>Tinta atóxica</li><li>Design listrado moderno</li><li>Boa resistência para bebidas frias</li><li>Produto sustentável</li></ul><p><strong>📋 Especificações do produto</strong></p><ul><li><strong>Comprimento:</strong> 197 mm</li><li><strong>Diâmetro:</strong> 6 mm</li><li><strong>Material:</strong> Papel</li><li><strong>Conteúdo da embalagem:</strong> 12 unidades</li></ul>
<p><em>Produto descartável e ecológico. Não indicado para bebidas quentes.</em></p><p><strong>🚚 Frete e prazo</strong></p><p>Calcule o frete e o prazo de entrega informando seu CEP antes de finalizar a compra.</p><p><strong>💡 Dica</strong></p><p>Combine com outros artigos de festa para uma mesa completa e harmoniosa.</p><p><strong>❤️ Garanta o seu</strong></p><p>Garanta agora <strong>Canudo de Papel Listrado 197mm – Pacote com 12 Unidades</strong> e deixe sua festa ou evento ainda mais especial!</p>","Canudos de papel biodegradável, resistentes e com design listrado moderno. Ideais para festas, eventos e comemorações sustentáveis.",,"media://products/1-12.png,media://products/2-13.png,media://products/3-13.png,media://products/4-12.png,media://products/5-13.png,media://products/6-14.png,media://products/7-14.png,media://products/8-12.png,media://products/9-7.png,media://products/10-7.png",,,,,,1,,Canudos,Descartáveis,,,,10,Vermelho,,,,,CAN-VE-2
 9838886,,28606813,,,,,,,,Canudo de Papel Listrado 197mm | Pacote com 12 Unidades,"Canudo de papel listrado biodegradável, resistente e sustentável. Ideal para festas, eventos e comemorações. Pacote com 12 unidades.",,"<p><strong>✨ Descrição completa — Canudo de Papel Listrado 197mm – Pacote com 12 Unidades</strong></p><p>Os <strong>Canudos de Papel Listrados 197mm</strong> são ideais para quem busca uma opção prática, bonita e sustentável para festas e eventos.</p>
<p>Fabricados com <strong>papel biodegradável</strong> e <strong>tinta atóxica</strong>, oferecem boa resistência para bebidas frias e um design listrado moderno que combina com diversos temas de decoração.</p>
<p>Uma escolha consciente para substituir canudos plásticos, trazendo mais charme e responsabilidade ambiental para sua comemoração.</p><h3>Características</h3><ul><li>Feito com papel biodegradável</li><li>Tinta atóxica</li><li>Design listrado moderno</li><li>Boa resistência para bebidas frias</li><li>Produto sustentável</li></ul><p><strong>📋 Especificações do produto</strong></p><ul><li><strong>Comprimento:</strong> 197 mm</li><li><strong>Diâmetro:</strong> 6 mm</li><li><strong>Material:</strong> Papel</li><li><strong>Conteúdo da embalagem:</strong> 12 unidades</li></ul>
<p><em>Produto descartável e ecológico. Não indicado para bebidas quentes.</em></p><p><strong>🚚 Frete e prazo</strong></p><p>Calcule o frete e o prazo de entrega informando seu CEP antes de finalizar a compra.</p><p><strong>💡 Dica</strong></p><p>Combine com outros artigos de festa para uma mesa completa e harmoniosa.</p><p><strong>❤️ Garanta o seu</strong></p><p>Garanta agora <strong>Canudo de Papel Listrado 197mm – Pacote com 12 Unidades</strong> e deixe sua festa ou evento ainda mais especial!</p>","Canudos de papel biodegradável, resistentes e com design listrado moderno. Ideais para festas, eventos e comemorações sustentáveis.",,"media://products/1-12.png,media://products/2-13.png,media://products/3-13.png,media://products/4-12.png,media://products/5-13.png,media://products/6-14.png,media://products/7-14.png,media://products/8-12.png,media://products/9-7.png,media://products/10-7.png",,,,,,1,,Canudos,Descartáveis,,,,10,Rosa,,,,,CAN-RO-3
 9838886,,28606814,,,,,,,,Canudo de Papel Listrado 197mm | Pacote com 12 Unidades,"Canudo de papel listrado biodegradável, resistente e sustentável. Ideal para festas, eventos e comemorações. Pacote com 12 unidades.",,"<p><strong>✨ Descrição completa — Canudo de Papel Listrado 197mm – Pacote com 12 Unidades</strong></p><p>Os <strong>Canudos de Papel Listrados 197mm</strong> são ideais para quem busca uma opção prática, bonita e sustentável para festas e eventos.</p>
<p>Fabricados com <strong>papel biodegradável</strong> e <strong>tinta atóxica</strong>, oferecem boa resistência para bebidas frias e um design listrado moderno que combina com diversos temas de decoração.</p>
<p>Uma escolha consciente para substituir canudos plásticos, trazendo mais charme e responsabilidade ambiental para sua comemoração.</p><h3>Características</h3><ul><li>Feito com papel biodegradável</li><li>Tinta atóxica</li><li>Design listrado moderno</li><li>Boa resistência para bebidas frias</li><li>Produto sustentável</li></ul><p><strong>📋 Especificações do produto</strong></p><ul><li><strong>Comprimento:</strong> 197 mm</li><li><strong>Diâmetro:</strong> 6 mm</li><li><strong>Material:</strong> Papel</li><li><strong>Conteúdo da embalagem:</strong> 12 unidades</li></ul>
<p><em>Produto descartável e ecológico. Não indicado para bebidas quentes.</em></p><p><strong>🚚 Frete e prazo</strong></p><p>Calcule o frete e o prazo de entrega informando seu CEP antes de finalizar a compra.</p><p><strong>💡 Dica</strong></p><p>Combine com outros artigos de festa para uma mesa completa e harmoniosa.</p><p><strong>❤️ Garanta o seu</strong></p><p>Garanta agora <strong>Canudo de Papel Listrado 197mm – Pacote com 12 Unidades</strong> e deixe sua festa ou evento ainda mais especial!</p>","Canudos de papel biodegradável, resistentes e com design listrado moderno. Ideais para festas, eventos e comemorações sustentáveis.",,"media://products/1-12.png,media://products/2-13.png,media://products/3-13.png,media://products/4-12.png,media://products/5-13.png,media://products/6-14.png,media://products/7-14.png,media://products/8-12.png,media://products/9-7.png,media://products/10-7.png",,,,,,1,,Canudos,Descartáveis,,,,10,Rosa Bebê,,,,,CAN-RB-4
 9838886,,28606815,,,,,,,,Canudo de Papel Listrado 197mm | Pacote com 12 Unidades,"Canudo de papel listrado biodegradável, resistente e sustentável. Ideal para festas, eventos e comemorações. Pacote com 12 unidades.",,"<p><strong>✨ Descrição completa — Canudo de Papel Listrado 197mm – Pacote com 12 Unidades</strong></p><p>Os <strong>Canudos de Papel Listrados 197mm</strong> são ideais para quem busca uma opção prática, bonita e sustentável para festas e eventos.</p>
<p>Fabricados com <strong>papel biodegradável</strong> e <strong>tinta atóxica</strong>, oferecem boa resistência para bebidas frias e um design listrado moderno que combina com diversos temas de decoração.</p>
<p>Uma escolha consciente para substituir canudos plásticos, trazendo mais charme e responsabilidade ambiental para sua comemoração.</p><h3>Características</h3><ul><li>Feito com papel biodegradável</li><li>Tinta atóxica</li><li>Design listrado moderno</li><li>Boa resistência para bebidas frias</li><li>Produto sustentável</li></ul><p><strong>📋 Especificações do produto</strong></p><ul><li><strong>Comprimento:</strong> 197 mm</li><li><strong>Diâmetro:</strong> 6 mm</li><li><strong>Material:</strong> Papel</li><li><strong>Conteúdo da embalagem:</strong> 12 unidades</li></ul>
<p><em>Produto descartável e ecológico. Não indicado para bebidas quentes.</em></p><p><strong>🚚 Frete e prazo</strong></p><p>Calcule o frete e o prazo de entrega informando seu CEP antes de finalizar a compra.</p><p><strong>💡 Dica</strong></p><p>Combine com outros artigos de festa para uma mesa completa e harmoniosa.</p><p><strong>❤️ Garanta o seu</strong></p><p>Garanta agora <strong>Canudo de Papel Listrado 197mm – Pacote com 12 Unidades</strong> e deixe sua festa ou evento ainda mais especial!</p>","Canudos de papel biodegradável, resistentes e com design listrado moderno. Ideais para festas, eventos e comemorações sustentáveis.",,"media://products/1-12.png,media://products/2-13.png,media://products/3-13.png,media://products/4-12.png,media://products/5-13.png,media://products/6-14.png,media://products/7-14.png,media://products/8-12.png,media://products/9-7.png,media://products/10-7.png",,,,,,1,,Canudos,Descartáveis,,,,10,Amarelo,,,,,CAN-AM-5
 9838886,,28606816,,,,,,,,Canudo de Papel Listrado 197mm | Pacote com 12 Unidades,"Canudo de papel listrado biodegradável, resistente e sustentável. Ideal para festas, eventos e comemorações. Pacote com 12 unidades.",,"<p><strong>✨ Descrição completa — Canudo de Papel Listrado 197mm – Pacote com 12 Unidades</strong></p><p>Os <strong>Canudos de Papel Listrados 197mm</strong> são ideais para quem busca uma opção prática, bonita e sustentável para festas e eventos.</p>
<p>Fabricados com <strong>papel biodegradável</strong> e <strong>tinta atóxica</strong>, oferecem boa resistência para bebidas frias e um design listrado moderno que combina com diversos temas de decoração.</p>
<p>Uma escolha consciente para substituir canudos plásticos, trazendo mais charme e responsabilidade ambiental para sua comemoração.</p><h3>Características</h3><ul><li>Feito com papel biodegradável</li><li>Tinta atóxica</li><li>Design listrado moderno</li><li>Boa resistência para bebidas frias</li><li>Produto sustentável</li></ul><p><strong>📋 Especificações do produto</strong></p><ul><li><strong>Comprimento:</strong> 197 mm</li><li><strong>Diâmetro:</strong> 6 mm</li><li><strong>Material:</strong> Papel</li><li><strong>Conteúdo da embalagem:</strong> 12 unidades</li></ul>
<p><em>Produto descartável e ecológico. Não indicado para bebidas quentes.</em></p><p><strong>🚚 Frete e prazo</strong></p><p>Calcule o frete e o prazo de entrega informando seu CEP antes de finalizar a compra.</p><p><strong>💡 Dica</strong></p><p>Combine com outros artigos de festa para uma mesa completa e harmoniosa.</p><p><strong>❤️ Garanta o seu</strong></p><p>Garanta agora <strong>Canudo de Papel Listrado 197mm – Pacote com 12 Unidades</strong> e deixe sua festa ou evento ainda mais especial!</p>","Canudos de papel biodegradável, resistentes e com design listrado moderno. Ideais para festas, eventos e comemorações sustentáveis.",,"media://products/1-12.png,media://products/2-13.png,media://products/3-13.png,media://products/4-12.png,media://products/5-13.png,media://products/6-14.png,media://products/7-14.png,media://products/8-12.png,media://products/9-7.png,media://products/10-7.png",,,,,,1,,Canudos,Descartáveis,,,,10,Azul Claro,,,,,CAN-AC-6
 9838886,,28606817,,,,,,,,Canudo de Papel Listrado 197mm | Pacote com 12 Unidades,"Canudo de papel listrado biodegradável, resistente e sustentável. Ideal para festas, eventos e comemorações. Pacote com 12 unidades.",,"<p><strong>✨ Descrição completa — Canudo de Papel Listrado 197mm – Pacote com 12 Unidades</strong></p><p>Os <strong>Canudos de Papel Listrados 197mm</strong> são ideais para quem busca uma opção prática, bonita e sustentável para festas e eventos.</p>
<p>Fabricados com <strong>papel biodegradável</strong> e <strong>tinta atóxica</strong>, oferecem boa resistência para bebidas frias e um design listrado moderno que combina com diversos temas de decoração.</p>
<p>Uma escolha consciente para substituir canudos plásticos, trazendo mais charme e responsabilidade ambiental para sua comemoração.</p><h3>Características</h3><ul><li>Feito com papel biodegradável</li><li>Tinta atóxica</li><li>Design listrado moderno</li><li>Boa resistência para bebidas frias</li><li>Produto sustentável</li></ul><p><strong>📋 Especificações do produto</strong></p><ul><li><strong>Comprimento:</strong> 197 mm</li><li><strong>Diâmetro:</strong> 6 mm</li><li><strong>Material:</strong> Papel</li><li><strong>Conteúdo da embalagem:</strong> 12 unidades</li></ul>
<p><em>Produto descartável e ecológico. Não indicado para bebidas quentes.</em></p><p><strong>🚚 Frete e prazo</strong></p><p>Calcule o frete e o prazo de entrega informando seu CEP antes de finalizar a compra.</p><p><strong>💡 Dica</strong></p><p>Combine com outros artigos de festa para uma mesa completa e harmoniosa.</p><p><strong>❤️ Garanta o seu</strong></p><p>Garanta agora <strong>Canudo de Papel Listrado 197mm – Pacote com 12 Unidades</strong> e deixe sua festa ou evento ainda mais especial!</p>","Canudos de papel biodegradável, resistentes e com design listrado moderno. Ideais para festas, eventos e comemorações sustentáveis.",,"media://products/1-12.png,media://products/2-13.png,media://products/3-13.png,media://products/4-12.png,media://products/5-13.png,media://products/6-14.png,media://products/7-14.png,media://products/8-12.png,media://products/9-7.png,media://products/10-7.png",,,,,,1,,Canudos,Descartáveis,,,,10,Roxo,,,,,CAN-RX-7
 9838886,,28606818,,,,,,,,Canudo de Papel Listrado 197mm | Pacote com 12 Unidades,"Canudo de papel listrado biodegradável, resistente e sustentável. Ideal para festas, eventos e comemorações. Pacote com 12 unidades.",,"<p><strong>✨ Descrição completa — Canudo de Papel Listrado 197mm – Pacote com 12 Unidades</strong></p><p>Os <strong>Canudos de Papel Listrados 197mm</strong> são ideais para quem busca uma opção prática, bonita e sustentável para festas e eventos.</p>
<p>Fabricados com <strong>papel biodegradável</strong> e <strong>tinta atóxica</strong>, oferecem boa resistência para bebidas frias e um design listrado moderno que combina com diversos temas de decoração.</p>
<p>Uma escolha consciente para substituir canudos plásticos, trazendo mais charme e responsabilidade ambiental para sua comemoração.</p><h3>Características</h3><ul><li>Feito com papel biodegradável</li><li>Tinta atóxica</li><li>Design listrado moderno</li><li>Boa resistência para bebidas frias</li><li>Produto sustentável</li></ul><p><strong>📋 Especificações do produto</strong></p><ul><li><strong>Comprimento:</strong> 197 mm</li><li><strong>Diâmetro:</strong> 6 mm</li><li><strong>Material:</strong> Papel</li><li><strong>Conteúdo da embalagem:</strong> 12 unidades</li></ul>
<p><em>Produto descartável e ecológico. Não indicado para bebidas quentes.</em></p><p><strong>🚚 Frete e prazo</strong></p><p>Calcule o frete e o prazo de entrega informando seu CEP antes de finalizar a compra.</p><p><strong>💡 Dica</strong></p><p>Combine com outros artigos de festa para uma mesa completa e harmoniosa.</p><p><strong>❤️ Garanta o seu</strong></p><p>Garanta agora <strong>Canudo de Papel Listrado 197mm – Pacote com 12 Unidades</strong> e deixe sua festa ou evento ainda mais especial!</p>","Canudos de papel biodegradável, resistentes e com design listrado moderno. Ideais para festas, eventos e comemorações sustentáveis.",,"media://products/1-12.png,media://products/2-13.png,media://products/3-13.png,media://products/4-12.png,media://products/5-13.png,media://products/6-14.png,media://products/7-14.png,media://products/8-12.png,media://products/9-7.png,media://products/10-7.png",,,,,,1,,Canudos,Descartáveis,,,,10,Laranja,,,,,CAN-LA-8
 9838886,,28606819,,,,,,,,Canudo de Papel Listrado 197mm | Pacote com 12 Unidades,"Canudo de papel listrado biodegradável, resistente e sustentável. Ideal para festas, eventos e comemorações. Pacote com 12 unidades.",,"<p><strong>✨ Descrição completa — Canudo de Papel Listrado 197mm – Pacote com 12 Unidades</strong></p><p>Os <strong>Canudos de Papel Listrados 197mm</strong> são ideais para quem busca uma opção prática, bonita e sustentável para festas e eventos.</p>
<p>Fabricados com <strong>papel biodegradável</strong> e <strong>tinta atóxica</strong>, oferecem boa resistência para bebidas frias e um design listrado moderno que combina com diversos temas de decoração.</p>
<p>Uma escolha consciente para substituir canudos plásticos, trazendo mais charme e responsabilidade ambiental para sua comemoração.</p><h3>Características</h3><ul><li>Feito com papel biodegradável</li><li>Tinta atóxica</li><li>Design listrado moderno</li><li>Boa resistência para bebidas frias</li><li>Produto sustentável</li></ul><p><strong>📋 Especificações do produto</strong></p><ul><li><strong>Comprimento:</strong> 197 mm</li><li><strong>Diâmetro:</strong> 6 mm</li><li><strong>Material:</strong> Papel</li><li><strong>Conteúdo da embalagem:</strong> 12 unidades</li></ul>
<p><em>Produto descartável e ecológico. Não indicado para bebidas quentes.</em></p><p><strong>🚚 Frete e prazo</strong></p><p>Calcule o frete e o prazo de entrega informando seu CEP antes de finalizar a compra.</p><p><strong>💡 Dica</strong></p><p>Combine com outros artigos de festa para uma mesa completa e harmoniosa.</p><p><strong>❤️ Garanta o seu</strong></p><p>Garanta agora <strong>Canudo de Papel Listrado 197mm – Pacote com 12 Unidades</strong> e deixe sua festa ou evento ainda mais especial!</p>","Canudos de papel biodegradável, resistentes e com design listrado moderno. Ideais para festas, eventos e comemorações sustentáveis.",,"media://products/1-12.png,media://products/2-13.png,media://products/3-13.png,media://products/4-12.png,media://products/5-13.png,media://products/6-14.png,media://products/7-14.png,media://products/8-12.png,media://products/9-7.png,media://products/10-7.png",,,,,,1,,Canudos,Descartáveis,,,,10,Verde,,,,,CAN-VE-9
 9838886,,28606820,,,,,,,,Canudo de Papel Listrado 197mm | Pacote com 12 Unidades,"Canudo de papel listrado biodegradável, resistente e sustentável. Ideal para festas, eventos e comemorações. Pacote com 12 unidades.",,"<p><strong>✨ Descrição completa — Canudo de Papel Listrado 197mm – Pacote com 12 Unidades</strong></p><p>Os <strong>Canudos de Papel Listrados 197mm</strong> são ideais para quem busca uma opção prática, bonita e sustentável para festas e eventos.</p>
<p>Fabricados com <strong>papel biodegradável</strong> e <strong>tinta atóxica</strong>, oferecem boa resistência para bebidas frias e um design listrado moderno que combina com diversos temas de decoração.</p>
<p>Uma escolha consciente para substituir canudos plásticos, trazendo mais charme e responsabilidade ambiental para sua comemoração.</p><h3>Características</h3><ul><li>Feito com papel biodegradável</li><li>Tinta atóxica</li><li>Design listrado moderno</li><li>Boa resistência para bebidas frias</li><li>Produto sustentável</li></ul><p><strong>📋 Especificações do produto</strong></p><ul><li><strong>Comprimento:</strong> 197 mm</li><li><strong>Diâmetro:</strong> 6 mm</li><li><strong>Material:</strong> Papel</li><li><strong>Conteúdo da embalagem:</strong> 12 unidades</li></ul>
<p><em>Produto descartável e ecológico. Não indicado para bebidas quentes.</em></p><p><strong>🚚 Frete e prazo</strong></p><p>Calcule o frete e o prazo de entrega informando seu CEP antes de finalizar a compra.</p><p><strong>💡 Dica</strong></p><p>Combine com outros artigos de festa para uma mesa completa e harmoniosa.</p><p><strong>❤️ Garanta o seu</strong></p><p>Garanta agora <strong>Canudo de Papel Listrado 197mm – Pacote com 12 Unidades</strong> e deixe sua festa ou evento ainda mais especial!</p>","Canudos de papel biodegradável, resistentes e com design listrado moderno. Ideais para festas, eventos e comemorações sustentáveis.",,"media://products/1-12.png,media://products/2-13.png,media://products/3-13.png,media://products/4-12.png,media://products/5-13.png,media://products/6-14.png,media://products/7-14.png,media://products/8-12.png,media://products/9-7.png,media://products/10-7.png",,,,,,1,,Canudos,Descartáveis,,,,10,Preto,,,,,CAN-PR-10
9864638,,,,Copo de Papel Poá Amarelo 270ml – 10 Unidades,/copo-de-papel-poa-amarelo-270ml-10-unidades,"0,120",8.00,8.00,9.00,Copo de Papel Poá Amarelo 270ml | Festa e Decoração,"Copo de papel poá amarelo 270ml descartável. Ideal para festas, aniversários e mesas decoradas.",,"<p><strong>✨ Descrição completa — Copo de Papel Poá Amarelo 270ml – 10 Unidades</strong></p><p>O <strong>Copo de Papel Poá Amarelo 270ml</strong> é ideal para compor mesas de festa alegres e cheias de personalidade.</p>
<p>Com estampa clássica de poás brancos sobre fundo amarelo, é perfeito para aniversários, festas infantis, piqueniques e comemorações temáticas.</p>
<p>Fabricado em papel resistente, é prático, descartável e combina perfeitamente com pratos e guardanapos da mesma linha.</p><h3>Características</h3><ul><li>Estampa poá (bolinhas) amarelo</li><li>Capacidade de 270ml</li><li>Material resistente e descartável</li><li>Ideal para festas e eventos</li></ul><p><strong>📋 Especificações do produto</strong></p><ul><li><strong>Material:</strong> Papel</li><li><strong>Capacidade:</strong> 270 ml</li><li><strong>Cor predominante:</strong> Amarelo</li><li><strong>Conteúdo da embalagem:</strong> 10 copos</li></ul>
<p><strong>Dica:</strong> Combine com o <em>Prato de Papel Poá Amarelo</em> e o <em>Guardanapo de Papel Poá Amarelo</em> para uma mesa completa e harmoniosa.</p><p><strong>🚚 Frete e prazo</strong></p><p>Calcule o frete e o prazo de entrega informando seu CEP antes de finalizar a compra.</p><p><strong>💡 Dica</strong></p><p>Combine com outros artigos de festa para uma mesa completa e harmoniosa.</p><p><strong>❤️ Garanta o seu</strong></p><p>Garanta agora <strong>Copo de Papel Poá Amarelo 270ml – 10 Unidades</strong> e deixe sua festa ou evento ainda mais especial!</p>","Copo de papel poá amarelo 270ml. Ideal para festas, aniversários e mesas temáticas.",,media://products/27.png,14.90,,,,,1,,Artigos de Festa,Copos,Descartáveis,,,10,,,,,,
 9864638,,28681907,,,,,,,,Copo de Papel Poá Amarelo 270ml | Festa e Decoração,"Copo de papel poá amarelo 270ml descartável. Ideal para festas, aniversários e mesas decoradas.",,"<p><strong>✨ Descrição completa — Copo de Papel Poá Amarelo 270ml – 10 Unidades</strong></p><p>O <strong>Copo de Papel Poá Amarelo 270ml</strong> é ideal para compor mesas de festa alegres e cheias de personalidade.</p>
<p>Com estampa clássica de poás brancos sobre fundo amarelo, é perfeito para aniversários, festas infantis, piqueniques e comemorações temáticas.</p>
<p>Fabricado em papel resistente, é prático, descartável e combina perfeitamente com pratos e guardanapos da mesma linha.</p><h3>Características</h3><ul><li>Estampa poá (bolinhas) amarelo</li><li>Capacidade de 270ml</li><li>Material resistente e descartável</li><li>Ideal para festas e eventos</li></ul><p><strong>📋 Especificações do produto</strong></p><ul><li><strong>Material:</strong> Papel</li><li><strong>Capacidade:</strong> 270 ml</li><li><strong>Cor predominante:</strong> Amarelo</li><li><strong>Conteúdo da embalagem:</strong> 10 copos</li></ul>
<p><strong>Dica:</strong> Combine com o <em>Prato de Papel Poá Amarelo</em> e o <em>Guardanapo de Papel Poá Amarelo</em> para uma mesa completa e harmoniosa.</p><p><strong>🚚 Frete e prazo</strong></p><p>Calcule o frete e o prazo de entrega informando seu CEP antes de finalizar a compra.</p><p><strong>💡 Dica</strong></p><p>Combine com outros artigos de festa para uma mesa completa e harmoniosa.</p><p><strong>❤️ Garanta o seu</strong></p><p>Garanta agora <strong>Copo de Papel Poá Amarelo 270ml – 10 Unidades</strong> e deixe sua festa ou evento ainda mais especial!</p>","Copo de papel poá amarelo 270ml. Ideal para festas, aniversários e mesas temáticas.",,media://products/27.png,,,,,,1,,Artigos de Festa,Copos,Descartáveis,,,10,Amarelo,,,,,
9864656,,,,Copo de Papel Poá Azul 270ml – 10 Unidades,/copo-de-papel-poa-azul-270ml-10-unidades,"0,120",8.00,8.00,9.00,Copo de Papel Poá Azul 270ml | Festa e Decoração,"Copo de papel poá azul 270ml descartável. Ideal para festas, aniversários e mesas decoradas.",,"<p><strong>✨ Descrição completa — Copo de Papel Poá Azul 270ml – 10 Unidades</strong></p><p>O <strong>Copo de Papel Poá Azul 270ml</strong> é ideal para compor mesas de festa alegres e cheias de personalidade.</p>
<p>Com estampa clássica de poás brancos sobre fundo azul, é perfeito para aniversários, festas infantis, piqueniques e comemorações temáticas.</p>
<p>Fabricado em papel resistente, é prático, descartável e combina perfeitamente com pratos e guardanapos da mesma linha.</p><h3>Características</h3><ul><li>Estampa poá (bolinhas) azul</li><li>Capacidade de 270ml</li><li>Material resistente e descartável</li><li>Ideal para festas e eventos</li></ul><p><strong>📋 Especificações do produto</strong></p><ul><li><strong>Material:</strong> Papel</li><li><strong>Capacidade:</strong> 270 ml</li><li><strong>Cor predominante:</strong> Azul</li><li><strong>Conteúdo da embalagem:</strong> 10 copos</li></ul>
<p><strong>Dica:</strong> Combine com o <em>Prato de Papel Poá Azul</em> e o <em>Guardanapo de Papel Poá Azul</em> para uma mesa completa e harmoniosa.</p><p><strong>🚚 Frete e prazo</strong></p><p>Calcule o frete e o prazo de entrega informando seu CEP antes de finalizar a compra.</p><p><strong>💡 Dica</strong></p><p>Combine com outros artigos de festa para uma mesa completa e harmoniosa.</p><p><strong>❤️ Garanta o seu</strong></p><p>Garanta agora <strong>Copo de Papel Poá Azul 270ml – 10 Unidades</strong> e deixe sua festa ou evento ainda mais especial!</p>","Copo de papel poá Azul 270ml. Ideal para festas, aniversários e mesas temáticas.",,media://products/17-1.png,14.90,,,,,1,,Artigos de Festa,Copos,Descartáveis,,,0,,,,,,
 9864656,,28681940,,,,,,,,Copo de Papel Poá Azul 270ml | Festa e Decoração,"Copo de papel poá azul 270ml descartável. Ideal para festas, aniversários e mesas decoradas.",,"<p><strong>✨ Descrição completa — Copo de Papel Poá Azul 270ml – 10 Unidades</strong></p><p>O <strong>Copo de Papel Poá Azul 270ml</strong> é ideal para compor mesas de festa alegres e cheias de personalidade.</p>
<p>Com estampa clássica de poás brancos sobre fundo azul, é perfeito para aniversários, festas infantis, piqueniques e comemorações temáticas.</p>
<p>Fabricado em papel resistente, é prático, descartável e combina perfeitamente com pratos e guardanapos da mesma linha.</p><h3>Características</h3><ul><li>Estampa poá (bolinhas) azul</li><li>Capacidade de 270ml</li><li>Material resistente e descartável</li><li>Ideal para festas e eventos</li></ul><p><strong>📋 Especificações do produto</strong></p><ul><li><strong>Material:</strong> Papel</li><li><strong>Capacidade:</strong> 270 ml</li><li><strong>Cor predominante:</strong> Azul</li><li><strong>Conteúdo da embalagem:</strong> 10 copos</li></ul>
<p><strong>Dica:</strong> Combine com o <em>Prato de Papel Poá Azul</em> e o <em>Guardanapo de Papel Poá Azul</em> para uma mesa completa e harmoniosa.</p><p><strong>🚚 Frete e prazo</strong></p><p>Calcule o frete e o prazo de entrega informando seu CEP antes de finalizar a compra.</p><p><strong>💡 Dica</strong></p><p>Combine com outros artigos de festa para uma mesa completa e harmoniosa.</p><p><strong>❤️ Garanta o seu</strong></p><p>Garanta agora <strong>Copo de Papel Poá Azul 270ml – 10 Unidades</strong> e deixe sua festa ou evento ainda mais especial!</p>","Copo de papel poá Azul 270ml. Ideal para festas, aniversários e mesas temáticas.",,media://products/17-1.png,,,,,,1,,Artigos de Festa,Copos,Descartáveis,,,0,Azul Claro,,,,,
9864661,,,,Copo de Papel Poá Azul Marinho 270ml – 10 Unidades,/copo-de-papel-poa-azul-marinho-270ml-10-unidades,"0,120",8.00,8.00,9.00,Copo de Papel Poá Azul Marinho 270ml | Festa e Decoração,"Copo de papel poá azul marinho 270ml descartável. Ideal para festas, aniversários e mesas decoradas.",,"<p><strong>✨ Descrição completa — Copo de Papel Poá Azul Marinho 270ml – 10 Unidades</strong></p><p>O <strong>Copo de Papel Poá Azul Marinho 270ml</strong> é ideal para compor mesas de festa alegres e cheias de personalidade.</p>
<p>Com estampa clássica de poás brancos sobre fundo azul marinho, é perfeito para aniversários, festas infantis, piqueniques e comemorações temáticas.</p>
<p>Fabricado em papel resistente, é prático, descartável e combina perfeitamente com pratos e guardanapos da mesma linha.</p><h3>Características</h3><ul><li>Estampa poá (bolinhas) azul marinho</li><li>Capacidade de 270ml</li><li>Material resistente e descartável</li><li>Ideal para festas e eventos</li></ul><p><strong>📋 Especificações do produto</strong></p><ul><li><strong>Material:</strong> Papel</li><li><strong>Capacidade:</strong> 270 ml</li><li><strong>Cor predominante:</strong> Azul Marinho</li><li><strong>Conteúdo da embalagem:</strong> 10 copos</li></ul>
<p><strong>Dica:</strong> Combine com o <em>Prato de Papel Poá Azul</em> e o <em>Guardanapo de Papel Poá Azul</em> para uma mesa completa e harmoniosa.</p><p><strong>🚚 Frete e prazo</strong></p><p>Calcule o frete e o prazo de entrega informando seu CEP antes de finalizar a compra.</p><p><strong>💡 Dica</strong></p><p>Combine com outros artigos de festa para uma mesa completa e harmoniosa.</p><p><strong>❤️ Garanta o seu</strong></p><p>Garanta agora <strong>Copo de Papel Poá Azul Marinho 270ml – 10 Unidades</strong> e deixe sua festa ou evento ainda mais especial!</p>","Copo de papel poá Azul Marinho 270ml. Ideal para festas, aniversários e mesas temáticas.",,media://products/fmx0eyue9nrrhwdvmzjf56cufgyirg3guw6p.png,14.90,,,,,1,,Artigos de Festa,Copos,Descartáveis,,,0,,,,,,
 9864661,,28681948,,,,,,,,Copo de Papel Poá Azul Marinho 270ml | Festa e Decoração,"Copo de papel poá azul marinho 270ml descartável. Ideal para festas, aniversários e mesas decoradas.",,"<p><strong>✨ Descrição completa — Copo de Papel Poá Azul Marinho 270ml – 10 Unidades</strong></p><p>O <strong>Copo de Papel Poá Azul Marinho 270ml</strong> é ideal para compor mesas de festa alegres e cheias de personalidade.</p>
<p>Com estampa clássica de poás brancos sobre fundo azul marinho, é perfeito para aniversários, festas infantis, piqueniques e comemorações temáticas.</p>
<p>Fabricado em papel resistente, é prático, descartável e combina perfeitamente com pratos e guardanapos da mesma linha.</p><h3>Características</h3><ul><li>Estampa poá (bolinhas) azul marinho</li><li>Capacidade de 270ml</li><li>Material resistente e descartável</li><li>Ideal para festas e eventos</li></ul><p><strong>📋 Especificações do produto</strong></p><ul><li><strong>Material:</strong> Papel</li><li><strong>Capacidade:</strong> 270 ml</li><li><strong>Cor predominante:</strong> Azul Marinho</li><li><strong>Conteúdo da embalagem:</strong> 10 copos</li></ul>
<p><strong>Dica:</strong> Combine com o <em>Prato de Papel Poá Azul</em> e o <em>Guardanapo de Papel Poá Azul</em> para uma mesa completa e harmoniosa.</p><p><strong>🚚 Frete e prazo</strong></p><p>Calcule o frete e o prazo de entrega informando seu CEP antes de finalizar a compra.</p><p><strong>💡 Dica</strong></p><p>Combine com outros artigos de festa para uma mesa completa e harmoniosa.</p><p><strong>❤️ Garanta o seu</strong></p><p>Garanta agora <strong>Copo de Papel Poá Azul Marinho 270ml – 10 Unidades</strong> e deixe sua festa ou evento ainda mais especial!</p>","Copo de papel poá Azul Marinho 270ml. Ideal para festas, aniversários e mesas temáticas.",,media://products/fmx0eyue9nrrhwdvmzjf56cufgyirg3guw6p.png,,,,,,1,,Artigos de Festa,Copos,Descartáveis,,,0,Azul,,,,,
9864659,,,,Copo de Papel Poá Rosa 270ml – 10 Unidades,/copo-de-papel-poa-rosa-270ml-10-unidades,"0,120",8.00,8.00,9.00,Copo de Papel Poá Amarelo 270ml | Festa e Decoração,"Copo de papel poá amarelo 270ml descartável. Ideal para festas, aniversários e mesas decoradas.",,"<p><strong>✨ Descrição completa — Copo de Papel Poá Rosa 270ml – 10 Unidades</strong></p><p>O <strong>Copo de Papel Poá Rosa 270ml</strong> é ideal para compor mesas de festa alegres e cheias de personalidade.</p>
<p>Com estampa clássica de poás brancos sobre fundo rosa, é perfeito para aniversários, festas infantis, piqueniques e comemorações temáticas.</p>
<p>Fabricado em papel resistente, é prático, descartável e combina perfeitamente com pratos e guardanapos da mesma linha.</p><h3>Características</h3><ul><li>Estampa poá (bolinhas) rosa</li><li>Capacidade de 270ml</li><li>Material resistente e descartável</li><li>Ideal para festas e eventos</li></ul><p><strong>📋 Especificações do produto</strong></p><ul><li><strong>Material:</strong> Papel</li><li><strong>Capacidade:</strong> 270 ml</li><li><strong>Cor predominante:</strong> Rosa</li><li><strong>Conteúdo da embalagem:</strong> 10 copos</li></ul>
<p><strong>Dica:</strong> Combine com o <em>Prato de Papel Poá Rosa</em> e o <em>Guardanapo de Papel Poá Rosa</em> para uma mesa completa e harmoniosa.</p><p><strong>🚚 Frete e prazo</strong></p><p>Calcule o frete e o prazo de entrega informando seu CEP antes de finalizar a compra.</p><p><strong>💡 Dica</strong></p><p>Combine com outros artigos de festa para uma mesa completa e harmoniosa.</p><p><strong>❤️ Garanta o seu</strong></p><p>Garanta agora <strong>Copo de Papel Poá Rosa 270ml – 10 Unidades</strong> e deixe sua festa ou evento ainda mais especial!</p>","Copo de papel poá rosa 270ml. Ideal para festas, aniversários e mesas temáticas.",,media://products/18-2.png,14.90,,,,,1,,Artigos de Festa,Copos,Descartáveis,,,10,,,,,,
 9864659,,28681945,,,,,,,,Copo de Papel Poá Amarelo 270ml | Festa e Decoração,"Copo de papel poá amarelo 270ml descartável. Ideal para festas, aniversários e mesas decoradas.",,"<p><strong>✨ Descrição completa — Copo de Papel Poá Rosa 270ml – 10 Unidades</strong></p><p>O <strong>Copo de Papel Poá Rosa 270ml</strong> é ideal para compor mesas de festa alegres e cheias de personalidade.</p>
<p>Com estampa clássica de poás brancos sobre fundo rosa, é perfeito para aniversários, festas infantis, piqueniques e comemorações temáticas.</p>
<p>Fabricado em papel resistente, é prático, descartável e combina perfeitamente com pratos e guardanapos da mesma linha.</p><h3>Características</h3><ul><li>Estampa poá (bolinhas) rosa</li><li>Capacidade de 270ml</li><li>Material resistente e descartável</li><li>Ideal para festas e eventos</li></ul><p><strong>📋 Especificações do produto</strong></p><ul><li><strong>Material:</strong> Papel</li><li><strong>Capacidade:</strong> 270 ml</li><li><strong>Cor predominante:</strong> Rosa</li><li><strong>Conteúdo da embalagem:</strong> 10 copos</li></ul>
<p><strong>Dica:</strong> Combine com o <em>Prato de Papel Poá Rosa</em> e o <em>Guardanapo de Papel Poá Rosa</em> para uma mesa completa e harmoniosa.</p><p><strong>🚚 Frete e prazo</strong></p><p>Calcule o frete e o prazo de entrega informando seu CEP antes de finalizar a compra.</p><p><strong>💡 Dica</strong></p><p>Combine com outros artigos de festa para uma mesa completa e harmoniosa.</p><p><strong>❤️ Garanta o seu</strong></p><p>Garanta agora <strong>Copo de Papel Poá Rosa 270ml – 10 Unidades</strong> e deixe sua festa ou evento ainda mais especial!</p>","Copo de papel poá rosa 270ml. Ideal para festas, aniversários e mesas temáticas.",,media://products/18-2.png,,,,,,1,,Artigos de Festa,Copos,Descartáveis,,,10,Rosa Bebê,,,,,
9864631,,,,Copo de Papel Poá Vermelho 270ml – 10 Unidades,/copo-de-papel-poa-vermelho-270ml,"0,120",8.00,8.00,9.00,Copo de Papel Poá Vermelho 270ml | Festa e Decoração,"Copo de papel poá vermelho 270ml descartável. Ideal para festas, aniversários e mesas decoradas.",,"<p><strong>✨ Descrição completa — Copo de Papel Poá Vermelho 270ml – 10 Unidades</strong></p><p>O <strong>Copo de Papel Poá Vermelho 270ml</strong> é ideal para compor mesas de festa alegres e cheias de personalidade.</p>
<p>Com estampa clássica de poás brancos sobre fundo vermelho, é perfeito para aniversários, festas infantis, piqueniques e comemorações temáticas.</p>
<p>Fabricado em papel resistente, é prático, descartável e combina perfeitamente com pratos e guardanapos da mesma linha.</p><h3>Características</h3><ul><li>Estampa poá (bolinhas) vermelha</li><li>Capacidade de 270ml</li><li>Material resistente e descartável</li><li>Ideal para festas e eventos</li></ul><p><strong>📋 Especificações do produto</strong></p><ul><li><strong>Material:</strong> Papel</li><li><strong>Capacidade:</strong> 270 ml</li><li><strong>Cor predominante:</strong> Vermelho</li><li><strong>Conteúdo da embalagem:</strong> 10 copos</li></ul>
<p><strong>Dica:</strong> Combine com o <em>Prato de Papel Poá Vermelho</em> e o <em>Guardanapo de Papel Poá Vermelho</em> para uma mesa completa e harmoniosa.</p><p><strong>🚚 Frete e prazo</strong></p><p>Calcule o frete e o prazo de entrega informando seu CEP antes de finalizar a compra.</p><p><strong>💡 Dica</strong></p><p>Combine com outros artigos de festa para uma mesa completa e harmoniosa.</p><p><strong>❤️ Garanta o seu</strong></p><p>Garanta agora <strong>Copo de Papel Poá Vermelho 270ml – 10 Unidades</strong> e deixe sua festa ou evento ainda mais especial!</p>","Copo de papel poá vermelho 270ml. Ideal para festas, aniversários e mesas temáticas.",,media://products/17-2.png,14.90,,,,,1,,Artigos de Festa,Copos,Descartáveis,,,20,,,,,,
 9864631,,28681892,,,,,,,,Copo de Papel Poá Vermelho 270ml | Festa e Decoração,"Copo de papel poá vermelho 270ml descartável. Ideal para festas, aniversários e mesas decoradas.",,"<p><strong>✨ Descrição completa — Copo de Papel Poá Vermelho 270ml – 10 Unidades</strong></p><p>O <strong>Copo de Papel Poá Vermelho 270ml</strong> é ideal para compor mesas de festa alegres e cheias de personalidade.</p>
<p>Com estampa clássica de poás brancos sobre fundo vermelho, é perfeito para aniversários, festas infantis, piqueniques e comemorações temáticas.</p>
<p>Fabricado em papel resistente, é prático, descartável e combina perfeitamente com pratos e guardanapos da mesma linha.</p><h3>Características</h3><ul><li>Estampa poá (bolinhas) vermelha</li><li>Capacidade de 270ml</li><li>Material resistente e descartável</li><li>Ideal para festas e eventos</li></ul><p><strong>📋 Especificações do produto</strong></p><ul><li><strong>Material:</strong> Papel</li><li><strong>Capacidade:</strong> 270 ml</li><li><strong>Cor predominante:</strong> Vermelho</li><li><strong>Conteúdo da embalagem:</strong> 10 copos</li></ul>
<p><strong>Dica:</strong> Combine com o <em>Prato de Papel Poá Vermelho</em> e o <em>Guardanapo de Papel Poá Vermelho</em> para uma mesa completa e harmoniosa.</p><p><strong>🚚 Frete e prazo</strong></p><p>Calcule o frete e o prazo de entrega informando seu CEP antes de finalizar a compra.</p><p><strong>💡 Dica</strong></p><p>Combine com outros artigos de festa para uma mesa completa e harmoniosa.</p><p><strong>❤️ Garanta o seu</strong></p><p>Garanta agora <strong>Copo de Papel Poá Vermelho 270ml – 10 Unidades</strong> e deixe sua festa ou evento ainda mais especial!</p>","Copo de papel poá vermelho 270ml. Ideal para festas, aniversários e mesas temáticas.",,media://products/17-2.png,,,,,,1,,Artigos de Festa,Copos,Descartáveis,,,20,Vermelho,,,,,
9864671,,,,Copo de Papel Xadrez Amarelo 270ml – 10 Unidades,/copo-de-papel-xadrez-amarelo-270ml-10-unidades,"0,120",8.00,8.00,9.00,Copo de Papel Xadrez Amarelo 270ml | Festa Junina,Copo de papel xadrez amarelo 270ml descartável. Ideal para festas juninas e mesas temáticas.,,"<p><strong>✨ Descrição completa — Copo de Papel Xadrez Amarelo 270ml – 10 Unidades</strong></p><p>O <strong>Copo de Papel Xadrez Amarelo 270ml</strong> é perfeito para compor mesas de festa com estilo clássico e temático.</p>
<p>Com estampa xadrez amarelo, é ideal para festas juninas, festas country, piqueniques, aniversários temáticos e comemorações com visual rústico e alegre.</p>
<p>Fabricado em papel resistente, é prático, descartável e combina perfeitamente com pratos e guardanapos da mesma estampa.</p><h3>Características</h3><ul><li>Estampa xadrez amarelo</li><li>Capacidade de 270ml</li><li>Material resistente e descartável</li><li>Ideal para festas temáticas</li></ul><p><strong>📋 Especificações do produto</strong></p><ul><li><strong>Material:</strong> Papel</li><li><strong>Capacidade:</strong> 270 ml</li><li><strong>Cor predominante:</strong> Amarelo</li><li><strong>Conteúdo da embalagem:</strong> 10 copos</li></ul>
<p><strong>Dica:</strong> Combine com o <em>Prato de Papel Xadrez Amarelo</em> e o <em>Guardanapo de Papel Xadrez Amarelo</em> para uma mesa completa e temática.</p><p><strong>🚚 Frete e prazo</strong></p><p>Calcule o frete e o prazo de entrega informando seu CEP antes de finalizar a compra.</p><p><strong>💡 Dica</strong></p><p>Combine com outros artigos de festa para uma mesa completa e harmoniosa.</p><p><strong>❤️ Garanta o seu</strong></p><p>Garanta agora <strong>Copo de Papel Xadrez Amarelo 270ml – 10 Unidades</strong> e deixe sua festa ou evento ainda mais especial!</p>",Copo de papel xadrez amarelo 270ml. Ideal para festas juninas e eventos temáticos.,,media://products/2-37.png,14.90,,,,,1,,Artigos de Festa,Copos,Descartáveis,,,0,,,,,,
 9864671,,28681985,,,,,,,,Copo de Papel Xadrez Amarelo 270ml | Festa Junina,Copo de papel xadrez amarelo 270ml descartável. Ideal para festas juninas e mesas temáticas.,,"<p><strong>✨ Descrição completa — Copo de Papel Xadrez Amarelo 270ml – 10 Unidades</strong></p><p>O <strong>Copo de Papel Xadrez Amarelo 270ml</strong> é perfeito para compor mesas de festa com estilo clássico e temático.</p>
<p>Com estampa xadrez amarelo, é ideal para festas juninas, festas country, piqueniques, aniversários temáticos e comemorações com visual rústico e alegre.</p>
<p>Fabricado em papel resistente, é prático, descartável e combina perfeitamente com pratos e guardanapos da mesma estampa.</p><h3>Características</h3><ul><li>Estampa xadrez amarelo</li><li>Capacidade de 270ml</li><li>Material resistente e descartável</li><li>Ideal para festas temáticas</li></ul><p><strong>📋 Especificações do produto</strong></p><ul><li><strong>Material:</strong> Papel</li><li><strong>Capacidade:</strong> 270 ml</li><li><strong>Cor predominante:</strong> Amarelo</li><li><strong>Conteúdo da embalagem:</strong> 10 copos</li></ul>
<p><strong>Dica:</strong> Combine com o <em>Prato de Papel Xadrez Amarelo</em> e o <em>Guardanapo de Papel Xadrez Amarelo</em> para uma mesa completa e temática.</p><p><strong>🚚 Frete e prazo</strong></p><p>Calcule o frete e o prazo de entrega informando seu CEP antes de finalizar a compra.</p><p><strong>💡 Dica</strong></p><p>Combine com outros artigos de festa para uma mesa completa e harmoniosa.</p><p><strong>❤️ Garanta o seu</strong></p><p>Garanta agora <strong>Copo de Papel Xadrez Amarelo 270ml – 10 Unidades</strong> e deixe sua festa ou evento ainda mais especial!</p>",Copo de papel xadrez amarelo 270ml. Ideal para festas juninas e eventos temáticos.,,media://products/2-37.png,,,,,,1,,Artigos de Festa,Copos,Descartáveis,,,0,Amarelo,,,,,
9864667,,,,Copo de Papel Xadrez Azul 270ml – 10 Unidades,/copo-de-papel-xadrez-azul-270ml-10-unidades,"0,120",8.00,8.00,9.00,Copo de Papel Xadrez Azul 270ml | Festa Junina,Copo de papel xadrez azul 270ml descartável. Ideal para festas juninas e mesas temáticas.,,"<p><strong>✨ Descrição completa — Copo de Papel Xadrez Azul 270ml – 10 Unidades</strong></p><p>O <strong>Copo de Papel Xadrez Azul 270ml</strong> é perfeito para compor mesas de festa com estilo clássico e temático.</p>
<p>Com estampa xadrez azul, é ideal para festas juninas, festas country, piqueniques, aniversários temáticos e comemorações com visual rústico e alegre.</p>
<p>Fabricado em papel resistente, é prático, descartável e combina perfeitamente com pratos e guardanapos da mesma estampa.</p><h3>Características</h3><ul><li>Estampa xadrez azul</li><li>Capacidade de 270ml</li><li>Material resistente e descartável</li><li>Ideal para festas temáticas</li></ul><p><strong>📋 Especificações do produto</strong></p><ul><li><strong>Material:</strong> Papel</li><li><strong>Capacidade:</strong> 270 ml</li><li><strong>Cor predominante:</strong> Azul</li><li><strong>Conteúdo da embalagem:</strong> 10 copos</li></ul>
<p><strong>Dica:</strong> Combine com o <em>Prato de Papel Xadrez Azul</em> e o <em>Guardanapo de Papel Xadrez Azul</em> para uma mesa completa e temática.</p><p><strong>🚚 Frete e prazo</strong></p><p>Calcule o frete e o prazo de entrega informando seu CEP antes de finalizar a compra.</p><p><strong>💡 Dica</strong></p><p>Combine com outros artigos de festa para uma mesa completa e harmoniosa.</p><p><strong>❤️ Garanta o seu</strong></p><p>Garanta agora <strong>Copo de Papel Xadrez Azul 270ml – 10 Unidades</strong> e deixe sua festa ou evento ainda mais especial!</p>",Copo de papel xadrez azul 270ml. Ideal para festas juninas e eventos temáticos.,,media://products/4-36.png,14.90,,,,,1,,Artigos de Festa,Copos,Descartáveis,,,0,,,,,,
 9864667,,28693683,,,,,,,,Copo de Papel Xadrez Azul 270ml | Festa Junina,Copo de papel xadrez azul 270ml descartável. Ideal para festas juninas e mesas temáticas.,,"<p><strong>✨ Descrição completa — Copo de Papel Xadrez Azul 270ml – 10 Unidades</strong></p><p>O <strong>Copo de Papel Xadrez Azul 270ml</strong> é perfeito para compor mesas de festa com estilo clássico e temático.</p>
<p>Com estampa xadrez azul, é ideal para festas juninas, festas country, piqueniques, aniversários temáticos e comemorações com visual rústico e alegre.</p>
<p>Fabricado em papel resistente, é prático, descartável e combina perfeitamente com pratos e guardanapos da mesma estampa.</p><h3>Características</h3><ul><li>Estampa xadrez azul</li><li>Capacidade de 270ml</li><li>Material resistente e descartável</li><li>Ideal para festas temáticas</li></ul><p><strong>📋 Especificações do produto</strong></p><ul><li><strong>Material:</strong> Papel</li><li><strong>Capacidade:</strong> 270 ml</li><li><strong>Cor predominante:</strong> Azul</li><li><strong>Conteúdo da embalagem:</strong> 10 copos</li></ul>
<p><strong>Dica:</strong> Combine com o <em>Prato de Papel Xadrez Azul</em> e o <em>Guardanapo de Papel Xadrez Azul</em> para uma mesa completa e temática.</p><p><strong>🚚 Frete e prazo</strong></p><p>Calcule o frete e o prazo de entrega informando seu CEP antes de finalizar a compra.</p><p><strong>💡 Dica</strong></p><p>Combine com outros artigos de festa para uma mesa completa e harmoniosa.</p><p><strong>❤️ Garanta o seu</strong></p><p>Garanta agora <strong>Copo de Papel Xadrez Azul 270ml – 10 Unidades</strong> e deixe sua festa ou evento ainda mais especial!</p>",Copo de papel xadrez azul 270ml. Ideal para festas juninas e eventos temáticos.,,media://products/4-36.png,,,,,,1,,Artigos de Festa,Copos,Descartáveis,,,0,Azul,,,,,
9864669,,,,Copo de Papel Xadrez Verde 270ml – 10 Unidades,/copo-de-papel-xadrez-verde-270ml-10-unidades,"0,120",8.00,8.00,9.00,Copo de Papel Xadrez Verde 270ml | Festa Junina,Copo de papel xadrez verde 270ml descartável. Ideal para festas juninas e mesas temáticas.,,"<p><strong>✨ Descrição completa — Copo de Papel Xadrez Verde 270ml – 10 Unidades</strong></p><p>O <strong>Copo de Papel Xadrez Verde 270ml</strong> é perfeito para compor mesas de festa com estilo clássico e temático.</p>
<p>Com estampa xadrez verde, é ideal para festas juninas, festas country, piqueniques, aniversários temáticos e comemorações com visual rústico e alegre.</p>
<p>Fabricado em papel resistente, é prático, descartável e combina perfeitamente com pratos e guardanapos da mesma estampa.</p><h3>Características</h3><ul><li>Estampa xadrez verde</li><li>Capacidade de 270ml</li><li>Material resistente e descartável</li><li>Ideal para festas temáticas</li></ul><p><strong>📋 Especificações do produto</strong></p><ul><li><strong>Material:</strong> Papel</li><li><strong>Capacidade:</strong> 270 ml</li><li><strong>Cor predominante:</strong> Verde</li><li><strong>Conteúdo da embalagem:</strong> 10 copos</li></ul>
<p><strong>Dica:</strong> Combine com o <em>Prato de Papel Xadrez Verde</em> e o <em>Guardanapo de Papel Xadrez Verde</em> para uma mesa completa e temática.</p><p><strong>🚚 Frete e prazo</strong></p><p>Calcule o frete e o prazo de entrega informando seu CEP antes de finalizar a compra.</p><p><strong>💡 Dica</strong></p><p>Combine com outros artigos de festa para uma mesa completa e harmoniosa.</p><p><strong>❤️ Garanta o seu</strong></p><p>Garanta agora <strong>Copo de Papel Xadrez Verde 270ml – 10 Unidades</strong> e deixe sua festa ou evento ainda mais especial!</p>",Copo de papel xadrez verde 270ml. Ideal para festas juninas e eventos temáticos.,,media://products/30.png,14.90,,,,,1,,Artigos de Festa,Copos,Descartáveis,,,0,,,,,,
 9864669,,28681983,,,,,,,,Copo de Papel Xadrez Verde 270ml | Festa Junina,Copo de papel xadrez verde 270ml descartável. Ideal para festas juninas e mesas temáticas.,,"<p><strong>✨ Descrição completa — Copo de Papel Xadrez Verde 270ml – 10 Unidades</strong></p><p>O <strong>Copo de Papel Xadrez Verde 270ml</strong> é perfeito para compor mesas de festa com estilo clássico e temático.</p>
<p>Com estampa xadrez verde, é ideal para festas juninas, festas country, piqueniques, aniversários temáticos e comemorações com visual rústico e alegre.</p>
<p>Fabricado em papel resistente, é prático, descartável e combina perfeitamente com pratos e guardanapos da mesma estampa.</p><h3>Características</h3><ul><li>Estampa xadrez verde</li><li>Capacidade de 270ml</li><li>Material resistente e descartável</li><li>Ideal para festas temáticas</li></ul><p><strong>📋 Especificações do produto</strong></p><ul><li><strong>Material:</strong> Papel</li><li><strong>Capacidade:</strong> 270 ml</li><li><strong>Cor predominante:</strong> Verde</li><li><strong>Conteúdo da embalagem:</strong> 10 copos</li></ul>
<p><strong>Dica:</strong> Combine com o <em>Prato de Papel Xadrez Verde</em> e o <em>Guardanapo de Papel Xadrez Verde</em> para uma mesa completa e temática.</p><p><strong>🚚 Frete e prazo</strong></p><p>Calcule o frete e o prazo de entrega informando seu CEP antes de finalizar a compra.</p><p><strong>💡 Dica</strong></p><p>Combine com outros artigos de festa para uma mesa completa e harmoniosa.</p><p><strong>❤️ Garanta o seu</strong></p><p>Garanta agora <strong>Copo de Papel Xadrez Verde 270ml – 10 Unidades</strong> e deixe sua festa ou evento ainda mais especial!</p>",Copo de papel xadrez verde 270ml. Ideal para festas juninas e eventos temáticos.,,media://products/30.png,,,,,,1,,Artigos de Festa,Copos,Descartáveis,,,0,Verde,,,,,
9864666,,,,Copo de Papel Xadrez Vermelho 270ml – 10 Unidades,/copo-de-papel-xadrez-vermelho-270ml,"0,120",8.00,8.00,9.00,Copo de Papel Xadrez Vermelho 270ml | Festa Junina,Copo de papel xadrez vermelho 270ml descartável. Ideal para festas juninas e mesas temáticas.,,"<p><strong>✨ Descrição completa — Copo de Papel Xadrez Vermelho 270ml – 10 Unidades</strong></p><p>O <strong>Copo de Papel Xadrez Vermelho 270ml</strong> é perfeito para compor mesas de festa com estilo clássico e temático.</p>
<p>Com estampa xadrez vermelha, é ideal para festas juninas, festas country, piqueniques, aniversários temáticos e comemorações com visual rústico e alegre.</p>
<p>Fabricado em papel resistente, é prático, descartável e combina perfeitamente com pratos e guardanapos da mesma estampa.</p><h3>Características</h3><ul><li>Estampa xadrez vermelha</li><li>Capacidade de 270ml</li><li>Material resistente e descartável</li><li>Ideal para festas temáticas</li></ul><p><strong>📋 Especificações do produto</strong></p><ul><li><strong>Material:</strong> Papel</li><li><strong>Capacidade:</strong> 270 ml</li><li><strong>Cor predominante:</strong> Vermelho</li><li><strong>Conteúdo da embalagem:</strong> 10 copos</li></ul>
<p><strong>Dica:</strong> Combine com o <em>Prato de Papel Xadrez Vermelho</em> e o <em>Guardanapo de Papel Xadrez Vermelho</em> para uma mesa completa e temática.</p><p><strong>🚚 Frete e prazo</strong></p><p>Calcule o frete e o prazo de entrega informando seu CEP antes de finalizar a compra.</p><p><strong>💡 Dica</strong></p><p>Combine com outros artigos de festa para uma mesa completa e harmoniosa.</p><p><strong>❤️ Garanta o seu</strong></p><p>Garanta agora <strong>Copo de Papel Xadrez Vermelho 270ml – 10 Unidades</strong> e deixe sua festa ou evento ainda mais especial!</p>",Copo de papel xadrez vermelho 270ml. Ideal para festas juninas e eventos temáticos.,,media://products/3-37.png,14.90,,,,,1,,Artigos de Festa,Copos,Descartáveis,,,0,,,,,,
 9864666,,28681953,,,,,,,,Copo de Papel Xadrez Vermelho 270ml | Festa Junina,Copo de papel xadrez vermelho 270ml descartável. Ideal para festas juninas e mesas temáticas.,,"<p><strong>✨ Descrição completa — Copo de Papel Xadrez Vermelho 270ml – 10 Unidades</strong></p><p>O <strong>Copo de Papel Xadrez Vermelho 270ml</strong> é perfeito para compor mesas de festa com estilo clássico e temático.</p>
<p>Com estampa xadrez vermelha, é ideal para festas juninas, festas country, piqueniques, aniversários temáticos e comemorações com visual rústico e alegre.</p>
<p>Fabricado em papel resistente, é prático, descartável e combina perfeitamente com pratos e guardanapos da mesma estampa.</p><h3>Características</h3><ul><li>Estampa xadrez vermelha</li><li>Capacidade de 270ml</li><li>Material resistente e descartável</li><li>Ideal para festas temáticas</li></ul><p><strong>📋 Especificações do produto</strong></p><ul><li><strong>Material:</strong> Papel</li><li><strong>Capacidade:</strong> 270 ml</li><li><strong>Cor predominante:</strong> Vermelho</li><li><strong>Conteúdo da embalagem:</strong> 10 copos</li></ul>
<p><strong>Dica:</strong> Combine com o <em>Prato de Papel Xadrez Vermelho</em> e o <em>Guardanapo de Papel Xadrez Vermelho</em> para uma mesa completa e temática.</p><p><strong>🚚 Frete e prazo</strong></p><p>Calcule o frete e o prazo de entrega informando seu CEP antes de finalizar a compra.</p><p><strong>💡 Dica</strong></p><p>Combine com outros artigos de festa para uma mesa completa e harmoniosa.</p><p><strong>❤️ Garanta o seu</strong></p><p>Garanta agora <strong>Copo de Papel Xadrez Vermelho 270ml – 10 Unidades</strong> e deixe sua festa ou evento ainda mais especial!</p>",Copo de papel xadrez vermelho 270ml. Ideal para festas juninas e eventos temáticos.,,media://products/3-37.png,,,,,,1,,Artigos de Festa,Copos,Descartáveis,,,0,Vermelho,,,,,
9868542,,,,Guardanapo de Papel Liso 33x33cm – 20 Unidades,/guardanapo-de-papel-liso-33x33cm,"0,120",17.00,17.00,3.00,,,,"<p><strong>✨ Descrição completa — Guardanapo de Papel Liso 33x33cm – 20 Unidades</strong></p><p>O <strong>Guardanapo de Papel Liso 33x33cm</strong> é ideal para compor mesas de festa com praticidade e elegância.</p>
<p>Produzido em papel folha dupla, oferece excelente absorção e resistência, sendo perfeito para aniversários, eventos, confraternizações e comemorações em geral.</p><h3>Características</h3><ul><li>Estampa lisa</li><li>Folha dupla</li><li>Alta absorção</li><li>Ideal para festas e eventos</li></ul><p><strong>📋 Especificações do produto</strong></p><ul><li><strong>Material:</strong> Papel</li><li><strong>Tamanho:</strong> 33 x 33 cm</li><li><strong>Quantidade:</strong> 20 unidades</li></ul>
<p><strong>Dica:</strong> Combine com copos e pratos descartáveis da mesma cor para uma mesa harmoniosa.</p><p><strong>🚚 Frete e prazo</strong></p><p>Calcule o frete e o prazo de entrega informando seu CEP antes de finalizar a compra.</p><p><strong>💡 Dica</strong></p><p>Combine com outros artigos de festa para uma mesa completa e harmoniosa.</p><p><strong>❤️ Garanta o seu</strong></p><p>Garanta agora <strong>Guardanapo de Papel Liso 33x33cm – 20 Unidades</strong> e deixe sua festa ou evento ainda mais especial!</p>","Guardanapo de papel liso 33x33cm, folha dupla. Ideal para festas.",,"media://products/10-29.png,media://products/11-24.png,media://products/12-6.png,media://products/13-1.png,media://products/14-1.png,media://products/15.png,media://products/16-1.png,media://products/17-3.png,media://products/18-1.png,media://products/19-1.png,media://products/20-1.png,media://products/21-1.png,media://products/22-1.png,media://products/23-1.png,media://products/24.png,media://products/25.png,media://products/26.png",15.90,,,,,1,,Artigos de Festa,Descartáveis,Guardanapos,,,0,,,,,,
 9868542,,28694062,,,,,,,,,,,"<p><strong>✨ Descrição completa — Guardanapo de Papel Liso 33x33cm – 20 Unidades</strong></p><p>O <strong>Guardanapo de Papel Liso 33x33cm</strong> é ideal para compor mesas de festa com praticidade e elegância.</p>
<p>Produzido em papel folha dupla, oferece excelente absorção e resistência, sendo perfeito para aniversários, eventos, confraternizações e comemorações em geral.</p><h3>Características</h3><ul><li>Estampa lisa</li><li>Folha dupla</li><li>Alta absorção</li><li>Ideal para festas e eventos</li></ul><p><strong>📋 Especificações do produto</strong></p><ul><li><strong>Material:</strong> Papel</li><li><strong>Tamanho:</strong> 33 x 33 cm</li><li><strong>Quantidade:</strong> 20 unidades</li></ul>
<p><strong>Dica:</strong> Combine com copos e pratos descartáveis da mesma cor para uma mesa harmoniosa.</p><p><strong>🚚 Frete e prazo</strong></p><p>Calcule o frete e o prazo de entrega informando seu CEP antes de finalizar a compra.</p><p><strong>💡 Dica</strong></p><p>Combine com outros artigos de festa para uma mesa completa e harmoniosa.</p><p><strong>❤️ Garanta o seu</strong></p><p>Garanta agora <strong>Guardanapo de Papel Liso 33x33cm – 20 Unidades</strong> e deixe sua festa ou evento ainda mais especial!</p>","Guardanapo de papel liso 33x33cm, folha dupla. Ideal para festas.",,"media://products/10-29.png,media://products/11-24.png,media://products/12-6.png,media://products/13-1.png,media://products/14-1.png,media://products/15.png,media://products/16-1.png,media://products/17-3.png,media://products/18-1.png,media://products/19-1.png,media://products/20-1.png,media://products/21-1.png,media://products/22-1.png,media://products/23-1.png,media://products/24.png,media://products/25.png,media://products/26.png",,,,,,1,,Artigos de Festa,Descartáveis,Guardanapos,,,0,Vermelho,,,,,
 9868542,,28694064,,,,,,,,,,,"<p><strong>✨ Descrição completa — Guardanapo de Papel Liso 33x33cm – 20 Unidades</strong></p><p>O <strong>Guardanapo de Papel Liso 33x33cm</strong> é ideal para compor mesas de festa com praticidade e elegância.</p>
<p>Produzido em papel folha dupla, oferece excelente absorção e resistência, sendo perfeito para aniversários, eventos, confraternizações e comemorações em geral.</p><h3>Características</h3><ul><li>Estampa lisa</li><li>Folha dupla</li><li>Alta absorção</li><li>Ideal para festas e eventos</li></ul><p><strong>📋 Especificações do produto</strong></p><ul><li><strong>Material:</strong> Papel</li><li><strong>Tamanho:</strong> 33 x 33 cm</li><li><strong>Quantidade:</strong> 20 unidades</li></ul>
<p><strong>Dica:</strong> Combine com copos e pratos descartáveis da mesma cor para uma mesa harmoniosa.</p><p><strong>🚚 Frete e prazo</strong></p><p>Calcule o frete e o prazo de entrega informando seu CEP antes de finalizar a compra.</p><p><strong>💡 Dica</strong></p><p>Combine com outros artigos de festa para uma mesa completa e harmoniosa.</p><p><strong>❤️ Garanta o seu</strong></p><p>Garanta agora <strong>Guardanapo de Papel Liso 33x33cm – 20 Unidades</strong> e deixe sua festa ou evento ainda mais especial!</p>","Guardanapo de papel liso 33x33cm, folha dupla. Ideal para festas.",,"media://products/10-29.png,media://products/11-24.png,media://products/12-6.png,media://products/13-1.png,media://products/14-1.png,media://products/15.png,media://products/16-1.png,media://products/17-3.png,media://products/18-1.png,media://products/19-1.png,media://products/20-1.png,media://products/21-1.png,media://products/22-1.png,media://products/23-1.png,media://products/24.png,media://products/25.png,media://products/26.png",,,,,,1,,Artigos de Festa,Descartáveis,Guardanapos,,,0,Verde,,,,,
 9868542,,28694065,,,,,,,,,,,"<p><strong>✨ Descrição completa — Guardanapo de Papel Liso 33x33cm – 20 Unidades</strong></p><p>O <strong>Guardanapo de Papel Liso 33x33cm</strong> é ideal para compor mesas de festa com praticidade e elegância.</p>
<p>Produzido em papel folha dupla, oferece excelente absorção e resistência, sendo perfeito para aniversários, eventos, confraternizações e comemorações em geral.</p><h3>Características</h3><ul><li>Estampa lisa</li><li>Folha dupla</li><li>Alta absorção</li><li>Ideal para festas e eventos</li></ul><p><strong>📋 Especificações do produto</strong></p><ul><li><strong>Material:</strong> Papel</li><li><strong>Tamanho:</strong> 33 x 33 cm</li><li><strong>Quantidade:</strong> 20 unidades</li></ul>
<p><strong>Dica:</strong> Combine com copos e pratos descartáveis da mesma cor para uma mesa harmoniosa.</p><p><strong>🚚 Frete e prazo</strong></p><p>Calcule o frete e o prazo de entrega informando seu CEP antes de finalizar a compra.</p><p><strong>💡 Dica</strong></p><p>Combine com outros artigos de festa para uma mesa completa e harmoniosa.</p><p><strong>❤️ Garanta o seu</strong></p><p>Garanta agora <strong>Guardanapo de Papel Liso 33x33cm – 20 Unidades</strong> e deixe sua festa ou evento ainda mais especial!</p>","Guardanapo de papel liso 33x33cm, folha dupla. Ideal para festas.",,"media://products/10-29.png,media://products/11-24.png,media://products/12-6.png,media://products/13-1.png,media://products/14-1.png,media://products/15.png,media://products/16-1.png,media://products/17-3.png,media://products/18-1.png,media://products/19-1.png,media://products/20-1.png,media://products/21-1.png,media://products/22-1.png,media://products/23-1.png,media://products/24.png,media://products/25.png,media://products/26.png",,,,,,1,,Artigos de Festa,Descartáveis,Guardanapos,,,0,Azul,,,,,
 9868542,,28694066,,,,,,,,,,,"<p><strong>✨ Descrição completa — Guardanapo de Papel Liso 33x33cm – 20 Unidades</strong></p><p>O <strong>Guardanapo de Papel Liso 33x33cm</strong> é ideal para compor mesas de festa com praticidade e elegância.</p>
<p>Produzido em papel folha dupla, oferece excelente absorção e resistência, sendo perfeito para aniversários, eventos, confraternizações e comemorações em geral.</p><h3>Características</h3><ul><li>Estampa lisa</li><li>Folha dupla</li><li>Alta absorção</li><li>Ideal para festas e eventos</li></ul><p><strong>📋 Especificações do produto</strong></p><ul><li><strong>Material:</strong> Papel</li><li><strong>Tamanho:</strong> 33 x 33 cm</li><li><strong>Quantidade:</strong> 20 unidades</li></ul>
<p><strong>Dica:</strong> Combine com copos e pratos descartáveis da mesma cor para uma mesa harmoniosa.</p><p><strong>🚚 Frete e prazo</strong></p><p>Calcule o frete e o prazo de entrega informando seu CEP antes de finalizar a compra.</p><p><strong>💡 Dica</strong></p><p>Combine com outros artigos de festa para uma mesa completa e harmoniosa.</p><p><strong>❤️ Garanta o seu</strong></p><p>Garanta agora <strong>Guardanapo de Papel Liso 33x33cm – 20 Unidades</strong> e deixe sua festa ou evento ainda mais especial!</p>","Guardanapo de papel liso 33x33cm, folha dupla. Ideal para festas.",,"media://products/10-29.png,media://products/11-24.png,media://products/12-6.png,media://products/13-1.png,media://products/14-1.png,media://products/15.png,media://products/16-1.png,media://products/17-3.png,media://products/18-1.png,media://products/19-1.png,media://products/20-1.png,media://products/21-1.png,media://products/22-1.png,media://products/23-1.png,media://products/24.png,media://products/25.png,media://products/26.png",,,,,,1,,Artigos de Festa,Descartáveis,Guardanapos,,,0,Rosa Bebê,,,,,
 9868542,,28694067,,,,,,,,,,,"<p><strong>✨ Descrição completa — Guardanapo de Papel Liso 33x33cm – 20 Unidades</strong></p><p>O <strong>Guardanapo de Papel Liso 33x33cm</strong> é ideal para compor mesas de festa com praticidade e elegância.</p>
<p>Produzido em papel folha dupla, oferece excelente absorção e resistência, sendo perfeito para aniversários, eventos, confraternizações e comemorações em geral.</p><h3>Características</h3><ul><li>Estampa lisa</li><li>Folha dupla</li><li>Alta absorção</li><li>Ideal para festas e eventos</li></ul><p><strong>📋 Especificações do produto</strong></p><ul><li><strong>Material:</strong> Papel</li><li><strong>Tamanho:</strong> 33 x 33 cm</li><li><strong>Quantidade:</strong> 20 unidades</li></ul>
<p><strong>Dica:</strong> Combine com copos e pratos descartáveis da mesma cor para uma mesa harmoniosa.</p><p><strong>🚚 Frete e prazo</strong></p><p>Calcule o frete e o prazo de entrega informando seu CEP antes de finalizar a compra.</p><p><strong>💡 Dica</strong></p><p>Combine com outros artigos de festa para uma mesa completa e harmoniosa.</p><p><strong>❤️ Garanta o seu</strong></p><p>Garanta agora <strong>Guardanapo de Papel Liso 33x33cm – 20 Unidades</strong> e deixe sua festa ou evento ainda mais especial!</p>","Guardanapo de papel liso 33x33cm, folha dupla. Ideal para festas.",,"media://products/10-29.png,media://products/11-24.png,media://products/12-6.png,media://products/13-1.png,media://products/14-1.png,media://products/15.png,media://products/16-1.png,media://products/17-3.png,media://products/18-1.png,media://products/19-1.png,media://products/20-1.png,media://products/21-1.png,media://products/22-1.png,media://products/23-1.png,media://products/24.png,media://products/25.png,media://products/26.png",,,,,,1,,Artigos de Festa,Descartáveis,Guardanapos,,,0,Preto,,,,,
 9868542,,28694068,,,,,,,,,,,"<p><strong>✨ Descrição completa — Guardanapo de Papel Liso 33x33cm – 20 Unidades</strong></p><p>O <strong>Guardanapo de Papel Liso 33x33cm</strong> é ideal para compor mesas de festa com praticidade e elegância.</p>
<p>Produzido em papel folha dupla, oferece excelente absorção e resistência, sendo perfeito para aniversários, eventos, confraternizações e comemorações em geral.</p><h3>Características</h3><ul><li>Estampa lisa</li><li>Folha dupla</li><li>Alta absorção</li><li>Ideal para festas e eventos</li></ul><p><strong>📋 Especificações do produto</strong></p><ul><li><strong>Material:</strong> Papel</li><li><strong>Tamanho:</strong> 33 x 33 cm</li><li><strong>Quantidade:</strong> 20 unidades</li></ul>
<p><strong>Dica:</strong> Combine com copos e pratos descartáveis da mesma cor para uma mesa harmoniosa.</p><p><strong>🚚 Frete e prazo</strong></p><p>Calcule o frete e o prazo de entrega informando seu CEP antes de finalizar a compra.</p><p><strong>💡 Dica</strong></p><p>Combine com outros artigos de festa para uma mesa completa e harmoniosa.</p><p><strong>❤️ Garanta o seu</strong></p><p>Garanta agora <strong>Guardanapo de Papel Liso 33x33cm – 20 Unidades</strong> e deixe sua festa ou evento ainda mais especial!</p>","Guardanapo de papel liso 33x33cm, folha dupla. Ideal para festas.",,"media://products/10-29.png,media://products/11-24.png,media://products/12-6.png,media://products/13-1.png,media://products/14-1.png,media://products/15.png,media://products/16-1.png,media://products/17-3.png,media://products/18-1.png,media://products/19-1.png,media://products/20-1.png,media://products/21-1.png,media://products/22-1.png,media://products/23-1.png,media://products/24.png,media://products/25.png,media://products/26.png",,,,,,1,,Artigos de Festa,Descartáveis,Guardanapos,,,0,Lilás,,,,,
 9868542,,28694069,,,,,,,,,,,"<p><strong>✨ Descrição completa — Guardanapo de Papel Liso 33x33cm – 20 Unidades</strong></p><p>O <strong>Guardanapo de Papel Liso 33x33cm</strong> é ideal para compor mesas de festa com praticidade e elegância.</p>
<p>Produzido em papel folha dupla, oferece excelente absorção e resistência, sendo perfeito para aniversários, eventos, confraternizações e comemorações em geral.</p><h3>Características</h3><ul><li>Estampa lisa</li><li>Folha dupla</li><li>Alta absorção</li><li>Ideal para festas e eventos</li></ul><p><strong>📋 Especificações do produto</strong></p><ul><li><strong>Material:</strong> Papel</li><li><strong>Tamanho:</strong> 33 x 33 cm</li><li><strong>Quantidade:</strong> 20 unidades</li></ul>
<p><strong>Dica:</strong> Combine com copos e pratos descartáveis da mesma cor para uma mesa harmoniosa.</p><p><strong>🚚 Frete e prazo</strong></p><p>Calcule o frete e o prazo de entrega informando seu CEP antes de finalizar a compra.</p><p><strong>💡 Dica</strong></p><p>Combine com outros artigos de festa para uma mesa completa e harmoniosa.</p><p><strong>❤️ Garanta o seu</strong></p><p>Garanta agora <strong>Guardanapo de Papel Liso 33x33cm – 20 Unidades</strong> e deixe sua festa ou evento ainda mais especial!</p>","Guardanapo de papel liso 33x33cm, folha dupla. Ideal para festas.",,"media://products/10-29.png,media://products/11-24.png,media://products/12-6.png,media://products/13-1.png,media://products/14-1.png,media://products/15.png,media://products/16-1.png,media://products/17-3.png,media://products/18-1.png,media://products/19-1.png,media://products/20-1.png,media://products/21-1.png,media://products/22-1.png,media://products/23-1.png,media://products/24.png,media://products/25.png,media://products/26.png",,,,,,1,,Artigos de Festa,Descartáveis,Guardanapos,,,0,Prata,,,,,
 9868542,,28694070,,,,,,,,,,,"<p><strong>✨ Descrição completa — Guardanapo de Papel Liso 33x33cm – 20 Unidades</strong></p><p>O <strong>Guardanapo de Papel Liso 33x33cm</strong> é ideal para compor mesas de festa com praticidade e elegância.</p>
<p>Produzido em papel folha dupla, oferece excelente absorção e resistência, sendo perfeito para aniversários, eventos, confraternizações e comemorações em geral.</p><h3>Características</h3><ul><li>Estampa lisa</li><li>Folha dupla</li><li>Alta absorção</li><li>Ideal para festas e eventos</li></ul><p><strong>📋 Especificações do produto</strong></p><ul><li><strong>Material:</strong> Papel</li><li><strong>Tamanho:</strong> 33 x 33 cm</li><li><strong>Quantidade:</strong> 20 unidades</li></ul>
<p><strong>Dica:</strong> Combine com copos e pratos descartáveis da mesma cor para uma mesa harmoniosa.</p><p><strong>🚚 Frete e prazo</strong></p><p>Calcule o frete e o prazo de entrega informando seu CEP antes de finalizar a compra.</p><p><strong>💡 Dica</strong></p><p>Combine com outros artigos de festa para uma mesa completa e harmoniosa.</p><p><strong>❤️ Garanta o seu</strong></p><p>Garanta agora <strong>Guardanapo de Papel Liso 33x33cm – 20 Unidades</strong> e deixe sua festa ou evento ainda mais especial!</p>","Guardanapo de papel liso 33x33cm, folha dupla. Ideal para festas.",,"media://products/10-29.png,media://products/11-24.png,media://products/12-6.png,media://products/13-1.png,media://products/14-1.png,media://products/15.png,media://products/16-1.png,media://products/17-3.png,media://products/18-1.png,media://products/19-1.png,media://products/20-1.png,media://products/21-1.png,media://products/22-1.png,media://products/23-1.png,media://products/24.png,media://products/25.png,media://products/26.png",,,,,,1,,Artigos de Festa,Descartáveis,Guardanapos,,,0,Azul Claro,,,,,
 9868542,,28694071,,,,,,,,,,,"<p><strong>✨ Descrição completa — Guardanapo de Papel Liso 33x33cm – 20 Unidades</strong></p><p>O <strong>Guardanapo de Papel Liso 33x33cm</strong> é ideal para compor mesas de festa com praticidade e elegância.</p>
<p>Produzido em papel folha dupla, oferece excelente absorção e resistência, sendo perfeito para aniversários, eventos, confraternizações e comemorações em geral.</p><h3>Características</h3><ul><li>Estampa lisa</li><li>Folha dupla</li><li>Alta absorção</li><li>Ideal para festas e eventos</li></ul><p><strong>📋 Especificações do produto</strong></p><ul><li><strong>Material:</strong> Papel</li><li><strong>Tamanho:</strong> 33 x 33 cm</li><li><strong>Quantidade:</strong> 20 unidades</li></ul>
<p><strong>Dica:</strong> Combine com copos e pratos descartáveis da mesma cor para uma mesa harmoniosa.</p><p><strong>🚚 Frete e prazo</strong></p><p>Calcule o frete e o prazo de entrega informando seu CEP antes de finalizar a compra.</p><p><strong>💡 Dica</strong></p><p>Combine com outros artigos de festa para uma mesa completa e harmoniosa.</p><p><strong>❤️ Garanta o seu</strong></p><p>Garanta agora <strong>Guardanapo de Papel Liso 33x33cm – 20 Unidades</strong> e deixe sua festa ou evento ainda mais especial!</p>","Guardanapo de papel liso 33x33cm, folha dupla. Ideal para festas.",,"media://products/10-29.png,media://products/11-24.png,media://products/12-6.png,media://products/13-1.png,media://products/14-1.png,media://products/15.png,media://products/16-1.png,media://products/17-3.png,media://products/18-1.png,media://products/19-1.png,media://products/20-1.png,media://products/21-1.png,media://products/22-1.png,media://products/23-1.png,media://products/24.png,media://products/25.png,media://products/26.png",,,,,,1,,Artigos de Festa,Descartáveis,Guardanapos,,,0,Laranja,,,,,
 9868542,,28694072,,,,,,,,,,,"<p><strong>✨ Descrição completa — Guardanapo de Papel Liso 33x33cm – 20 Unidades</strong></p><p>O <strong>Guardanapo de Papel Liso 33x33cm</strong> é ideal para compor mesas de festa com praticidade e elegância.</p>
<p>Produzido em papel folha dupla, oferece excelente absorção e resistência, sendo perfeito para aniversários, eventos, confraternizações e comemorações em geral.</p><h3>Características</h3><ul><li>Estampa lisa</li><li>Folha dupla</li><li>Alta absorção</li><li>Ideal para festas e eventos</li></ul><p><strong>📋 Especificações do produto</strong></p><ul><li><strong>Material:</strong> Papel</li><li><strong>Tamanho:</strong> 33 x 33 cm</li><li><strong>Quantidade:</strong> 20 unidades</li></ul>
<p><strong>Dica:</strong> Combine com copos e pratos descartáveis da mesma cor para uma mesa harmoniosa.</p><p><strong>🚚 Frete e prazo</strong></p><p>Calcule o frete e o prazo de entrega informando seu CEP antes de finalizar a compra.</p><p><strong>💡 Dica</strong></p><p>Combine com outros artigos de festa para uma mesa completa e harmoniosa.</p><p><strong>❤️ Garanta o seu</strong></p><p>Garanta agora <strong>Guardanapo de Papel Liso 33x33cm – 20 Unidades</strong> e deixe sua festa ou evento ainda mais especial!</p>","Guardanapo de papel liso 33x33cm, folha dupla. Ideal para festas.",,"media://products/10-29.png,media://products/11-24.png,media://products/12-6.png,media://products/13-1.png,media://products/14-1.png,media://products/15.png,media://products/16-1.png,media://products/17-3.png,media://products/18-1.png,media://products/19-1.png,media://products/20-1.png,media://products/21-1.png,media://products/22-1.png,media://products/23-1.png,media://products/24.png,media://products/25.png,media://products/26.png",,,,,,1,,Artigos de Festa,Descartáveis,Guardanapos,,,0,Roxo,,,,,
 9868542,,28694073,,,,,,,,,,,"<p><strong>✨ Descrição completa — Guardanapo de Papel Liso 33x33cm – 20 Unidades</strong></p><p>O <strong>Guardanapo de Papel Liso 33x33cm</strong> é ideal para compor mesas de festa com praticidade e elegância.</p>
<p>Produzido em papel folha dupla, oferece excelente absorção e resistência, sendo perfeito para aniversários, eventos, confraternizações e comemorações em geral.</p><h3>Características</h3><ul><li>Estampa lisa</li><li>Folha dupla</li><li>Alta absorção</li><li>Ideal para festas e eventos</li></ul><p><strong>📋 Especificações do produto</strong></p><ul><li><strong>Material:</strong> Papel</li><li><strong>Tamanho:</strong> 33 x 33 cm</li><li><strong>Quantidade:</strong> 20 unidades</li></ul>
<p><strong>Dica:</strong> Combine com copos e pratos descartáveis da mesma cor para uma mesa harmoniosa.</p><p><strong>🚚 Frete e prazo</strong></p><p>Calcule o frete e o prazo de entrega informando seu CEP antes de finalizar a compra.</p><p><strong>💡 Dica</strong></p><p>Combine com outros artigos de festa para uma mesa completa e harmoniosa.</p><p><strong>❤️ Garanta o seu</strong></p><p>Garanta agora <strong>Guardanapo de Papel Liso 33x33cm – 20 Unidades</strong> e deixe sua festa ou evento ainda mais especial!</p>","Guardanapo de papel liso 33x33cm, folha dupla. Ideal para festas.",,"media://products/10-29.png,media://products/11-24.png,media://products/12-6.png,media://products/13-1.png,media://products/14-1.png,media://products/15.png,media://products/16-1.png,media://products/17-3.png,media://products/18-1.png,media://products/19-1.png,media://products/20-1.png,media://products/21-1.png,media://products/22-1.png,media://products/23-1.png,media://products/24.png,media://products/25.png,media://products/26.png",,,,,,1,,Artigos de Festa,Descartáveis,Guardanapos,,,0,Laranja Claro,,,,,
 9868542,,28694074,,,,,,,,,,,"<p><strong>✨ Descrição completa — Guardanapo de Papel Liso 33x33cm – 20 Unidades</strong></p><p>O <strong>Guardanapo de Papel Liso 33x33cm</strong> é ideal para compor mesas de festa com praticidade e elegância.</p>
<p>Produzido em papel folha dupla, oferece excelente absorção e resistência, sendo perfeito para aniversários, eventos, confraternizações e comemorações em geral.</p><h3>Características</h3><ul><li>Estampa lisa</li><li>Folha dupla</li><li>Alta absorção</li><li>Ideal para festas e eventos</li></ul><p><strong>📋 Especificações do produto</strong></p><ul><li><strong>Material:</strong> Papel</li><li><strong>Tamanho:</strong> 33 x 33 cm</li><li><strong>Quantidade:</strong> 20 unidades</li></ul>
<p><strong>Dica:</strong> Combine com copos e pratos descartáveis da mesma cor para uma mesa harmoniosa.</p><p><strong>🚚 Frete e prazo</strong></p><p>Calcule o frete e o prazo de entrega informando seu CEP antes de finalizar a compra.</p><p><strong>💡 Dica</strong></p><p>Combine com outros artigos de festa para uma mesa completa e harmoniosa.</p><p><strong>❤️ Garanta o seu</strong></p><p>Garanta agora <strong>Guardanapo de Papel Liso 33x33cm – 20 Unidades</strong> e deixe sua festa ou evento ainda mais especial!</p>","Guardanapo de papel liso 33x33cm, folha dupla. Ideal para festas.",,"media://products/10-29.png,media://products/11-24.png,media://products/12-6.png,media://products/13-1.png,media://products/14-1.png,media://products/15.png,media://products/16-1.png,media://products/17-3.png,media://products/18-1.png,media://products/19-1.png,media://products/20-1.png,media://products/21-1.png,media://products/22-1.png,media://products/23-1.png,media://products/24.png,media://products/25.png,media://products/26.png",,,,,,1,,Artigos de Festa,Descartáveis,Guardanapos,,,0,Verde Água,,,,,
 9868542,,28694083,,,,,,,,,,,"<p><strong>✨ Descrição completa — Guardanapo de Papel Liso 33x33cm – 20 Unidades</strong></p><p>O <strong>Guardanapo de Papel Liso 33x33cm</strong> é ideal para compor mesas de festa com praticidade e elegância.</p>
<p>Produzido em papel folha dupla, oferece excelente absorção e resistência, sendo perfeito para aniversários, eventos, confraternizações e comemorações em geral.</p><h3>Características</h3><ul><li>Estampa lisa</li><li>Folha dupla</li><li>Alta absorção</li><li>Ideal para festas e eventos</li></ul><p><strong>📋 Especificações do produto</strong></p><ul><li><strong>Material:</strong> Papel</li><li><strong>Tamanho:</strong> 33 x 33 cm</li><li><strong>Quantidade:</strong> 20 unidades</li></ul>
<p><strong>Dica:</strong> Combine com copos e pratos descartáveis da mesma cor para uma mesa harmoniosa.</p><p><strong>🚚 Frete e prazo</strong></p><p>Calcule o frete e o prazo de entrega informando seu CEP antes de finalizar a compra.</p><p><strong>💡 Dica</strong></p><p>Combine com outros artigos de festa para uma mesa completa e harmoniosa.</p><p><strong>❤️ Garanta o seu</strong></p><p>Garanta agora <strong>Guardanapo de Papel Liso 33x33cm – 20 Unidades</strong> e deixe sua festa ou evento ainda mais especial!</p>","Guardanapo de papel liso 33x33cm, folha dupla. Ideal para festas.",,"media://products/10-29.png,media://products/11-24.png,media://products/12-6.png,media://products/13-1.png,media://products/14-1.png,media://products/15.png,media://products/16-1.png,media://products/17-3.png,media://products/18-1.png,media://products/19-1.png,media://products/20-1.png,media://products/21-1.png,media://products/22-1.png,media://products/23-1.png,media://products/24.png,media://products/25.png,media://products/26.png",,,,,,1,,Artigos de Festa,Descartáveis,Guardanapos,,,0,Dourado,,,,,
 9868542,,28694085,,,,,,,,,,,"<p><strong>✨ Descrição completa — Guardanapo de Papel Liso 33x33cm – 20 Unidades</strong></p><p>O <strong>Guardanapo de Papel Liso 33x33cm</strong> é ideal para compor mesas de festa com praticidade e elegância.</p>
<p>Produzido em papel folha dupla, oferece excelente absorção e resistência, sendo perfeito para aniversários, eventos, confraternizações e comemorações em geral.</p><h3>Características</h3><ul><li>Estampa lisa</li><li>Folha dupla</li><li>Alta absorção</li><li>Ideal para festas e eventos</li></ul><p><strong>📋 Especificações do produto</strong></p><ul><li><strong>Material:</strong> Papel</li><li><strong>Tamanho:</strong> 33 x 33 cm</li><li><strong>Quantidade:</strong> 20 unidades</li></ul>
<p><strong>Dica:</strong> Combine com copos e pratos descartáveis da mesma cor para uma mesa harmoniosa.</p><p><strong>🚚 Frete e prazo</strong></p><p>Calcule o frete e o prazo de entrega informando seu CEP antes de finalizar a compra.</p><p><strong>💡 Dica</strong></p><p>Combine com outros artigos de festa para uma mesa completa e harmoniosa.</p><p><strong>❤️ Garanta o seu</strong></p><p>Garanta agora <strong>Guardanapo de Papel Liso 33x33cm – 20 Unidades</strong> e deixe sua festa ou evento ainda mais especial!</p>","Guardanapo de papel liso 33x33cm, folha dupla. Ideal para festas.",,"media://products/10-29.png,media://products/11-24.png,media://products/12-6.png,media://products/13-1.png,media://products/14-1.png,media://products/15.png,media://products/16-1.png,media://products/17-3.png,media://products/18-1.png,media://products/19-1.png,media://products/20-1.png,media://products/21-1.png,media://products/22-1.png,media://products/23-1.png,media://products/24.png,media://products/25.png,media://products/26.png",,,,,,1,,Artigos de Festa,Descartáveis,Guardanapos,,,0,Mostarda,,,,,
 9868542,,28694090,,,,,,,,,,,"<p><strong>✨ Descrição completa — Guardanapo de Papel Liso 33x33cm – 20 Unidades</strong></p><p>O <strong>Guardanapo de Papel Liso 33x33cm</strong> é ideal para compor mesas de festa com praticidade e elegância.</p>
<p>Produzido em papel folha dupla, oferece excelente absorção e resistência, sendo perfeito para aniversários, eventos, confraternizações e comemorações em geral.</p><h3>Características</h3><ul><li>Estampa lisa</li><li>Folha dupla</li><li>Alta absorção</li><li>Ideal para festas e eventos</li></ul><p><strong>📋 Especificações do produto</strong></p><ul><li><strong>Material:</strong> Papel</li><li><strong>Tamanho:</strong> 33 x 33 cm</li><li><strong>Quantidade:</strong> 20 unidades</li></ul>
<p><strong>Dica:</strong> Combine com copos e pratos descartáveis da mesma cor para uma mesa harmoniosa.</p><p><strong>🚚 Frete e prazo</strong></p><p>Calcule o frete e o prazo de entrega informando seu CEP antes de finalizar a compra.</p><p><strong>💡 Dica</strong></p><p>Combine com outros artigos de festa para uma mesa completa e harmoniosa.</p><p><strong>❤️ Garanta o seu</strong></p><p>Garanta agora <strong>Guardanapo de Papel Liso 33x33cm – 20 Unidades</strong> e deixe sua festa ou evento ainda mais especial!</p>","Guardanapo de papel liso 33x33cm, folha dupla. Ideal para festas.",,"media://products/10-29.png,media://products/11-24.png,media://products/12-6.png,media://products/13-1.png,media://products/14-1.png,media://products/15.png,media://products/16-1.png,media://products/17-3.png,media://products/18-1.png,media://products/19-1.png,media://products/20-1.png,media://products/21-1.png,media://products/22-1.png,media://products/23-1.png,media://products/24.png,media://products/25.png,media://products/26.png",,,,,,1,,Artigos de Festa,Descartáveis,Guardanapos,,,0,Cinza Escuro,,,,,
 9868542,,28694091,,,,,,,,,,,"<p><strong>✨ Descrição completa — Guardanapo de Papel Liso 33x33cm – 20 Unidades</strong></p><p>O <strong>Guardanapo de Papel Liso 33x33cm</strong> é ideal para compor mesas de festa com praticidade e elegância.</p>
<p>Produzido em papel folha dupla, oferece excelente absorção e resistência, sendo perfeito para aniversários, eventos, confraternizações e comemorações em geral.</p><h3>Características</h3><ul><li>Estampa lisa</li><li>Folha dupla</li><li>Alta absorção</li><li>Ideal para festas e eventos</li></ul><p><strong>📋 Especificações do produto</strong></p><ul><li><strong>Material:</strong> Papel</li><li><strong>Tamanho:</strong> 33 x 33 cm</li><li><strong>Quantidade:</strong> 20 unidades</li></ul>
<p><strong>Dica:</strong> Combine com copos e pratos descartáveis da mesma cor para uma mesa harmoniosa.</p><p><strong>🚚 Frete e prazo</strong></p><p>Calcule o frete e o prazo de entrega informando seu CEP antes de finalizar a compra.</p><p><strong>💡 Dica</strong></p><p>Combine com outros artigos de festa para uma mesa completa e harmoniosa.</p><p><strong>❤️ Garanta o seu</strong></p><p>Garanta agora <strong>Guardanapo de Papel Liso 33x33cm – 20 Unidades</strong> e deixe sua festa ou evento ainda mais especial!</p>","Guardanapo de papel liso 33x33cm, folha dupla. Ideal para festas.",,"media://products/10-29.png,media://products/11-24.png,media://products/12-6.png,media://products/13-1.png,media://products/14-1.png,media://products/15.png,media://products/16-1.png,media://products/17-3.png,media://products/18-1.png,media://products/19-1.png,media://products/20-1.png,media://products/21-1.png,media://products/22-1.png,media://products/23-1.png,media://products/24.png,media://products/25.png,media://products/26.png",,,,,,1,,Artigos de Festa,Descartáveis,Guardanapos,,,0,Amarelo,,,,,
 9868542,,28694108,,,,,,,,,,,"<p><strong>✨ Descrição completa — Guardanapo de Papel Liso 33x33cm – 20 Unidades</strong></p><p>O <strong>Guardanapo de Papel Liso 33x33cm</strong> é ideal para compor mesas de festa com praticidade e elegância.</p>
<p>Produzido em papel folha dupla, oferece excelente absorção e resistência, sendo perfeito para aniversários, eventos, confraternizações e comemorações em geral.</p><h3>Características</h3><ul><li>Estampa lisa</li><li>Folha dupla</li><li>Alta absorção</li><li>Ideal para festas e eventos</li></ul><p><strong>📋 Especificações do produto</strong></p><ul><li><strong>Material:</strong> Papel</li><li><strong>Tamanho:</strong> 33 x 33 cm</li><li><strong>Quantidade:</strong> 20 unidades</li></ul>
<p><strong>Dica:</strong> Combine com copos e pratos descartáveis da mesma cor para uma mesa harmoniosa.</p><p><strong>🚚 Frete e prazo</strong></p><p>Calcule o frete e o prazo de entrega informando seu CEP antes de finalizar a compra.</p><p><strong>💡 Dica</strong></p><p>Combine com outros artigos de festa para uma mesa completa e harmoniosa.</p><p><strong>❤️ Garanta o seu</strong></p><p>Garanta agora <strong>Guardanapo de Papel Liso 33x33cm – 20 Unidades</strong> e deixe sua festa ou evento ainda mais especial!</p>","Guardanapo de papel liso 33x33cm, folha dupla. Ideal para festas.",,"media://products/10-29.png,media://products/11-24.png,media://products/12-6.png,media://products/13-1.png,media://products/14-1.png,media://products/15.png,media://products/16-1.png,media://products/17-3.png,media://products/18-1.png,media://products/19-1.png,media://products/20-1.png,media://products/21-1.png,media://products/22-1.png,media://products/23-1.png,media://products/24.png,media://products/25.png,media://products/26.png",,,,,,1,,Artigos de Festa,Descartáveis,Guardanapos,,,0,Rosa Pink,,,,,
9868513,,,,Guardanapo de Papel Xadrez Verde 33x33cm – 20 Unidades,/guardanapo-de-papel-liso-verde-33x33cm,"0,120",17.00,17.00,3.00,,,,"<p><strong>✨ Descrição completa — Guardanapo de Papel Xadrez Verde 33x33cm – 20 Unidades</strong></p><p>O <strong>Guardanapo de Papel Xadrez Verde 33x33cm</strong> é perfeito para compor mesas de festa com charme e estilo.</p>
<p>Fabricado em papel folha dupla, oferece excelente absorção e resistência, sendo ideal para aniversários, festas temáticas, eventos e comemorações em geral.</p><h3>Características</h3><ul><li>Estampa xadrez</li><li>Folha dupla</li><li>Alta absorção</li><li>Ideal para festas e eventos</li></ul><p><strong>📋 Especificações do produto</strong></p><ul><li><strong>Material:</strong> Papel</li><li><strong>Tamanho:</strong> 33 x 33 cm</li><li><strong>Quantidade:</strong> 20 unidades</li></ul>
<p><strong>Dica:</strong> Combine com copos e pratos descartáveis da mesma estampa para uma mesa harmoniosa.</p><p><strong>🚚 Frete e prazo</strong></p><p>Calcule o frete e o prazo de entrega informando seu CEP antes de finalizar a compra.</p><p><strong>💡 Dica</strong></p><p>Combine com outros artigos de festa para uma mesa completa e harmoniosa.</p><p><strong>❤️ Garanta o seu</strong></p><p>Garanta agora <strong>Guardanapo de Papel Xadrez Verde 33x33cm – 20 Unidades</strong> e deixe sua festa ou evento ainda mais especial!</p>","Guardanapo de papel xadrez verde 33x33cm, folha dupla. Ideal para festas.",,media://products/5-37.png,15.90,,,,,1,,Artigos de Festa,Descartáveis,Guardanapos,,,0,,,,,,
 9868513,,28693948,,,,,,,,,,,"<p><strong>✨ Descrição completa — Guardanapo de Papel Xadrez Verde 33x33cm – 20 Unidades</strong></p><p>O <strong>Guardanapo de Papel Xadrez Verde 33x33cm</strong> é perfeito para compor mesas de festa com charme e estilo.</p>
<p>Fabricado em papel folha dupla, oferece excelente absorção e resistência, sendo ideal para aniversários, festas temáticas, eventos e comemorações em geral.</p><h3>Características</h3><ul><li>Estampa xadrez</li><li>Folha dupla</li><li>Alta absorção</li><li>Ideal para festas e eventos</li></ul><p><strong>📋 Especificações do produto</strong></p><ul><li><strong>Material:</strong> Papel</li><li><strong>Tamanho:</strong> 33 x 33 cm</li><li><strong>Quantidade:</strong> 20 unidades</li></ul>
<p><strong>Dica:</strong> Combine com copos e pratos descartáveis da mesma estampa para uma mesa harmoniosa.</p><p><strong>🚚 Frete e prazo</strong></p><p>Calcule o frete e o prazo de entrega informando seu CEP antes de finalizar a compra.</p><p><strong>💡 Dica</strong></p><p>Combine com outros artigos de festa para uma mesa completa e harmoniosa.</p><p><strong>❤️ Garanta o seu</strong></p><p>Garanta agora <strong>Guardanapo de Papel Xadrez Verde 33x33cm – 20 Unidades</strong> e deixe sua festa ou evento ainda mais especial!</p>","Guardanapo de papel xadrez verde 33x33cm, folha dupla. Ideal para festas.",,media://products/5-37.png,,,,,,1,,Artigos de Festa,Descartáveis,Guardanapos,,,0,Verde,,,,,
9868563,,,,Guardanapo de Papel Listrado 33x33cm,/guardanapo-de-papel-listrado-33x33cm,"0,120",17.00,17.00,3.00,,,,"<p><strong>✨ Descrição completa — Guardanapo de Papel Listrado 33x33cm</strong></p><p>O <strong>Guardanapo de Papel Listrado 33x33cm</strong> é ideal para compor mesas de festa modernas e cheias de estilo.</p>
<p>Com estampa listrada e acabamento em folha dupla, oferece excelente absorção e resistência, sendo perfeito para festas infantis, aniversários, eventos e comemorações temáticas.</p><h3>Características</h3><ul><li>Estampa listrada</li><li>Folha dupla</li><li>Alta absorção</li><li>Ideal para festas e eventos</li></ul><p><strong>📋 Especificações do produto</strong></p><ul><li><strong>Material:</strong> Papel</li><li><strong>Tamanho:</strong> 33 x 33 cm</li><li><strong>Quantidade:</strong> 20 unidades</li></ul>
<p><strong>Dica:</strong> Combine com copos e pratos descartáveis da mesma estampa para uma mesa coordenada.</p><p><strong>🚚 Frete e prazo</strong></p><p>Calcule o frete e o prazo de entrega informando seu CEP antes de finalizar a compra.</p><p><strong>💡 Dica</strong></p><p>Combine com outros artigos de festa para uma mesa completa e harmoniosa.</p><p><strong>❤️ Garanta o seu</strong></p><p>Garanta agora <strong>Guardanapo de Papel Listrado 33x33cm</strong> e deixe sua festa ou evento ainda mais especial!</p>","Guardanapo de papel listrado 33x33cm, folha dupla. Ideal para festas.",,"media://products/4-38.png,media://products/6-37.png,media://products/7-36.png,media://products/8-35.png,media://products/9-29.png",15.90,,,,,1,,Artigos de Festa,Descartáveis,Guardanapos,,,0,,,,,,
 9868563,,28694148,,,,,,,,,,,"<p><strong>✨ Descrição completa — Guardanapo de Papel Listrado 33x33cm</strong></p><p>O <strong>Guardanapo de Papel Listrado 33x33cm</strong> é ideal para compor mesas de festa modernas e cheias de estilo.</p>
<p>Com estampa listrada e acabamento em folha dupla, oferece excelente absorção e resistência, sendo perfeito para festas infantis, aniversários, eventos e comemorações temáticas.</p><h3>Características</h3><ul><li>Estampa listrada</li><li>Folha dupla</li><li>Alta absorção</li><li>Ideal para festas e eventos</li></ul><p><strong>📋 Especificações do produto</strong></p><ul><li><strong>Material:</strong> Papel</li><li><strong>Tamanho:</strong> 33 x 33 cm</li><li><strong>Quantidade:</strong> 20 unidades</li></ul>
<p><strong>Dica:</strong> Combine com copos e pratos descartáveis da mesma estampa para uma mesa coordenada.</p><p><strong>🚚 Frete e prazo</strong></p><p>Calcule o frete e o prazo de entrega informando seu CEP antes de finalizar a compra.</p><p><strong>💡 Dica</strong></p><p>Combine com outros artigos de festa para uma mesa completa e harmoniosa.</p><p><strong>❤️ Garanta o seu</strong></p><p>Garanta agora <strong>Guardanapo de Papel Listrado 33x33cm</strong> e deixe sua festa ou evento ainda mais especial!</p>","Guardanapo de papel listrado 33x33cm, folha dupla. Ideal para festas.",,"media://products/4-38.png,media://products/6-37.png,media://products/7-36.png,media://products/8-35.png,media://products/9-29.png",,,,,,1,,Artigos de Festa,Descartáveis,Guardanapos,,,0,Vermelho,,,,,
 9868563,,28694149,,,,,,,,,,,"<p><strong>✨ Descrição completa — Guardanapo de Papel Listrado 33x33cm</strong></p><p>O <strong>Guardanapo de Papel Listrado 33x33cm</strong> é ideal para compor mesas de festa modernas e cheias de estilo.</p>
<p>Com estampa listrada e acabamento em folha dupla, oferece excelente absorção e resistência, sendo perfeito para festas infantis, aniversários, eventos e comemorações temáticas.</p><h3>Características</h3><ul><li>Estampa listrada</li><li>Folha dupla</li><li>Alta absorção</li><li>Ideal para festas e eventos</li></ul><p><strong>📋 Especificações do produto</strong></p><ul><li><strong>Material:</strong> Papel</li><li><strong>Tamanho:</strong> 33 x 33 cm</li><li><strong>Quantidade:</strong> 20 unidades</li></ul>
<p><strong>Dica:</strong> Combine com copos e pratos descartáveis da mesma estampa para uma mesa coordenada.</p><p><strong>🚚 Frete e prazo</strong></p><p>Calcule o frete e o prazo de entrega informando seu CEP antes de finalizar a compra.</p><p><strong>💡 Dica</strong></p><p>Combine com outros artigos de festa para uma mesa completa e harmoniosa.</p><p><strong>❤️ Garanta o seu</strong></p><p>Garanta agora <strong>Guardanapo de Papel Listrado 33x33cm</strong> e deixe sua festa ou evento ainda mais especial!</p>","Guardanapo de papel listrado 33x33cm, folha dupla. Ideal para festas.",,"media://products/4-38.png,media://products/6-37.png,media://products/7-36.png,media://products/8-35.png,media://products/9-29.png",,,,,,1,,Artigos de Festa,Descartáveis,Guardanapos,,,0,Amarelo,,,,,
 9868563,,28694150,,,,,,,,,,,"<p><strong>✨ Descrição completa — Guardanapo de Papel Listrado 33x33cm</strong></p><p>O <strong>Guardanapo de Papel Listrado 33x33cm</strong> é ideal para compor mesas de festa modernas e cheias de estilo.</p>
<p>Com estampa listrada e acabamento em folha dupla, oferece excelente absorção e resistência, sendo perfeito para festas infantis, aniversários, eventos e comemorações temáticas.</p><h3>Características</h3><ul><li>Estampa listrada</li><li>Folha dupla</li><li>Alta absorção</li><li>Ideal para festas e eventos</li></ul><p><strong>📋 Especificações do produto</strong></p><ul><li><strong>Material:</strong> Papel</li><li><strong>Tamanho:</strong> 33 x 33 cm</li><li><strong>Quantidade:</strong> 20 unidades</li></ul>
<p><strong>Dica:</strong> Combine com copos e pratos descartáveis da mesma estampa para uma mesa coordenada.</p><p><strong>🚚 Frete e prazo</strong></p><p>Calcule o frete e o prazo de entrega informando seu CEP antes de finalizar a compra.</p><p><strong>💡 Dica</strong></p><p>Combine com outros artigos de festa para uma mesa completa e harmoniosa.</p><p><strong>❤️ Garanta o seu</strong></p><p>Garanta agora <strong>Guardanapo de Papel Listrado 33x33cm</strong> e deixe sua festa ou evento ainda mais especial!</p>","Guardanapo de papel listrado 33x33cm, folha dupla. Ideal para festas.",,"media://products/4-38.png,media://products/6-37.png,media://products/7-36.png,media://products/8-35.png,media://products/9-29.png",,,,,,1,,Artigos de Festa,Descartáveis,Guardanapos,,,0,Preto,,,,,
 9868563,,28694151,,,,,,,,,,,"<p><strong>✨ Descrição completa — Guardanapo de Papel Listrado 33x33cm</strong></p><p>O <strong>Guardanapo de Papel Listrado 33x33cm</strong> é ideal para compor mesas de festa modernas e cheias de estilo.</p>
<p>Com estampa listrada e acabamento em folha dupla, oferece excelente absorção e resistência, sendo perfeito para festas infantis, aniversários, eventos e comemorações temáticas.</p><h3>Características</h3><ul><li>Estampa listrada</li><li>Folha dupla</li><li>Alta absorção</li><li>Ideal para festas e eventos</li></ul><p><strong>📋 Especificações do produto</strong></p><ul><li><strong>Material:</strong> Papel</li><li><strong>Tamanho:</strong> 33 x 33 cm</li><li><strong>Quantidade:</strong> 20 unidades</li></ul>
<p><strong>Dica:</strong> Combine com copos e pratos descartáveis da mesma estampa para uma mesa coordenada.</p><p><strong>🚚 Frete e prazo</strong></p><p>Calcule o frete e o prazo de entrega informando seu CEP antes de finalizar a compra.</p><p><strong>💡 Dica</strong></p><p>Combine com outros artigos de festa para uma mesa completa e harmoniosa.</p><p><strong>❤️ Garanta o seu</strong></p><p>Garanta agora <strong>Guardanapo de Papel Listrado 33x33cm</strong> e deixe sua festa ou evento ainda mais especial!</p>","Guardanapo de papel listrado 33x33cm, folha dupla. Ideal para festas.",,"media://products/4-38.png,media://products/6-37.png,media://products/7-36.png,media://products/8-35.png,media://products/9-29.png",,,,,,1,,Artigos de Festa,Descartáveis,Guardanapos,,,0,Rosa Bebê,,,,,
 9868563,,28694153,,,,,,,,,,,"<p><strong>✨ Descrição completa — Guardanapo de Papel Listrado 33x33cm</strong></p><p>O <strong>Guardanapo de Papel Listrado 33x33cm</strong> é ideal para compor mesas de festa modernas e cheias de estilo.</p>
<p>Com estampa listrada e acabamento em folha dupla, oferece excelente absorção e resistência, sendo perfeito para festas infantis, aniversários, eventos e comemorações temáticas.</p><h3>Características</h3><ul><li>Estampa listrada</li><li>Folha dupla</li><li>Alta absorção</li><li>Ideal para festas e eventos</li></ul><p><strong>📋 Especificações do produto</strong></p><ul><li><strong>Material:</strong> Papel</li><li><strong>Tamanho:</strong> 33 x 33 cm</li><li><strong>Quantidade:</strong> 20 unidades</li></ul>
<p><strong>Dica:</strong> Combine com copos e pratos descartáveis da mesma estampa para uma mesa coordenada.</p><p><strong>🚚 Frete e prazo</strong></p><p>Calcule o frete e o prazo de entrega informando seu CEP antes de finalizar a compra.</p><p><strong>💡 Dica</strong></p><p>Combine com outros artigos de festa para uma mesa completa e harmoniosa.</p><p><strong>❤️ Garanta o seu</strong></p><p>Garanta agora <strong>Guardanapo de Papel Listrado 33x33cm</strong> e deixe sua festa ou evento ainda mais especial!</p>","Guardanapo de papel listrado 33x33cm, folha dupla. Ideal para festas.",,"media://products/4-38.png,media://products/6-37.png,media://products/7-36.png,media://products/8-35.png,media://products/9-29.png",,,,,,1,,Artigos de Festa,Descartáveis,Guardanapos,,,0,Azul Bebê,,,,,
9868536,,,,Guardanapo de Papel Xadrez Amarelo 33x33cm – 20 Unidades,/guardanapo-de-papel-xadrez-amarelo-33x33cm-20-unidades,"0,120",17.00,17.00,3.00,,,,"<p><strong>✨ Descrição completa — Guardanapo de Papel Xadrez Amarelo 33x33cm – 20 Unidades</strong></p><p>O <strong>Guardanapo de Papel Xadrez Amarelo 33x33cm</strong> é perfeito para compor mesas de festa com charme e estilo.</p>
<p>Fabricado em papel folha dupla, oferece excelente absorção e resistência, sendo ideal para aniversários, festas temáticas, eventos e comemorações em geral.</p><h3>Características</h3><ul><li>Estampa xadrez</li><li>Folha dupla</li><li>Alta absorção</li><li>Ideal para festas e eventos</li></ul><p><strong>📋 Especificações do produto</strong></p><ul><li><strong>Material:</strong> Papel</li><li><strong>Tamanho:</strong> 33 x 33 cm</li><li><strong>Quantidade:</strong> 20 unidades</li></ul>
<p><strong>Dica:</strong> Combine com copos e pratos descartáveis da mesma estampa para uma mesa harmoniosa.</p><p><strong>🚚 Frete e prazo</strong></p><p>Calcule o frete e o prazo de entrega informando seu CEP antes de finalizar a compra.</p><p><strong>💡 Dica</strong></p><p>Combine com outros artigos de festa para uma mesa completa e harmoniosa.</p><p><strong>❤️ Garanta o seu</strong></p><p>Garanta agora <strong>Guardanapo de Papel Xadrez Amarelo 33x33cm – 20 Unidades</strong> e deixe sua festa ou evento ainda mais especial!</p>","Guardanapo de papel xadrez amarelo 33x33cm, folha dupla. Ideal para festas.",,media://products/3-39.png,15.90,,,,,1,,Artigos de Festa,Descartáveis,Guardanapos,,,0,,,,,,
 9868536,,28694025,,,,,,,,,,,"<p><strong>✨ Descrição completa — Guardanapo de Papel Xadrez Amarelo 33x33cm – 20 Unidades</strong></p><p>O <strong>Guardanapo de Papel Xadrez Amarelo 33x33cm</strong> é perfeito para compor mesas de festa com charme e estilo.</p>
<p>Fabricado em papel folha dupla, oferece excelente absorção e resistência, sendo ideal para aniversários, festas temáticas, eventos e comemorações em geral.</p><h3>Características</h3><ul><li>Estampa xadrez</li><li>Folha dupla</li><li>Alta absorção</li><li>Ideal para festas e eventos</li></ul><p><strong>📋 Especificações do produto</strong></p><ul><li><strong>Material:</strong> Papel</li><li><strong>Tamanho:</strong> 33 x 33 cm</li><li><strong>Quantidade:</strong> 20 unidades</li></ul>
<p><strong>Dica:</strong> Combine com copos e pratos descartáveis da mesma estampa para uma mesa harmoniosa.</p><p><strong>🚚 Frete e prazo</strong></p><p>Calcule o frete e o prazo de entrega informando seu CEP antes de finalizar a compra.</p><p><strong>💡 Dica</strong></p><p>Combine com outros artigos de festa para uma mesa completa e harmoniosa.</p><p><strong>❤️ Garanta o seu</strong></p><p>Garanta agora <strong>Guardanapo de Papel Xadrez Amarelo 33x33cm – 20 Unidades</strong> e deixe sua festa ou evento ainda mais especial!</p>","Guardanapo de papel xadrez amarelo 33x33cm, folha dupla. Ideal para festas.",,media://products/3-39.png,,,,,,1,,Artigos de Festa,Descartáveis,Guardanapos,,,0,Amarelo,,,,,
9868526,,,,Guardanapo de Papel Xadrez Azul 33x33cm – 20 Unidades,/guardanapo-de-papel-xadrez-azul-33x33cm-20-unidades,"0,120",17.00,17.00,3.00,,,,"<p><strong>✨ Descrição completa — Guardanapo de Papel Xadrez Azul 33x33cm – 20 Unidades</strong></p><p>O <strong>Guardanapo de Papel Xadrez Azul 33x33cm</strong> é perfeito para compor mesas de festa com charme e estilo.</p>
<p>Fabricado em papel folha dupla, oferece excelente absorção e resistência, sendo ideal para aniversários, festas temáticas, eventos e comemorações em geral.</p><h3>Características</h3><ul><li>Estampa xadrez</li><li>Folha dupla</li><li>Alta absorção</li><li>Ideal para festas e eventos</li></ul><p><strong>📋 Especificações do produto</strong></p><ul><li><strong>Material:</strong> Papel</li><li><strong>Tamanho:</strong> 33 x 33 cm</li><li><strong>Quantidade:</strong> 20 unidades</li></ul>
<p><strong>Dica:</strong> Combine com copos e pratos descartáveis da mesma estampa para uma mesa harmoniosa.</p><p><strong>🚚 Frete e prazo</strong></p><p>Calcule o frete e o prazo de entrega informando seu CEP antes de finalizar a compra.</p><p><strong>💡 Dica</strong></p><p>Combine com outros artigos de festa para uma mesa completa e harmoniosa.</p><p><strong>❤️ Garanta o seu</strong></p><p>Garanta agora <strong>Guardanapo de Papel Xadrez Azul 33x33cm – 20 Unidades</strong> e deixe sua festa ou evento ainda mais especial!</p>","Guardanapo de papel xadrez azul 33x33cm, folha dupla. Ideal para festas.",,media://products/2-39.png,15.90,,,,,1,,Artigos de Festa,Descartáveis,Guardanapos,,,0,,,,,,
 9868526,,28693992,,,,,,,,,,,"<p><strong>✨ Descrição completa — Guardanapo de Papel Xadrez Azul 33x33cm – 20 Unidades</strong></p><p>O <strong>Guardanapo de Papel Xadrez Azul 33x33cm</strong> é perfeito para compor mesas de festa com charme e estilo.</p>
<p>Fabricado em papel folha dupla, oferece excelente absorção e resistência, sendo ideal para aniversários, festas temáticas, eventos e comemorações em geral.</p><h3>Características</h3><ul><li>Estampa xadrez</li><li>Folha dupla</li><li>Alta absorção</li><li>Ideal para festas e eventos</li></ul><p><strong>📋 Especificações do produto</strong></p><ul><li><strong>Material:</strong> Papel</li><li><strong>Tamanho:</strong> 33 x 33 cm</li><li><strong>Quantidade:</strong> 20 unidades</li></ul>
<p><strong>Dica:</strong> Combine com copos e pratos descartáveis da mesma estampa para uma mesa harmoniosa.</p><p><strong>🚚 Frete e prazo</strong></p><p>Calcule o frete e o prazo de entrega informando seu CEP antes de finalizar a compra.</p><p><strong>💡 Dica</strong></p><p>Combine com outros artigos de festa para uma mesa completa e harmoniosa.</p><p><strong>❤️ Garanta o seu</strong></p><p>Garanta agora <strong>Guardanapo de Papel Xadrez Azul 33x33cm – 20 Unidades</strong> e deixe sua festa ou evento ainda mais especial!</p>","Guardanapo de papel xadrez azul 33x33cm, folha dupla. Ideal para festas.",,media://products/2-39.png,,,,,,1,,Artigos de Festa,Descartáveis,Guardanapos,,,0,Azul,,,,,
9868530,,,,Guardanapo de Papel Xadrez Vermelho 33x33cm – 20 Unidades,/guardanapo-de-papel-xadrez-vermelho-33x33cm-20-unidades,"0,120",17.00,17.00,3.00,,,,"<p><strong>✨ Descrição completa — Guardanapo de Papel Xadrez Vermelho 33x33cm – 20 Unidades</strong></p><p>O <strong>Guardanapo de Papel Xadrez Vermelho 33x33cm</strong> é perfeito para compor mesas de festa com charme e estilo.</p>
<p>Fabricado em papel folha dupla, oferece excelente absorção e resistência, sendo ideal para aniversários, festas temáticas, eventos e comemorações em geral.</p><h3>Características</h3><ul><li>Estampa xadrez</li><li>Folha dupla</li><li>Alta absorção</li><li>Ideal para festas e eventos</li></ul><p><strong>📋 Especificações do produto</strong></p><ul><li><strong>Material:</strong> Papel</li><li><strong>Tamanho:</strong> 33 x 33 cm</li><li><strong>Quantidade:</strong> 20 unidades</li></ul>
<p><strong>Dica:</strong> Combine com copos e pratos descartáveis da mesma estampa para uma mesa harmoniosa.</p><p><strong>🚚 Frete e prazo</strong></p><p>Calcule o frete e o prazo de entrega informando seu CEP antes de finalizar a compra.</p><p><strong>💡 Dica</strong></p><p>Combine com outros artigos de festa para uma mesa completa e harmoniosa.</p><p><strong>❤️ Garanta o seu</strong></p><p>Garanta agora <strong>Guardanapo de Papel Xadrez Vermelho 33x33cm – 20 Unidades</strong> e deixe sua festa ou evento ainda mais especial!</p>","Guardanapo de papel xadrez vermelho 33x33cm, folha dupla. Ideal para festas.",,media://products/1-37.png,15.90,,,,,1,,Artigos de Festa,Descartáveis,Guardanapos,,,0,,,,,,
 9868530,,28694015,,,,,,,,,,,"<p><strong>✨ Descrição completa — Guardanapo de Papel Xadrez Vermelho 33x33cm – 20 Unidades</strong></p><p>O <strong>Guardanapo de Papel Xadrez Vermelho 33x33cm</strong> é perfeito para compor mesas de festa com charme e estilo.</p>
<p>Fabricado em papel folha dupla, oferece excelente absorção e resistência, sendo ideal para aniversários, festas temáticas, eventos e comemorações em geral.</p><h3>Características</h3><ul><li>Estampa xadrez</li><li>Folha dupla</li><li>Alta absorção</li><li>Ideal para festas e eventos</li></ul><p><strong>📋 Especificações do produto</strong></p><ul><li><strong>Material:</strong> Papel</li><li><strong>Tamanho:</strong> 33 x 33 cm</li><li><strong>Quantidade:</strong> 20 unidades</li></ul>
<p><strong>Dica:</strong> Combine com copos e pratos descartáveis da mesma estampa para uma mesa harmoniosa.</p><p><strong>🚚 Frete e prazo</strong></p><p>Calcule o frete e o prazo de entrega informando seu CEP antes de finalizar a compra.</p><p><strong>💡 Dica</strong></p><p>Combine com outros artigos de festa para uma mesa completa e harmoniosa.</p><p><strong>❤️ Garanta o seu</strong></p><p>Garanta agora <strong>Guardanapo de Papel Xadrez Vermelho 33x33cm – 20 Unidades</strong> e deixe sua festa ou evento ainda mais especial!</p>","Guardanapo de papel xadrez vermelho 33x33cm, folha dupla. Ideal para festas.",,media://products/1-37.png,,,,,,1,,Artigos de Festa,Descartáveis,Guardanapos,,,0,Vermelho,,,,,
9838980,,,,Toalha de Mesa Metalizada 137 x 183 cm,/toalha-de-mesa-metalizada,"0,250",25.00,25.00,2.00,Toalha de Mesa Metalizada 137x183 cm | Decoração para Festas,"Toalha de mesa metalizada 137x183 cm com acabamento brilhante. Ideal para festas, eventos e decorações especiais.","toalha de mesa metalizada, decoração de festa, toalha descartável, festa metalizada, toalha dourada, toalha prateada","<p><strong>✨ Descrição completa — Toalha de Mesa Metalizada 137 x 183 cm</strong></p><p>A <strong>Toalha de Mesa Metalizada 137 x 183 cm</strong> é ideal para transformar a decoração de festas e eventos com praticidade e impacto visual.</p>
<p>Fabricada em material plástico resistente com acabamento metalizado, proporciona um visual elegante e moderno, sendo perfeita para aniversários, festas temáticas, confraternizações e eventos especiais.</p>
<p>Fácil de usar e descartar, é uma solução prática para proteger a mesa e valorizar a decoração.</p><h3>Características</h3><ul><li>Acabamento metalizado brilhante</li><li>Material leve e resistente</li><li>Fácil de usar e descartar</li><li>Ideal para festas e eventos</li></ul><p><strong>📋 Especificações do produto</strong></p><ul><li><strong>Dimensões:</strong> 137 x 183 cm</li><li><strong>Material:</strong> Plástico metalizado</li><li><strong>Conteúdo da embalagem:</strong> 1 unidade</li></ul>
<p><strong>🚚 Frete e prazo</strong></p><p>Calcule o frete e o prazo de entrega informando seu CEP antes de finalizar a compra.</p><p><strong>💡 Dica</strong></p><p>Combine com outros artigos de festa para uma mesa completa e harmoniosa.</p><p><strong>❤️ Garanta o seu</strong></p><p>Garanta agora <strong>Toalha de Mesa Metalizada 137 x 183 cm</strong> e deixe sua festa ou evento ainda mais especial!</p>","Toalha de mesa metalizada com acabamento brilhante. Ideal para festas, eventos e comemorações.",,"media://products/1-13.png,media://products/2-14.png",30.90,,,,,1,,Artigos de Festa,Toalha de Mesa,,,,10,,,,,,
 9838980,,28607001,,,,,,,,Toalha de Mesa Metalizada 137x183 cm | Decoração para Festas,"Toalha de mesa metalizada 137x183 cm com acabamento brilhante. Ideal para festas, eventos e decorações especiais.","toalha de mesa metalizada, decoração de festa, toalha descartável, festa metalizada, toalha dourada, toalha prateada","<p><strong>✨ Descrição completa — Toalha de Mesa Metalizada 137 x 183 cm</strong></p><p>A <strong>Toalha de Mesa Metalizada 137 x 183 cm</strong> é ideal para transformar a decoração de festas e eventos com praticidade e impacto visual.</p>
<p>Fabricada em material plástico resistente com acabamento metalizado, proporciona um visual elegante e moderno, sendo perfeita para aniversários, festas temáticas, confraternizações e eventos especiais.</p>
<p>Fácil de usar e descartar, é uma solução prática para proteger a mesa e valorizar a decoração.</p><h3>Características</h3><ul><li>Acabamento metalizado brilhante</li><li>Material leve e resistente</li><li>Fácil de usar e descartar</li><li>Ideal para festas e eventos</li></ul><p><strong>📋 Especificações do produto</strong></p><ul><li><strong>Dimensões:</strong> 137 x 183 cm</li><li><strong>Material:</strong> Plástico metalizado</li><li><strong>Conteúdo da embalagem:</strong> 1 unidade</li></ul>
<p><strong>🚚 Frete e prazo</strong></p><p>Calcule o frete e o prazo de entrega informando seu CEP antes de finalizar a compra.</p><p><strong>💡 Dica</strong></p><p>Combine com outros artigos de festa para uma mesa completa e harmoniosa.</p><p><strong>❤️ Garanta o seu</strong></p><p>Garanta agora <strong>Toalha de Mesa Metalizada 137 x 183 cm</strong> e deixe sua festa ou evento ainda mais especial!</p>","Toalha de mesa metalizada com acabamento brilhante. Ideal para festas, eventos e comemorações.",,"media://products/1-13.png,media://products/2-14.png",,,,,,1,,Artigos de Festa,Toalha de Mesa,,,,10,Dourado,,,,,TOA-DD-1
 9838980,,28607017,,,,,,,,Toalha de Mesa Metalizada 137x183 cm | Decoração para Festas,"Toalha de mesa metalizada 137x183 cm com acabamento brilhante. Ideal para festas, eventos e decorações especiais.","toalha de mesa metalizada, decoração de festa, toalha descartável, festa metalizada, toalha dourada, toalha prateada","<p><strong>✨ Descrição completa — Toalha de Mesa Metalizada 137 x 183 cm</strong></p><p>A <strong>Toalha de Mesa Metalizada 137 x 183 cm</strong> é ideal para transformar a decoração de festas e eventos com praticidade e impacto visual.</p>
<p>Fabricada em material plástico resistente com acabamento metalizado, proporciona um visual elegante e moderno, sendo perfeita para aniversários, festas temáticas, confraternizações e eventos especiais.</p>
<p>Fácil de usar e descartar, é uma solução prática para proteger a mesa e valorizar a decoração.</p><h3>Características</h3><ul><li>Acabamento metalizado brilhante</li><li>Material leve e resistente</li><li>Fácil de usar e descartar</li><li>Ideal para festas e eventos</li></ul><p><strong>📋 Especificações do produto</strong></p><ul><li><strong>Dimensões:</strong> 137 x 183 cm</li><li><strong>Material:</strong> Plástico metalizado</li><li><strong>Conteúdo da embalagem:</strong> 1 unidade</li></ul>
<p><strong>🚚 Frete e prazo</strong></p><p>Calcule o frete e o prazo de entrega informando seu CEP antes de finalizar a compra.</p><p><strong>💡 Dica</strong></p><p>Combine com outros artigos de festa para uma mesa completa e harmoniosa.</p><p><strong>❤️ Garanta o seu</strong></p><p>Garanta agora <strong>Toalha de Mesa Metalizada 137 x 183 cm</strong> e deixe sua festa ou evento ainda mais especial!</p>","Toalha de mesa metalizada com acabamento brilhante. Ideal para festas, eventos e comemorações.",,"media://products/1-13.png,media://products/2-14.png",,,,,,1,,Artigos de Festa,Toalha de Mesa,,,,10,Prata,,,,,TOA-PR-2
9838991,,,,Toalha de Mesa Metalizada 137 x 274 cm,/toalha-de-mesa-metalizada-137x274-cm,"0,350",25.00,25.00,2.00,Toalha de Mesa Metalizada 137x274 cm | Festa e Eventos,"Toalha de mesa metalizada 137x274 cm com acabamento holográfico. Ideal para festas, eventos e mesas grandes.","toalha de mesa metalizada, decoração de festa, toalha descartável, festa metalizada, toalha dourada, toalha prateada","<p><strong>✨ Descrição completa — Toalha de Mesa Metalizada 137 x 274 cm</strong></p><p>A <strong>Toalha de Mesa Metalizada 137 x 274 cm</strong> é perfeita para mesas maiores, oferecendo praticidade e um visual sofisticado para festas e eventos.</p>
<p>Seu acabamento metalizado garante brilho e destaque na decoração, sendo uma excelente escolha para aniversários, eventos temáticos e comemorações especiais.</p><h3>Características</h3><ul><li>Acabamento metalizado brilhante</li><li>Material leve e resistente</li><li>Uso prático e descartável</li><li>Ideal para festas e eventos</li></ul><p><strong>📋 Especificações do produto</strong></p><ul><li><strong>Dimensões:</strong> 137 x 274 cm</li><li><strong>Material:</strong> Plástico metalizado</li><li><strong>Conteúdo da embalagem:</strong> 1 unidade</li></ul>
<p><strong>🚚 Frete e prazo</strong></p><p>Calcule o frete e o prazo de entrega informando seu CEP antes de finalizar a compra.</p><p><strong>💡 Dica</strong></p><p>Combine com outros artigos de festa para uma mesa completa e harmoniosa.</p><p><strong>❤️ Garanta o seu</strong></p><p>Garanta agora <strong>Toalha de Mesa Metalizada 137 x 274 cm</strong> e deixe sua festa ou evento ainda mais especial!</p>",Toalha de mesa metalizada 137 x 274 cm. Ideal para mesas grandes e decorações de festas.,,"media://products/5-14.png,media://products/3-14.png,media://products/4-13.png",30.90,,,,,1,,Artigos de Festa,Toalha de Mesa,,,,10,,,,,,
 9838991,,28607025,,,,,,,,Toalha de Mesa Metalizada 137x274 cm | Festa e Eventos,"Toalha de mesa metalizada 137x274 cm com acabamento holográfico. Ideal para festas, eventos e mesas grandes.","toalha de mesa metalizada, decoração de festa, toalha descartável, festa metalizada, toalha dourada, toalha prateada","<p><strong>✨ Descrição completa — Toalha de Mesa Metalizada 137 x 274 cm</strong></p><p>A <strong>Toalha de Mesa Metalizada 137 x 274 cm</strong> é perfeita para mesas maiores, oferecendo praticidade e um visual sofisticado para festas e eventos.</p>
<p>Seu acabamento metalizado garante brilho e destaque na decoração, sendo uma excelente escolha para aniversários, eventos temáticos e comemorações especiais.</p><h3>Características</h3><ul><li>Acabamento metalizado brilhante</li><li>Material leve e resistente</li><li>Uso prático e descartável</li><li>Ideal para festas e eventos</li></ul><p><strong>📋 Especificações do produto</strong></p><ul><li><strong>Dimensões:</strong> 137 x 274 cm</li><li><strong>Material:</strong> Plástico metalizado</li><li><strong>Conteúdo da embalagem:</strong> 1 unidade</li></ul>
<p><strong>🚚 Frete e prazo</strong></p><p>Calcule o frete e o prazo de entrega informando seu CEP antes de finalizar a compra.</p><p><strong>💡 Dica</strong></p><p>Combine com outros artigos de festa para uma mesa completa e harmoniosa.</p><p><strong>❤️ Garanta o seu</strong></p><p>Garanta agora <strong>Toalha de Mesa Metalizada 137 x 274 cm</strong> e deixe sua festa ou evento ainda mais especial!</p>",Toalha de mesa metalizada 137 x 274 cm. Ideal para mesas grandes e decorações de festas.,,"media://products/5-14.png,media://products/3-14.png,media://products/4-13.png",,,,,,1,,Artigos de Festa,Toalha de Mesa,,,,10,Dourado,,,,,TOA-DD-1
 9838991,,28607026,,,,,,,,Toalha de Mesa Metalizada 137x274 cm | Festa e Eventos,"Toalha de mesa metalizada 137x274 cm com acabamento holográfico. Ideal para festas, eventos e mesas grandes.","toalha de mesa metalizada, decoração de festa, toalha descartável, festa metalizada, toalha dourada, toalha prateada","<p><strong>✨ Descrição completa — Toalha de Mesa Metalizada 137 x 274 cm</strong></p><p>A <strong>Toalha de Mesa Metalizada 137 x 274 cm</strong> é perfeita para mesas maiores, oferecendo praticidade e um visual sofisticado para festas e eventos.</p>
<p>Seu acabamento metalizado garante brilho e destaque na decoração, sendo uma excelente escolha para aniversários, eventos temáticos e comemorações especiais.</p><h3>Características</h3><ul><li>Acabamento metalizado brilhante</li><li>Material leve e resistente</li><li>Uso prático e descartável</li><li>Ideal para festas e eventos</li></ul><p><strong>📋 Especificações do produto</strong></p><ul><li><strong>Dimensões:</strong> 137 x 274 cm</li><li><strong>Material:</strong> Plástico metalizado</li><li><strong>Conteúdo da embalagem:</strong> 1 unidade</li></ul>
<p><strong>🚚 Frete e prazo</strong></p><p>Calcule o frete e o prazo de entrega informando seu CEP antes de finalizar a compra.</p><p><strong>💡 Dica</strong></p><p>Combine com outros artigos de festa para uma mesa completa e harmoniosa.</p><p><strong>❤️ Garanta o seu</strong></p><p>Garanta agora <strong>Toalha de Mesa Metalizada 137 x 274 cm</strong> e deixe sua festa ou evento ainda mais especial!</p>",Toalha de mesa metalizada 137 x 274 cm. Ideal para mesas grandes e decorações de festas.,,"media://products/5-14.png,media://products/3-14.png,media://products/4-13.png",,,,,,1,,Artigos de Festa,Toalha de Mesa,,,,10,Prata,,,,,TOA-PR-2
 9838991,,28607035,,,,,,,,Toalha de Mesa Metalizada 137x274 cm | Festa e Eventos,"Toalha de mesa metalizada 137x274 cm com acabamento holográfico. Ideal para festas, eventos e mesas grandes.","toalha de mesa metalizada, decoração de festa, toalha descartável, festa metalizada, toalha dourada, toalha prateada","<p><strong>✨ Descrição completa — Toalha de Mesa Metalizada 137 x 274 cm</strong></p><p>A <strong>Toalha de Mesa Metalizada 137 x 274 cm</strong> é perfeita para mesas maiores, oferecendo praticidade e um visual sofisticado para festas e eventos.</p>
<p>Seu acabamento metalizado garante brilho e destaque na decoração, sendo uma excelente escolha para aniversários, eventos temáticos e comemorações especiais.</p><h3>Características</h3><ul><li>Acabamento metalizado brilhante</li><li>Material leve e resistente</li><li>Uso prático e descartável</li><li>Ideal para festas e eventos</li></ul><p><strong>📋 Especificações do produto</strong></p><ul><li><strong>Dimensões:</strong> 137 x 274 cm</li><li><strong>Material:</strong> Plástico metalizado</li><li><strong>Conteúdo da embalagem:</strong> 1 unidade</li></ul>
<p><strong>🚚 Frete e prazo</strong></p><p>Calcule o frete e o prazo de entrega informando seu CEP antes de finalizar a compra.</p><p><strong>💡 Dica</strong></p><p>Combine com outros artigos de festa para uma mesa completa e harmoniosa.</p><p><strong>❤️ Garanta o seu</strong></p><p>Garanta agora <strong>Toalha de Mesa Metalizada 137 x 274 cm</strong> e deixe sua festa ou evento ainda mais especial!</p>",Toalha de mesa metalizada 137 x 274 cm. Ideal para mesas grandes e decorações de festas.,,"media://products/5-14.png,media://products/3-14.png,media://products/4-13.png",,,,,,1,,Artigos de Festa,Toalha de Mesa,,,,10,Furta-cor,,,,,TOA-FC-3
9864158,,,,Vela Espiral - Branca,/vela-espiral-branca,"0,080",2.00,4.00,10.00,Vela Espiral Branca | Decoração Clássica,"Vela espiral branca para bolo. Ideal para festas, aniversários e decorações elegantes.",,"<p><strong>✨ Descrição completa — Vela Espiral - Branca</strong></p><p>A <strong>Vela Espiral Branca</strong> é uma opção clássica e elegante para a decoração de bolos.</p>
<p>Com formato espiral e cor branca, proporciona um visual delicado e atemporal, combinando com qualquer tema de festa.</p>
<p>Ideal para aniversários, comemorações especiais e eventos que pedem uma decoração clean.</p><h3>Características</h3><ul><li>Formato espiral decorativo</li><li>Cor branca</li><li>Visual clássico e clean</li><li>Ideal para bolos de aniversário</li></ul><p><strong>📋 Especificações do produto</strong></p><ul><li><strong>Material:</strong> Parafina</li><li><strong>Tipo:</strong> Vela decorativa espiral</li><li><strong>Cor:</strong> Branca</li><li><strong>Conteúdo da embalagem:</strong> 4 velas</li></ul>
<p><strong>🚚 Frete e prazo</strong></p><p>Calcule o frete e o prazo de entrega informando seu CEP antes de finalizar a compra.</p><p><strong>💡 Dica</strong></p><p>Combine com outros artigos de festa para uma mesa completa e harmoniosa.</p><p><strong>❤️ Garanta o seu</strong></p><p>Garanta agora <strong>Vela Espiral - Branca</strong> e deixe sua festa ou evento ainda mais especial!</p>","Vela espiral branca para bolo. Clássica, elegante e ideal para qualquer comemoração.",,media://products/5-36.png,18.90,,,,,1,,Artigos de Festa,Velas,Velas Decorativas,,,10,,,,,,
 9864158,,28680631,,,,,,,,Vela Espiral Branca | Decoração Clássica,"Vela espiral branca para bolo. Ideal para festas, aniversários e decorações elegantes.",,"<p><strong>✨ Descrição completa — Vela Espiral - Branca</strong></p><p>A <strong>Vela Espiral Branca</strong> é uma opção clássica e elegante para a decoração de bolos.</p>
<p>Com formato espiral e cor branca, proporciona um visual delicado e atemporal, combinando com qualquer tema de festa.</p>
<p>Ideal para aniversários, comemorações especiais e eventos que pedem uma decoração clean.</p><h3>Características</h3><ul><li>Formato espiral decorativo</li><li>Cor branca</li><li>Visual clássico e clean</li><li>Ideal para bolos de aniversário</li></ul><p><strong>📋 Especificações do produto</strong></p><ul><li><strong>Material:</strong> Parafina</li><li><strong>Tipo:</strong> Vela decorativa espiral</li><li><strong>Cor:</strong> Branca</li><li><strong>Conteúdo da embalagem:</strong> 4 velas</li></ul>
<p><strong>🚚 Frete e prazo</strong></p><p>Calcule o frete e o prazo de entrega informando seu CEP antes de finalizar a compra.</p><p><strong>💡 Dica</strong></p><p>Combine com outros artigos de festa para uma mesa completa e harmoniosa.</p><p><strong>❤️ Garanta o seu</strong></p><p>Garanta agora <strong>Vela Espiral - Branca</strong> e deixe sua festa ou evento ainda mais especial!</p>","Vela espiral branca para bolo. Clássica, elegante e ideal para qualquer comemoração.",,media://products/5-36.png,,,,,,1,,Artigos de Festa,Velas,Velas Decorativas,,,10,,,,,,
9863864,,,,Vela Espiral - Colorida,/vela-espiral-colorida,"0,100",3.00,5.00,9.00,Vela Espiral Colorida | Decoração de Festa,"Vela espiral colorida para bolo. Clássica e decorativa, ideal para aniversários e festas.","vela espiral, vela colorida, vela para bolo, vela aniversário, decoração de festa","<p><strong>✨ Descrição completa — Vela Espiral - Colorida</strong></p><p>A <strong>Vela Espiral Colorida</strong> é um clássico da decoração de bolos, trazendo cor e movimento para aniversários e comemorações.</p>
<p>Com formato espiral e cores sortidas, é perfeita para festas infantis e celebrações em geral, combinando facilmente com diversos temas.</p>
<p>Prática e decorativa, valoriza o bolo de forma simples e alegre.</p><h3>Características</h3><ul><li>Formato espiral decorativo</li><li>Cores sortidas</li><li>Ideal para bolos de aniversário</li><li>Visual alegre e clássico</li></ul><p><strong>📋 Especificações do produto</strong></p><ul><li><strong>Material:</strong> Parafina</li><li><strong>Tipo:</strong> Vela decorativa espiral</li><li><strong>Altura:</strong> 8 cm</li><li><strong>Conteúdo da embalagem:</strong> 10 velas</li></ul>
<p><strong>🚚 Frete e prazo</strong></p><p>Calcule o frete e o prazo de entrega informando seu CEP antes de finalizar a compra.</p><p><strong>💡 Dica</strong></p><p>Combine com outros artigos de festa para uma mesa completa e harmoniosa.</p><p><strong>❤️ Garanta o seu</strong></p><p>Garanta agora <strong>Vela Espiral - Colorida</strong> e deixe sua festa ou evento ainda mais especial!</p>",Vela espiral colorida para bolo. Ideal para aniversários e comemorações.,,media://products/11-23.png,11.90,,,,,1,,Artigos de Festa,Velas,Velas Decorativas,,,10,,,,,,
 9863864,,28679724,,,,,,,,Vela Espiral Colorida | Decoração de Festa,"Vela espiral colorida para bolo. Clássica e decorativa, ideal para aniversários e festas.","vela espiral, vela colorida, vela para bolo, vela aniversário, decoração de festa","<p><strong>✨ Descrição completa — Vela Espiral - Colorida</strong></p><p>A <strong>Vela Espiral Colorida</strong> é um clássico da decoração de bolos, trazendo cor e movimento para aniversários e comemorações.</p>
<p>Com formato espiral e cores sortidas, é perfeita para festas infantis e celebrações em geral, combinando facilmente com diversos temas.</p>
<p>Prática e decorativa, valoriza o bolo de forma simples e alegre.</p><h3>Características</h3><ul><li>Formato espiral decorativo</li><li>Cores sortidas</li><li>Ideal para bolos de aniversário</li><li>Visual alegre e clássico</li></ul><p><strong>📋 Especificações do produto</strong></p><ul><li><strong>Material:</strong> Parafina</li><li><strong>Tipo:</strong> Vela decorativa espiral</li><li><strong>Altura:</strong> 8 cm</li><li><strong>Conteúdo da embalagem:</strong> 10 velas</li></ul>
<p><strong>🚚 Frete e prazo</strong></p><p>Calcule o frete e o prazo de entrega informando seu CEP antes de finalizar a compra.</p><p><strong>💡 Dica</strong></p><p>Combine com outros artigos de festa para uma mesa completa e harmoniosa.</p><p><strong>❤️ Garanta o seu</strong></p><p>Garanta agora <strong>Vela Espiral - Colorida</strong> e deixe sua festa ou evento ainda mais especial!</p>",Vela espiral colorida para bolo. Ideal para aniversários e comemorações.,,media://products/11-23.png,,,,,,1,,Artigos de Festa,Velas,Velas Decorativas,,,10,,,,,,
9864164,,,,Vela Metalizada Torcida - Branca - 15 cm,/vela-metalizada-torcida-branca-15cm,"0,100",3.00,5.00,17.00,Vela Metalizada Torcida Branca 15 cm | Decoração de Festa,Vela metalizada torcida branca 15 cm para bolo. Ideal para festas elegantes e decorações clássicas.,,"<p><strong>✨ Descrição completa — Vela Metalizada Torcida - Branca - 15 cm</strong></p><p>A <strong>Vela Metalizada Torcida Branca 15 cm</strong> é ideal para quem busca uma decoração elegante e diferenciada para bolos.</p><p>Com formato torcido e acabamento <strong>metalizado</strong> na cor branca, proporciona um visual sofisticado que valoriza aniversários, festas clássicas e comemorações especiais.</p><p>Seu design moderno combina perfeitamente com decorações clean e minimalistas.</p><h3>Características</h3><ul><li>Formato torcido decorativo</li><li>Acabamento metalizado branco</li><li>Visual elegante e moderno</li><li>Ideal para bolos de aniversário</li></ul><p><strong>📋 Especificações do produto</strong></p><ul><li><strong>Material:</strong> Parafina</li><li><strong>Tipo:</strong> Vela decorativa torcida</li><li><strong>Altura:</strong> 15 cm</li><li><strong>Cor:</strong> Branca</li><li><strong>Conteúdo da embalagem:</strong> 4 velas</li></ul>
<p><strong>🚚 Frete e prazo</strong></p><p>Calcule o frete e o prazo de entrega informando seu CEP antes de finalizar a compra.</p><p><strong>💡 Dica</strong></p><p>Combine com outros artigos de festa para uma mesa completa e harmoniosa.</p><p><strong>❤️ Garanta o seu</strong></p><p>Garanta agora <strong>Vela Metalizada Torcida - Branca - 15 cm</strong> e deixe sua festa ou evento ainda mais especial!</p>",Vela metalizada torcida branca 15 cm para bolo. Sofisticação e elegância na decoração.,,media://products/3-36.png,,,,,,1,,,,,,,0,,,,,,
 9864164,,28680647,,,,,,,,Vela Metalizada Torcida Branca 15 cm | Decoração de Festa,Vela metalizada torcida branca 15 cm para bolo. Ideal para festas elegantes e decorações clássicas.,,"<p><strong>✨ Descrição completa — Vela Metalizada Torcida - Branca - 15 cm</strong></p><p>A <strong>Vela Metalizada Torcida Branca 15 cm</strong> é ideal para quem busca uma decoração elegante e diferenciada para bolos.</p><p>Com formato torcido e acabamento <strong>metalizado</strong> na cor branca, proporciona um visual sofisticado que valoriza aniversários, festas clássicas e comemorações especiais.</p><p>Seu design moderno combina perfeitamente com decorações clean e minimalistas.</p><h3>Características</h3><ul><li>Formato torcido decorativo</li><li>Acabamento metalizado branco</li><li>Visual elegante e moderno</li><li>Ideal para bolos de aniversário</li></ul><p><strong>📋 Especificações do produto</strong></p><ul><li><strong>Material:</strong> Parafina</li><li><strong>Tipo:</strong> Vela decorativa torcida</li><li><strong>Altura:</strong> 15 cm</li><li><strong>Cor:</strong> Branca</li><li><strong>Conteúdo da embalagem:</strong> 4 velas</li></ul>
<p><strong>🚚 Frete e prazo</strong></p><p>Calcule o frete e o prazo de entrega informando seu CEP antes de finalizar a compra.</p><p><strong>💡 Dica</strong></p><p>Combine com outros artigos de festa para uma mesa completa e harmoniosa.</p><p><strong>❤️ Garanta o seu</strong></p><p>Garanta agora <strong>Vela Metalizada Torcida - Branca - 15 cm</strong> e deixe sua festa ou evento ainda mais especial!</p>",Vela metalizada torcida branca 15 cm para bolo. Sofisticação e elegância na decoração.,,media://products/3-36.png,,,,,,1,,,,,,,0,,,,,,
9839098,,,,Vela Neon Glitter - Azul,/vela-neon-glitter-azul,"3,030",2.00,4.00,10.00,Vela Neon Glitter - Azul | Decoração para Festa,"Vela Neon Glitter - Azul para bolo. Efeito neon e glitter, visual moderno e fácil de usar. Ideal para aniversários e festas temáticas.","vela para bolo, vela neon glitter, vela de aniversário, vela número, decoração de bolo","<p><strong>✨ Descrição completa — Vela Neon Glitter - Azul</strong></p><p>A <strong>Vela Neon Glitter Azul</strong> é perfeita para destacar o bolo e deixar a comemoração ainda mais especial.</p>
<p>Com acabamento em <strong>glitter</strong> e cores vibrantes, traz um visual moderno e alegre, ideal para aniversários, festas temáticas e celebrações especiais.</p>
<p>Disponível em diversos números e cores, permite personalizar o bolo de acordo com a idade ou ocasião.</p><h3>Características</h3><ul><li>Acabamento com efeito glitter</li><li>Cores vibrantes e modernas</li><li>Ideal para bolos de aniversário</li><li>Fácil de usar</li></ul><p><strong>📋 Especificações do produto</strong></p><ul><li><strong>Material:</strong> Parafina</li><li><strong>Tipo:</strong> Vela decorativa para bolo</li><li><strong>Conteúdo da embalagem:</strong> 1 vela (número)</li></ul>
<p><strong>🚚 Frete e prazo</strong></p><p>Calcule o frete e o prazo de entrega informando seu CEP antes de finalizar a compra.</p><p><strong>💡 Dica</strong></p><p>Combine com outros artigos de festa para uma mesa completa e harmoniosa.</p><p><strong>❤️ Garanta o seu</strong></p><p>Garanta agora <strong>Vela Neon Glitter - Azul</strong> e deixe sua festa ou evento ainda mais especial!</p>",Vela decorativa com efeito neon e glitter. Ideal para bolos de aniversário e comemorações especiais.,,"media://products/1-21.png,media://products/2-22.png,media://products/3-22.png,media://products/4-21.png,media://products/5-22.png,media://products/6-22.png,media://products/7-22.png,media://products/8-20.png,media://products/9-15.png,media://products/10-15.png,media://products/11-10.png",9.90,,,,,1,,Artigos de Festa,Velas,Velas de Número,,,10,,,,,,
 9839098,,28607517,,,,,,,,Vela Neon Glitter - Azul | Decoração para Festa,"Vela Neon Glitter - Azul para bolo. Efeito neon e glitter, visual moderno e fácil de usar. Ideal para aniversários e festas temáticas.","vela para bolo, vela neon glitter, vela de aniversário, vela número, decoração de bolo","<p><strong>✨ Descrição completa — Vela Neon Glitter - Azul</strong></p><p>A <strong>Vela Neon Glitter Azul</strong> é perfeita para destacar o bolo e deixar a comemoração ainda mais especial.</p>
<p>Com acabamento em <strong>glitter</strong> e cores vibrantes, traz um visual moderno e alegre, ideal para aniversários, festas temáticas e celebrações especiais.</p>
<p>Disponível em diversos números e cores, permite personalizar o bolo de acordo com a idade ou ocasião.</p><h3>Características</h3><ul><li>Acabamento com efeito glitter</li><li>Cores vibrantes e modernas</li><li>Ideal para bolos de aniversário</li><li>Fácil de usar</li></ul><p><strong>📋 Especificações do produto</strong></p><ul><li><strong>Material:</strong> Parafina</li><li><strong>Tipo:</strong> Vela decorativa para bolo</li><li><strong>Conteúdo da embalagem:</strong> 1 vela (número)</li></ul>
<p><strong>🚚 Frete e prazo</strong></p><p>Calcule o frete e o prazo de entrega informando seu CEP antes de finalizar a compra.</p><p><strong>💡 Dica</strong></p><p>Combine com outros artigos de festa para uma mesa completa e harmoniosa.</p><p><strong>❤️ Garanta o seu</strong></p><p>Garanta agora <strong>Vela Neon Glitter - Azul</strong> e deixe sua festa ou evento ainda mais especial!</p>",Vela decorativa com efeito neon e glitter. Ideal para bolos de aniversário e comemorações especiais.,,"media://products/1-21.png,media://products/2-22.png,media://products/3-22.png,media://products/4-21.png,media://products/5-22.png,media://products/6-22.png,media://products/7-22.png,media://products/8-20.png,media://products/9-15.png,media://products/10-15.png,media://products/11-10.png",,,,,,1,,Artigos de Festa,Velas,Velas de Número,,,10,,Número,0,,,
 9839098,,28607535,,,,,,,,Vela Neon Glitter - Azul | Decoração para Festa,"Vela Neon Glitter - Azul para bolo. Efeito neon e glitter, visual moderno e fácil de usar. Ideal para aniversários e festas temáticas.","vela para bolo, vela neon glitter, vela de aniversário, vela número, decoração de bolo","<p><strong>✨ Descrição completa — Vela Neon Glitter - Azul</strong></p><p>A <strong>Vela Neon Glitter Azul</strong> é perfeita para destacar o bolo e deixar a comemoração ainda mais especial.</p>
<p>Com acabamento em <strong>glitter</strong> e cores vibrantes, traz um visual moderno e alegre, ideal para aniversários, festas temáticas e celebrações especiais.</p>
<p>Disponível em diversos números e cores, permite personalizar o bolo de acordo com a idade ou ocasião.</p><h3>Características</h3><ul><li>Acabamento com efeito glitter</li><li>Cores vibrantes e modernas</li><li>Ideal para bolos de aniversário</li><li>Fácil de usar</li></ul><p><strong>📋 Especificações do produto</strong></p><ul><li><strong>Material:</strong> Parafina</li><li><strong>Tipo:</strong> Vela decorativa para bolo</li><li><strong>Conteúdo da embalagem:</strong> 1 vela (número)</li></ul>
<p><strong>🚚 Frete e prazo</strong></p><p>Calcule o frete e o prazo de entrega informando seu CEP antes de finalizar a compra.</p><p><strong>💡 Dica</strong></p><p>Combine com outros artigos de festa para uma mesa completa e harmoniosa.</p><p><strong>❤️ Garanta o seu</strong></p><p>Garanta agora <strong>Vela Neon Glitter - Azul</strong> e deixe sua festa ou evento ainda mais especial!</p>",Vela decorativa com efeito neon e glitter. Ideal para bolos de aniversário e comemorações especiais.,,"media://products/1-21.png,media://products/2-22.png,media://products/3-22.png,media://products/4-21.png,media://products/5-22.png,media://products/6-22.png,media://products/7-22.png,media://products/8-20.png,media://products/9-15.png,media://products/10-15.png,media://products/11-10.png",,,,,,1,,Artigos de Festa,Velas,Velas de Número,,,10,,Número,1,,,
 9839098,,28607536,,,,,,,,Vela Neon Glitter - Azul | Decoração para Festa,"Vela Neon Glitter - Azul para bolo. Efeito neon e glitter, visual moderno e fácil de usar. Ideal para aniversários e festas temáticas.","vela para bolo, vela neon glitter, vela de aniversário, vela número, decoração de bolo","<p><strong>✨ Descrição completa — Vela Neon Glitter - Azul</strong></p><p>A <strong>Vela Neon Glitter Azul</strong> é perfeita para destacar o bolo e deixar a comemoração ainda mais especial.</p>
<p>Com acabamento em <strong>glitter</strong> e cores vibrantes, traz um visual moderno e alegre, ideal para aniversários, festas temáticas e celebrações especiais.</p>
<p>Disponível em diversos números e cores, permite personalizar o bolo de acordo com a idade ou ocasião.</p><h3>Características</h3><ul><li>Acabamento com efeito glitter</li><li>Cores vibrantes e modernas</li><li>Ideal para bolos de aniversário</li><li>Fácil de usar</li></ul><p><strong>📋 Especificações do produto</strong></p><ul><li><strong>Material:</strong> Parafina</li><li><strong>Tipo:</strong> Vela decorativa para bolo</li><li><strong>Conteúdo da embalagem:</strong> 1 vela (número)</li></ul>
<p><strong>🚚 Frete e prazo</strong></p><p>Calcule o frete e o prazo de entrega informando seu CEP antes de finalizar a compra.</p><p><strong>💡 Dica</strong></p><p>Combine com outros artigos de festa para uma mesa completa e harmoniosa.</p><p><strong>❤️ Garanta o seu</strong></p><p>Garanta agora <strong>Vela Neon Glitter - Azul</strong> e deixe sua festa ou evento ainda mais especial!</p>",Vela decorativa com efeito neon e glitter. Ideal para bolos de aniversário e comemorações especiais.,,"media://products/1-21.png,media://products/2-22.png,media://products/3-22.png,media://products/4-21.png,media://products/5-22.png,media://products/6-22.png,media://products/7-22.png,media://products/8-20.png,media://products/9-15.png,media://products/10-15.png,media://products/11-10.png",,,,,,1,,Artigos de Festa,Velas,Velas de Número,,,10,,Número,2,,,
 9839098,,28607539,,,,,,,,Vela Neon Glitter - Azul | Decoração para Festa,"Vela Neon Glitter - Azul para bolo. Efeito neon e glitter, visual moderno e fácil de usar. Ideal para aniversários e festas temáticas.","vela para bolo, vela neon glitter, vela de aniversário, vela número, decoração de bolo","<p><strong>✨ Descrição completa — Vela Neon Glitter - Azul</strong></p><p>A <strong>Vela Neon Glitter Azul</strong> é perfeita para destacar o bolo e deixar a comemoração ainda mais especial.</p>
<p>Com acabamento em <strong>glitter</strong> e cores vibrantes, traz um visual moderno e alegre, ideal para aniversários, festas temáticas e celebrações especiais.</p>
<p>Disponível em diversos números e cores, permite personalizar o bolo de acordo com a idade ou ocasião.</p><h3>Características</h3><ul><li>Acabamento com efeito glitter</li><li>Cores vibrantes e modernas</li><li>Ideal para bolos de aniversário</li><li>Fácil de usar</li></ul><p><strong>📋 Especificações do produto</strong></p><ul><li><strong>Material:</strong> Parafina</li><li><strong>Tipo:</strong> Vela decorativa para bolo</li><li><strong>Conteúdo da embalagem:</strong> 1 vela (número)</li></ul>
<p><strong>🚚 Frete e prazo</strong></p><p>Calcule o frete e o prazo de entrega informando seu CEP antes de finalizar a compra.</p><p><strong>💡 Dica</strong></p><p>Combine com outros artigos de festa para uma mesa completa e harmoniosa.</p><p><strong>❤️ Garanta o seu</strong></p><p>Garanta agora <strong>Vela Neon Glitter - Azul</strong> e deixe sua festa ou evento ainda mais especial!</p>",Vela decorativa com efeito neon e glitter. Ideal para bolos de aniversário e comemorações especiais.,,"media://products/1-21.png,media://products/2-22.png,media://products/3-22.png,media://products/4-21.png,media://products/5-22.png,media://products/6-22.png,media://products/7-22.png,media://products/8-20.png,media://products/9-15.png,media://products/10-15.png,media://products/11-10.png",,,,,,1,,Artigos de Festa,Velas,Velas de Número,,,10,,Número,3,,,
 9839098,,28607540,,,,,,,,Vela Neon Glitter - Azul | Decoração para Festa,"Vela Neon Glitter - Azul para bolo. Efeito neon e glitter, visual moderno e fácil de usar. Ideal para aniversários e festas temáticas.","vela para bolo, vela neon glitter, vela de aniversário, vela número, decoração de bolo","<p><strong>✨ Descrição completa — Vela Neon Glitter - Azul</strong></p><p>A <strong>Vela Neon Glitter Azul</strong> é perfeita para destacar o bolo e deixar a comemoração ainda mais especial.</p>
<p>Com acabamento em <strong>glitter</strong> e cores vibrantes, traz um visual moderno e alegre, ideal para aniversários, festas temáticas e celebrações especiais.</p>
<p>Disponível em diversos números e cores, permite personalizar o bolo de acordo com a idade ou ocasião.</p><h3>Características</h3><ul><li>Acabamento com efeito glitter</li><li>Cores vibrantes e modernas</li><li>Ideal para bolos de aniversário</li><li>Fácil de usar</li></ul><p><strong>📋 Especificações do produto</strong></p><ul><li><strong>Material:</strong> Parafina</li><li><strong>Tipo:</strong> Vela decorativa para bolo</li><li><strong>Conteúdo da embalagem:</strong> 1 vela (número)</li></ul>
<p><strong>🚚 Frete e prazo</strong></p><p>Calcule o frete e o prazo de entrega informando seu CEP antes de finalizar a compra.</p><p><strong>💡 Dica</strong></p><p>Combine com outros artigos de festa para uma mesa completa e harmoniosa.</p><p><strong>❤️ Garanta o seu</strong></p><p>Garanta agora <strong>Vela Neon Glitter - Azul</strong> e deixe sua festa ou evento ainda mais especial!</p>",Vela decorativa com efeito neon e glitter. Ideal para bolos de aniversário e comemorações especiais.,,"media://products/1-21.png,media://products/2-22.png,media://products/3-22.png,media://products/4-21.png,media://products/5-22.png,media://products/6-22.png,media://products/7-22.png,media://products/8-20.png,media://products/9-15.png,media://products/10-15.png,media://products/11-10.png",,,,,,1,,Artigos de Festa,Velas,Velas de Número,,,10,,Número,4,,,
 9839098,,28607541,,,,,,,,Vela Neon Glitter - Azul | Decoração para Festa,"Vela Neon Glitter - Azul para bolo. Efeito neon e glitter, visual moderno e fácil de usar. Ideal para aniversários e festas temáticas.","vela para bolo, vela neon glitter, vela de aniversário, vela número, decoração de bolo","<p><strong>✨ Descrição completa — Vela Neon Glitter - Azul</strong></p><p>A <strong>Vela Neon Glitter Azul</strong> é perfeita para destacar o bolo e deixar a comemoração ainda mais especial.</p>
<p>Com acabamento em <strong>glitter</strong> e cores vibrantes, traz um visual moderno e alegre, ideal para aniversários, festas temáticas e celebrações especiais.</p>
<p>Disponível em diversos números e cores, permite personalizar o bolo de acordo com a idade ou ocasião.</p><h3>Características</h3><ul><li>Acabamento com efeito glitter</li><li>Cores vibrantes e modernas</li><li>Ideal para bolos de aniversário</li><li>Fácil de usar</li></ul><p><strong>📋 Especificações do produto</strong></p><ul><li><strong>Material:</strong> Parafina</li><li><strong>Tipo:</strong> Vela decorativa para bolo</li><li><strong>Conteúdo da embalagem:</strong> 1 vela (número)</li></ul>
<p><strong>🚚 Frete e prazo</strong></p><p>Calcule o frete e o prazo de entrega informando seu CEP antes de finalizar a compra.</p><p><strong>💡 Dica</strong></p><p>Combine com outros artigos de festa para uma mesa completa e harmoniosa.</p><p><strong>❤️ Garanta o seu</strong></p><p>Garanta agora <strong>Vela Neon Glitter - Azul</strong> e deixe sua festa ou evento ainda mais especial!</p>",Vela decorativa com efeito neon e glitter. Ideal para bolos de aniversário e comemorações especiais.,,"media://products/1-21.png,media://products/2-22.png,media://products/3-22.png,media://products/4-21.png,media://products/5-22.png,media://products/6-22.png,media://products/7-22.png,media://products/8-20.png,media://products/9-15.png,media://products/10-15.png,media://products/11-10.png",,,,,,1,,Artigos de Festa,Velas,Velas de Número,,,10,,Número,5,,,
 9839098,,28607542,,,,,,,,Vela Neon Glitter - Azul | Decoração para Festa,"Vela Neon Glitter - Azul para bolo. Efeito neon e glitter, visual moderno e fácil de usar. Ideal para aniversários e festas temáticas.","vela para bolo, vela neon glitter, vela de aniversário, vela número, decoração de bolo","<p><strong>✨ Descrição completa — Vela Neon Glitter - Azul</strong></p><p>A <strong>Vela Neon Glitter Azul</strong> é perfeita para destacar o bolo e deixar a comemoração ainda mais especial.</p>
<p>Com acabamento em <strong>glitter</strong> e cores vibrantes, traz um visual moderno e alegre, ideal para aniversários, festas temáticas e celebrações especiais.</p>
<p>Disponível em diversos números e cores, permite personalizar o bolo de acordo com a idade ou ocasião.</p><h3>Características</h3><ul><li>Acabamento com efeito glitter</li><li>Cores vibrantes e modernas</li><li>Ideal para bolos de aniversário</li><li>Fácil de usar</li></ul><p><strong>📋 Especificações do produto</strong></p><ul><li><strong>Material:</strong> Parafina</li><li><strong>Tipo:</strong> Vela decorativa para bolo</li><li><strong>Conteúdo da embalagem:</strong> 1 vela (número)</li></ul>
<p><strong>🚚 Frete e prazo</strong></p><p>Calcule o frete e o prazo de entrega informando seu CEP antes de finalizar a compra.</p><p><strong>💡 Dica</strong></p><p>Combine com outros artigos de festa para uma mesa completa e harmoniosa.</p><p><strong>❤️ Garanta o seu</strong></p><p>Garanta agora <strong>Vela Neon Glitter - Azul</strong> e deixe sua festa ou evento ainda mais especial!</p>",Vela decorativa com efeito neon e glitter. Ideal para bolos de aniversário e comemorações especiais.,,"media://products/1-21.png,media://products/2-22.png,media://products/3-22.png,media://products/4-21.png,media://products/5-22.png,media://products/6-22.png,media://products/7-22.png,media://products/8-20.png,media://products/9-15.png,media://products/10-15.png,media://products/11-10.png",,,,,,1,,Artigos de Festa,Velas,Velas de Número,,,10,,Número,6,,,
 9839098,,28607543,,,,,,,,Vela Neon Glitter - Azul | Decoração para Festa,"Vela Neon Glitter - Azul para bolo. Efeito neon e glitter, visual moderno e fácil de usar. Ideal para aniversários e festas temáticas.","vela para bolo, vela neon glitter, vela de aniversário, vela número, decoração de bolo","<p><strong>✨ Descrição completa — Vela Neon Glitter - Azul</strong></p><p>A <strong>Vela Neon Glitter Azul</strong> é perfeita para destacar o bolo e deixar a comemoração ainda mais especial.</p>
<p>Com acabamento em <strong>glitter</strong> e cores vibrantes, traz um visual moderno e alegre, ideal para aniversários, festas temáticas e celebrações especiais.</p>
<p>Disponível em diversos números e cores, permite personalizar o bolo de acordo com a idade ou ocasião.</p><h3>Características</h3><ul><li>Acabamento com efeito glitter</li><li>Cores vibrantes e modernas</li><li>Ideal para bolos de aniversário</li><li>Fácil de usar</li></ul><p><strong>📋 Especificações do produto</strong></p><ul><li><strong>Material:</strong> Parafina</li><li><strong>Tipo:</strong> Vela decorativa para bolo</li><li><strong>Conteúdo da embalagem:</strong> 1 vela (número)</li></ul>
<p><strong>🚚 Frete e prazo</strong></p><p>Calcule o frete e o prazo de entrega informando seu CEP antes de finalizar a compra.</p><p><strong>💡 Dica</strong></p><p>Combine com outros artigos de festa para uma mesa completa e harmoniosa.</p><p><strong>❤️ Garanta o seu</strong></p><p>Garanta agora <strong>Vela Neon Glitter - Azul</strong> e deixe sua festa ou evento ainda mais especial!</p>",Vela decorativa com efeito neon e glitter. Ideal para bolos de aniversário e comemorações especiais.,,"media://products/1-21.png,media://products/2-22.png,media://products/3-22.png,media://products/4-21.png,media://products/5-22.png,media://products/6-22.png,media://products/7-22.png,media://products/8-20.png,media://products/9-15.png,media://products/10-15.png,media://products/11-10.png",,,,,,1,,Artigos de Festa,Velas,Velas de Número,,,10,,Número,7,,,
 9839098,,28607544,,,,,,,,Vela Neon Glitter - Azul | Decoração para Festa,"Vela Neon Glitter - Azul para bolo. Efeito neon e glitter, visual moderno e fácil de usar. Ideal para aniversários e festas temáticas.","vela para bolo, vela neon glitter, vela de aniversário, vela número, decoração de bolo","<p><strong>✨ Descrição completa — Vela Neon Glitter - Azul</strong></p><p>A <strong>Vela Neon Glitter Azul</strong> é perfeita para destacar o bolo e deixar a comemoração ainda mais especial.</p>
<p>Com acabamento em <strong>glitter</strong> e cores vibrantes, traz um visual moderno e alegre, ideal para aniversários, festas temáticas e celebrações especiais.</p>
<p>Disponível em diversos números e cores, permite personalizar o bolo de acordo com a idade ou ocasião.</p><h3>Características</h3><ul><li>Acabamento com efeito glitter</li><li>Cores vibrantes e modernas</li><li>Ideal para bolos de aniversário</li><li>Fácil de usar</li></ul><p><strong>📋 Especificações do produto</strong></p><ul><li><strong>Material:</strong> Parafina</li><li><strong>Tipo:</strong> Vela decorativa para bolo</li><li><strong>Conteúdo da embalagem:</strong> 1 vela (número)</li></ul>
<p><strong>🚚 Frete e prazo</strong></p><p>Calcule o frete e o prazo de entrega informando seu CEP antes de finalizar a compra.</p><p><strong>💡 Dica</strong></p><p>Combine com outros artigos de festa para uma mesa completa e harmoniosa.</p><p><strong>❤️ Garanta o seu</strong></p><p>Garanta agora <strong>Vela Neon Glitter - Azul</strong> e deixe sua festa ou evento ainda mais especial!</p>",Vela decorativa com efeito neon e glitter. Ideal para bolos de aniversário e comemorações especiais.,,"media://products/1-21.png,media://products/2-22.png,media://products/3-22.png,media://products/4-21.png,media://products/5-22.png,media://products/6-22.png,media://products/7-22.png,media://products/8-20.png,media://products/9-15.png,media://products/10-15.png,media://products/11-10.png",,,,,,1,,Artigos de Festa,Velas,Velas de Número,,,10,,Número,8,,,
 9839098,,28607545,,,,,,,,Vela Neon Glitter - Azul | Decoração para Festa,"Vela Neon Glitter - Azul para bolo. Efeito neon e glitter, visual moderno e fácil de usar. Ideal para aniversários e festas temáticas.","vela para bolo, vela neon glitter, vela de aniversário, vela número, decoração de bolo","<p><strong>✨ Descrição completa — Vela Neon Glitter - Azul</strong></p><p>A <strong>Vela Neon Glitter Azul</strong> é perfeita para destacar o bolo e deixar a comemoração ainda mais especial.</p>
<p>Com acabamento em <strong>glitter</strong> e cores vibrantes, traz um visual moderno e alegre, ideal para aniversários, festas temáticas e celebrações especiais.</p>
<p>Disponível em diversos números e cores, permite personalizar o bolo de acordo com a idade ou ocasião.</p><h3>Características</h3><ul><li>Acabamento com efeito glitter</li><li>Cores vibrantes e modernas</li><li>Ideal para bolos de aniversário</li><li>Fácil de usar</li></ul><p><strong>📋 Especificações do produto</strong></p><ul><li><strong>Material:</strong> Parafina</li><li><strong>Tipo:</strong> Vela decorativa para bolo</li><li><strong>Conteúdo da embalagem:</strong> 1 vela (número)</li></ul>
<p><strong>🚚 Frete e prazo</strong></p><p>Calcule o frete e o prazo de entrega informando seu CEP antes de finalizar a compra.</p><p><strong>💡 Dica</strong></p><p>Combine com outros artigos de festa para uma mesa completa e harmoniosa.</p><p><strong>❤️ Garanta o seu</strong></p><p>Garanta agora <strong>Vela Neon Glitter - Azul</strong> e deixe sua festa ou evento ainda mais especial!</p>",Vela decorativa com efeito neon e glitter. Ideal para bolos de aniversário e comemorações especiais.,,"media://products/1-21.png,media://products/2-22.png,media://products/3-22.png,media://products/4-21.png,media://products/5-22.png,media://products/6-22.png,media://products/7-22.png,media://products/8-20.png,media://products/9-15.png,media://products/10-15.png,media://products/11-10.png",,,,,,1,,Artigos de Festa,Velas,Velas de Número,,,10,,Número,9,,,
 9839098,,28607546,,,,,,,,Vela Neon Glitter - Azul | Decoração para Festa,"Vela Neon Glitter - Azul para bolo. Efeito neon e glitter, visual moderno e fácil de usar. Ideal para aniversários e festas temáticas.","vela para bolo, vela neon glitter, vela de aniversário, vela número, decoração de bolo","<p><strong>✨ Descrição completa — Vela Neon Glitter - Azul</strong></p><p>A <strong>Vela Neon Glitter Azul</strong> é perfeita para destacar o bolo e deixar a comemoração ainda mais especial.</p>
<p>Com acabamento em <strong>glitter</strong> e cores vibrantes, traz um visual moderno e alegre, ideal para aniversários, festas temáticas e celebrações especiais.</p>
<p>Disponível em diversos números e cores, permite personalizar o bolo de acordo com a idade ou ocasião.</p><h3>Características</h3><ul><li>Acabamento com efeito glitter</li><li>Cores vibrantes e modernas</li><li>Ideal para bolos de aniversário</li><li>Fácil de usar</li></ul><p><strong>📋 Especificações do produto</strong></p><ul><li><strong>Material:</strong> Parafina</li><li><strong>Tipo:</strong> Vela decorativa para bolo</li><li><strong>Conteúdo da embalagem:</strong> 1 vela (número)</li></ul>
<p><strong>🚚 Frete e prazo</strong></p><p>Calcule o frete e o prazo de entrega informando seu CEP antes de finalizar a compra.</p><p><strong>💡 Dica</strong></p><p>Combine com outros artigos de festa para uma mesa completa e harmoniosa.</p><p><strong>❤️ Garanta o seu</strong></p><p>Garanta agora <strong>Vela Neon Glitter - Azul</strong> e deixe sua festa ou evento ainda mais especial!</p>",Vela decorativa com efeito neon e glitter. Ideal para bolos de aniversário e comemorações especiais.,,"media://products/1-21.png,media://products/2-22.png,media://products/3-22.png,media://products/4-21.png,media://products/5-22.png,media://products/6-22.png,media://products/7-22.png,media://products/8-20.png,media://products/9-15.png,media://products/10-15.png,media://products/11-10.png",,,,,,1,,Artigos de Festa,Velas,Velas de Número,,,10,,Número,?,,,
9839108,,,,Vela Neon Glitter - Azul Bebê,/vela-neon-glitter-azul-bebe,"3,030",2.00,4.00,10.00,Vela Neon Glitter Azul Bebê,Vela neon glitter para bolo com números decorativos. Ideal para aniversários e comemorações especiais.,"vela para bolo, vela neon glitter, vela de aniversário, vela número, decoração de bolo","<p><strong>✨ Descrição completa — Vela Neon Glitter - Azul Bebê</strong></p><p>A <strong>Vela Neon Glitter Azul Bebê</strong> é perfeita para destacar o bolo e deixar a comemoração ainda mais especial.</p>
<p>Com acabamento em <strong>glitter</strong> e cores vibrantes, traz um visual moderno e alegre, ideal para aniversários, festas temáticas e celebrações especiais.</p>
<p>Disponível em diversos números e cores, permite personalizar o bolo de acordo com a idade ou ocasião.</p><h3>Características</h3><ul><li>Acabamento com efeito glitter</li><li>Cores vibrantes e modernas</li><li>Ideal para bolos de aniversário</li><li>Fácil de usar</li></ul><p><strong>📋 Especificações do produto</strong></p><ul><li><strong>Material:</strong> Parafina</li><li><strong>Tipo:</strong> Vela decorativa para bolo</li><li><strong>Conteúdo da embalagem:</strong> 1 vela (número)</li></ul>
<p><strong>🚚 Frete e prazo</strong></p><p>Calcule o frete e o prazo de entrega informando seu CEP antes de finalizar a compra.</p><p><strong>💡 Dica</strong></p><p>Combine com outros artigos de festa para uma mesa completa e harmoniosa.</p><p><strong>❤️ Garanta o seu</strong></p><p>Garanta agora <strong>Vela Neon Glitter - Azul Bebê</strong> e deixe sua festa ou evento ainda mais especial!</p>",Vela decorativa com efeito neon e glitter. Ideal para bolos de aniversário e comemorações especiais.,,"media://products/1-22.png,media://products/2-23.png,media://products/3-23.png,media://products/4-22.png,media://products/5-23.png,media://products/6-23.png,media://products/7-23.png,media://products/8-21.png,media://products/9-16.png,media://products/10-16.png,media://products/11-11.png",9.90,,,,,1,,Artigos de Festa,Velas,Velas de Número,,,10,,,,,,
 9839108,,28607548,,,,,,,,Vela Neon Glitter Azul Bebê,Vela neon glitter para bolo com números decorativos. Ideal para aniversários e comemorações especiais.,"vela para bolo, vela neon glitter, vela de aniversário, vela número, decoração de bolo","<p><strong>✨ Descrição completa — Vela Neon Glitter - Azul Bebê</strong></p><p>A <strong>Vela Neon Glitter Azul Bebê</strong> é perfeita para destacar o bolo e deixar a comemoração ainda mais especial.</p>
<p>Com acabamento em <strong>glitter</strong> e cores vibrantes, traz um visual moderno e alegre, ideal para aniversários, festas temáticas e celebrações especiais.</p>
<p>Disponível em diversos números e cores, permite personalizar o bolo de acordo com a idade ou ocasião.</p><h3>Características</h3><ul><li>Acabamento com efeito glitter</li><li>Cores vibrantes e modernas</li><li>Ideal para bolos de aniversário</li><li>Fácil de usar</li></ul><p><strong>📋 Especificações do produto</strong></p><ul><li><strong>Material:</strong> Parafina</li><li><strong>Tipo:</strong> Vela decorativa para bolo</li><li><strong>Conteúdo da embalagem:</strong> 1 vela (número)</li></ul>
<p><strong>🚚 Frete e prazo</strong></p><p>Calcule o frete e o prazo de entrega informando seu CEP antes de finalizar a compra.</p><p><strong>💡 Dica</strong></p><p>Combine com outros artigos de festa para uma mesa completa e harmoniosa.</p><p><strong>❤️ Garanta o seu</strong></p><p>Garanta agora <strong>Vela Neon Glitter - Azul Bebê</strong> e deixe sua festa ou evento ainda mais especial!</p>",Vela decorativa com efeito neon e glitter. Ideal para bolos de aniversário e comemorações especiais.,,"media://products/1-22.png,media://products/2-23.png,media://products/3-23.png,media://products/4-22.png,media://products/5-23.png,media://products/6-23.png,media://products/7-23.png,media://products/8-21.png,media://products/9-16.png,media://products/10-16.png,media://products/11-11.png",,,,,,1,,Artigos de Festa,Velas,Velas de Número,,,10,,Número,0,,,
 9839108,,28607549,,,,,,,,Vela Neon Glitter Azul Bebê,Vela neon glitter para bolo com números decorativos. Ideal para aniversários e comemorações especiais.,"vela para bolo, vela neon glitter, vela de aniversário, vela número, decoração de bolo","<p><strong>✨ Descrição completa — Vela Neon Glitter - Azul Bebê</strong></p><p>A <strong>Vela Neon Glitter Azul Bebê</strong> é perfeita para destacar o bolo e deixar a comemoração ainda mais especial.</p>
<p>Com acabamento em <strong>glitter</strong> e cores vibrantes, traz um visual moderno e alegre, ideal para aniversários, festas temáticas e celebrações especiais.</p>
<p>Disponível em diversos números e cores, permite personalizar o bolo de acordo com a idade ou ocasião.</p><h3>Características</h3><ul><li>Acabamento com efeito glitter</li><li>Cores vibrantes e modernas</li><li>Ideal para bolos de aniversário</li><li>Fácil de usar</li></ul><p><strong>📋 Especificações do produto</strong></p><ul><li><strong>Material:</strong> Parafina</li><li><strong>Tipo:</strong> Vela decorativa para bolo</li><li><strong>Conteúdo da embalagem:</strong> 1 vela (número)</li></ul>
<p><strong>🚚 Frete e prazo</strong></p><p>Calcule o frete e o prazo de entrega informando seu CEP antes de finalizar a compra.</p><p><strong>💡 Dica</strong></p><p>Combine com outros artigos de festa para uma mesa completa e harmoniosa.</p><p><strong>❤️ Garanta o seu</strong></p><p>Garanta agora <strong>Vela Neon Glitter - Azul Bebê</strong> e deixe sua festa ou evento ainda mais especial!</p>",Vela decorativa com efeito neon e glitter. Ideal para bolos de aniversário e comemorações especiais.,,"media://products/1-22.png,media://products/2-23.png,media://products/3-23.png,media://products/4-22.png,media://products/5-23.png,media://products/6-23.png,media://products/7-23.png,media://products/8-21.png,media://products/9-16.png,media://products/10-16.png,media://products/11-11.png",,,,,,1,,Artigos de Festa,Velas,Velas de Número,,,10,,Número,1,,,
 9839108,,28607550,,,,,,,,Vela Neon Glitter Azul Bebê,Vela neon glitter para bolo com números decorativos. Ideal para aniversários e comemorações especiais.,"vela para bolo, vela neon glitter, vela de aniversário, vela número, decoração de bolo","<p><strong>✨ Descrição completa — Vela Neon Glitter - Azul Bebê</strong></p><p>A <strong>Vela Neon Glitter Azul Bebê</strong> é perfeita para destacar o bolo e deixar a comemoração ainda mais especial.</p>
<p>Com acabamento em <strong>glitter</strong> e cores vibrantes, traz um visual moderno e alegre, ideal para aniversários, festas temáticas e celebrações especiais.</p>
<p>Disponível em diversos números e cores, permite personalizar o bolo de acordo com a idade ou ocasião.</p><h3>Características</h3><ul><li>Acabamento com efeito glitter</li><li>Cores vibrantes e modernas</li><li>Ideal para bolos de aniversário</li><li>Fácil de usar</li></ul><p><strong>📋 Especificações do produto</strong></p><ul><li><strong>Material:</strong> Parafina</li><li><strong>Tipo:</strong> Vela decorativa para bolo</li><li><strong>Conteúdo da embalagem:</strong> 1 vela (número)</li></ul>
<p><strong>🚚 Frete e prazo</strong></p><p>Calcule o frete e o prazo de entrega informando seu CEP antes de finalizar a compra.</p><p><strong>💡 Dica</strong></p><p>Combine com outros artigos de festa para uma mesa completa e harmoniosa.</p><p><strong>❤️ Garanta o seu</strong></p><p>Garanta agora <strong>Vela Neon Glitter - Azul Bebê</strong> e deixe sua festa ou evento ainda mais especial!</p>",Vela decorativa com efeito neon e glitter. Ideal para bolos de aniversário e comemorações especiais.,,"media://products/1-22.png,media://products/2-23.png,media://products/3-23.png,media://products/4-22.png,media://products/5-23.png,media://products/6-23.png,media://products/7-23.png,media://products/8-21.png,media://products/9-16.png,media://products/10-16.png,media://products/11-11.png",,,,,,1,,Artigos de Festa,Velas,Velas de Número,,,10,,Número,2,,,
 9839108,,28607551,,,,,,,,Vela Neon Glitter Azul Bebê,Vela neon glitter para bolo com números decorativos. Ideal para aniversários e comemorações especiais.,"vela para bolo, vela neon glitter, vela de aniversário, vela número, decoração de bolo","<p><strong>✨ Descrição completa — Vela Neon Glitter - Azul Bebê</strong></p><p>A <strong>Vela Neon Glitter Azul Bebê</strong> é perfeita para destacar o bolo e deixar a comemoração ainda mais especial.</p>
<p>Com acabamento em <strong>glitter</strong> e cores vibrantes, traz um visual moderno e alegre, ideal para aniversários, festas temáticas e celebrações especiais.</p>
<p>Disponível em diversos números e cores, permite personalizar o bolo de acordo com a idade ou ocasião.</p><h3>Características</h3><ul><li>Acabamento com efeito glitter</li><li>Cores vibrantes e modernas</li><li>Ideal para bolos de aniversário</li><li>Fácil de usar</li></ul><p><strong>📋 Especificações do produto</strong></p><ul><li><strong>Material:</strong> Parafina</li><li><strong>Tipo:</strong> Vela decorativa para bolo</li><li><strong>Conteúdo da embalagem:</strong> 1 vela (número)</li></ul>
<p><strong>🚚 Frete e prazo</strong></p><p>Calcule o frete e o prazo de entrega informando seu CEP antes de finalizar a compra.</p><p><strong>💡 Dica</strong></p><p>Combine com outros artigos de festa para uma mesa completa e harmoniosa.</p><p><strong>❤️ Garanta o seu</strong></p><p>Garanta agora <strong>Vela Neon Glitter - Azul Bebê</strong> e deixe sua festa ou evento ainda mais especial!</p>",Vela decorativa com efeito neon e glitter. Ideal para bolos de aniversário e comemorações especiais.,,"media://products/1-22.png,media://products/2-23.png,media://products/3-23.png,media://products/4-22.png,media://products/5-23.png,media://products/6-23.png,media://products/7-23.png,media://products/8-21.png,media://products/9-16.png,media://products/10-16.png,media://products/11-11.png",,,,,,1,,Artigos de Festa,Velas,Velas de Número,,,10,,Número,3,,,
 9839108,,28607552,,,,,,,,Vela Neon Glitter Azul Bebê,Vela neon glitter para bolo com números decorativos. Ideal para aniversários e comemorações especiais.,"vela para bolo, vela neon glitter, vela de aniversário, vela número, decoração de bolo","<p><strong>✨ Descrição completa — Vela Neon Glitter - Azul Bebê</strong></p><p>A <strong>Vela Neon Glitter Azul Bebê</strong> é perfeita para destacar o bolo e deixar a comemoração ainda mais especial.</p>
<p>Com acabamento em <strong>glitter</strong> e cores vibrantes, traz um visual moderno e alegre, ideal para aniversários, festas temáticas e celebrações especiais.</p>
<p>Disponível em diversos números e cores, permite personalizar o bolo de acordo com a idade ou ocasião.</p><h3>Características</h3><ul><li>Acabamento com efeito glitter</li><li>Cores vibrantes e modernas</li><li>Ideal para bolos de aniversário</li><li>Fácil de usar</li></ul><p><strong>📋 Especificações do produto</strong></p><ul><li><strong>Material:</strong> Parafina</li><li><strong>Tipo:</strong> Vela decorativa para bolo</li><li><strong>Conteúdo da embalagem:</strong> 1 vela (número)</li></ul>
<p><strong>🚚 Frete e prazo</strong></p><p>Calcule o frete e o prazo de entrega informando seu CEP antes de finalizar a compra.</p><p><strong>💡 Dica</strong></p><p>Combine com outros artigos de festa para uma mesa completa e harmoniosa.</p><p><strong>❤️ Garanta o seu</strong></p><p>Garanta agora <strong>Vela Neon Glitter - Azul Bebê</strong> e deixe sua festa ou evento ainda mais especial!</p>",Vela decorativa com efeito neon e glitter. Ideal para bolos de aniversário e comemorações especiais.,,"media://products/1-22.png,media://products/2-23.png,media://products/3-23.png,media://products/4-22.png,media://products/5-23.png,media://products/6-23.png,media://products/7-23.png,media://products/8-21.png,media://products/9-16.png,media://products/10-16.png,media://products/11-11.png",,,,,,1,,Artigos de Festa,Velas,Velas de Número,,,10,,Número,4,,,
 9839108,,28607553,,,,,,,,Vela Neon Glitter Azul Bebê,Vela neon glitter para bolo com números decorativos. Ideal para aniversários e comemorações especiais.,"vela para bolo, vela neon glitter, vela de aniversário, vela número, decoração de bolo","<p><strong>✨ Descrição completa — Vela Neon Glitter - Azul Bebê</strong></p><p>A <strong>Vela Neon Glitter Azul Bebê</strong> é perfeita para destacar o bolo e deixar a comemoração ainda mais especial.</p>
<p>Com acabamento em <strong>glitter</strong> e cores vibrantes, traz um visual moderno e alegre, ideal para aniversários, festas temáticas e celebrações especiais.</p>
<p>Disponível em diversos números e cores, permite personalizar o bolo de acordo com a idade ou ocasião.</p><h3>Características</h3><ul><li>Acabamento com efeito glitter</li><li>Cores vibrantes e modernas</li><li>Ideal para bolos de aniversário</li><li>Fácil de usar</li></ul><p><strong>📋 Especificações do produto</strong></p><ul><li><strong>Material:</strong> Parafina</li><li><strong>Tipo:</strong> Vela decorativa para bolo</li><li><strong>Conteúdo da embalagem:</strong> 1 vela (número)</li></ul>
<p><strong>🚚 Frete e prazo</strong></p><p>Calcule o frete e o prazo de entrega informando seu CEP antes de finalizar a compra.</p><p><strong>💡 Dica</strong></p><p>Combine com outros artigos de festa para uma mesa completa e harmoniosa.</p><p><strong>❤️ Garanta o seu</strong></p><p>Garanta agora <strong>Vela Neon Glitter - Azul Bebê</strong> e deixe sua festa ou evento ainda mais especial!</p>",Vela decorativa com efeito neon e glitter. Ideal para bolos de aniversário e comemorações especiais.,,"media://products/1-22.png,media://products/2-23.png,media://products/3-23.png,media://products/4-22.png,media://products/5-23.png,media://products/6-23.png,media://products/7-23.png,media://products/8-21.png,media://products/9-16.png,media://products/10-16.png,media://products/11-11.png",,,,,,1,,Artigos de Festa,Velas,Velas de Número,,,10,,Número,5,,,
 9839108,,28607554,,,,,,,,Vela Neon Glitter Azul Bebê,Vela neon glitter para bolo com números decorativos. Ideal para aniversários e comemorações especiais.,"vela para bolo, vela neon glitter, vela de aniversário, vela número, decoração de bolo","<p><strong>✨ Descrição completa — Vela Neon Glitter - Azul Bebê</strong></p><p>A <strong>Vela Neon Glitter Azul Bebê</strong> é perfeita para destacar o bolo e deixar a comemoração ainda mais especial.</p>
<p>Com acabamento em <strong>glitter</strong> e cores vibrantes, traz um visual moderno e alegre, ideal para aniversários, festas temáticas e celebrações especiais.</p>
<p>Disponível em diversos números e cores, permite personalizar o bolo de acordo com a idade ou ocasião.</p><h3>Características</h3><ul><li>Acabamento com efeito glitter</li><li>Cores vibrantes e modernas</li><li>Ideal para bolos de aniversário</li><li>Fácil de usar</li></ul><p><strong>📋 Especificações do produto</strong></p><ul><li><strong>Material:</strong> Parafina</li><li><strong>Tipo:</strong> Vela decorativa para bolo</li><li><strong>Conteúdo da embalagem:</strong> 1 vela (número)</li></ul>
<p><strong>🚚 Frete e prazo</strong></p><p>Calcule o frete e o prazo de entrega informando seu CEP antes de finalizar a compra.</p><p><strong>💡 Dica</strong></p><p>Combine com outros artigos de festa para uma mesa completa e harmoniosa.</p><p><strong>❤️ Garanta o seu</strong></p><p>Garanta agora <strong>Vela Neon Glitter - Azul Bebê</strong> e deixe sua festa ou evento ainda mais especial!</p>",Vela decorativa com efeito neon e glitter. Ideal para bolos de aniversário e comemorações especiais.,,"media://products/1-22.png,media://products/2-23.png,media://products/3-23.png,media://products/4-22.png,media://products/5-23.png,media://products/6-23.png,media://products/7-23.png,media://products/8-21.png,media://products/9-16.png,media://products/10-16.png,media://products/11-11.png",,,,,,1,,Artigos de Festa,Velas,Velas de Número,,,10,,Número,6,,,
 9839108,,28607555,,,,,,,,Vela Neon Glitter Azul Bebê,Vela neon glitter para bolo com números decorativos. Ideal para aniversários e comemorações especiais.,"vela para bolo, vela neon glitter, vela de aniversário, vela número, decoração de bolo","<p><strong>✨ Descrição completa — Vela Neon Glitter - Azul Bebê</strong></p><p>A <strong>Vela Neon Glitter Azul Bebê</strong> é perfeita para destacar o bolo e deixar a comemoração ainda mais especial.</p>
<p>Com acabamento em <strong>glitter</strong> e cores vibrantes, traz um visual moderno e alegre, ideal para aniversários, festas temáticas e celebrações especiais.</p>
<p>Disponível em diversos números e cores, permite personalizar o bolo de acordo com a idade ou ocasião.</p><h3>Características</h3><ul><li>Acabamento com efeito glitter</li><li>Cores vibrantes e modernas</li><li>Ideal para bolos de aniversário</li><li>Fácil de usar</li></ul><p><strong>📋 Especificações do produto</strong></p><ul><li><strong>Material:</strong> Parafina</li><li><strong>Tipo:</strong> Vela decorativa para bolo</li><li><strong>Conteúdo da embalagem:</strong> 1 vela (número)</li></ul>
<p><strong>🚚 Frete e prazo</strong></p><p>Calcule o frete e o prazo de entrega informando seu CEP antes de finalizar a compra.</p><p><strong>💡 Dica</strong></p><p>Combine com outros artigos de festa para uma mesa completa e harmoniosa.</p><p><strong>❤️ Garanta o seu</strong></p><p>Garanta agora <strong>Vela Neon Glitter - Azul Bebê</strong> e deixe sua festa ou evento ainda mais especial!</p>",Vela decorativa com efeito neon e glitter. Ideal para bolos de aniversário e comemorações especiais.,,"media://products/1-22.png,media://products/2-23.png,media://products/3-23.png,media://products/4-22.png,media://products/5-23.png,media://products/6-23.png,media://products/7-23.png,media://products/8-21.png,media://products/9-16.png,media://products/10-16.png,media://products/11-11.png",,,,,,1,,Artigos de Festa,Velas,Velas de Número,,,10,,Número,7,,,
 9839108,,28607556,,,,,,,,Vela Neon Glitter Azul Bebê,Vela neon glitter para bolo com números decorativos. Ideal para aniversários e comemorações especiais.,"vela para bolo, vela neon glitter, vela de aniversário, vela número, decoração de bolo","<p><strong>✨ Descrição completa — Vela Neon Glitter - Azul Bebê</strong></p><p>A <strong>Vela Neon Glitter Azul Bebê</strong> é perfeita para destacar o bolo e deixar a comemoração ainda mais especial.</p>
<p>Com acabamento em <strong>glitter</strong> e cores vibrantes, traz um visual moderno e alegre, ideal para aniversários, festas temáticas e celebrações especiais.</p>
<p>Disponível em diversos números e cores, permite personalizar o bolo de acordo com a idade ou ocasião.</p><h3>Características</h3><ul><li>Acabamento com efeito glitter</li><li>Cores vibrantes e modernas</li><li>Ideal para bolos de aniversário</li><li>Fácil de usar</li></ul><p><strong>📋 Especificações do produto</strong></p><ul><li><strong>Material:</strong> Parafina</li><li><strong>Tipo:</strong> Vela decorativa para bolo</li><li><strong>Conteúdo da embalagem:</strong> 1 vela (número)</li></ul>
<p><strong>🚚 Frete e prazo</strong></p><p>Calcule o frete e o prazo de entrega informando seu CEP antes de finalizar a compra.</p><p><strong>💡 Dica</strong></p><p>Combine com outros artigos de festa para uma mesa completa e harmoniosa.</p><p><strong>❤️ Garanta o seu</strong></p><p>Garanta agora <strong>Vela Neon Glitter - Azul Bebê</strong> e deixe sua festa ou evento ainda mais especial!</p>",Vela decorativa com efeito neon e glitter. Ideal para bolos de aniversário e comemorações especiais.,,"media://products/1-22.png,media://products/2-23.png,media://products/3-23.png,media://products/4-22.png,media://products/5-23.png,media://products/6-23.png,media://products/7-23.png,media://products/8-21.png,media://products/9-16.png,media://products/10-16.png,media://products/11-11.png",,,,,,1,,Artigos de Festa,Velas,Velas de Número,,,10,,Número,8,,,
 9839108,,28607557,,,,,,,,Vela Neon Glitter Azul Bebê,Vela neon glitter para bolo com números decorativos. Ideal para aniversários e comemorações especiais.,"vela para bolo, vela neon glitter, vela de aniversário, vela número, decoração de bolo","<p><strong>✨ Descrição completa — Vela Neon Glitter - Azul Bebê</strong></p><p>A <strong>Vela Neon Glitter Azul Bebê</strong> é perfeita para destacar o bolo e deixar a comemoração ainda mais especial.</p>
<p>Com acabamento em <strong>glitter</strong> e cores vibrantes, traz um visual moderno e alegre, ideal para aniversários, festas temáticas e celebrações especiais.</p>
<p>Disponível em diversos números e cores, permite personalizar o bolo de acordo com a idade ou ocasião.</p><h3>Características</h3><ul><li>Acabamento com efeito glitter</li><li>Cores vibrantes e modernas</li><li>Ideal para bolos de aniversário</li><li>Fácil de usar</li></ul><p><strong>📋 Especificações do produto</strong></p><ul><li><strong>Material:</strong> Parafina</li><li><strong>Tipo:</strong> Vela decorativa para bolo</li><li><strong>Conteúdo da embalagem:</strong> 1 vela (número)</li></ul>
<p><strong>🚚 Frete e prazo</strong></p><p>Calcule o frete e o prazo de entrega informando seu CEP antes de finalizar a compra.</p><p><strong>💡 Dica</strong></p><p>Combine com outros artigos de festa para uma mesa completa e harmoniosa.</p><p><strong>❤️ Garanta o seu</strong></p><p>Garanta agora <strong>Vela Neon Glitter - Azul Bebê</strong> e deixe sua festa ou evento ainda mais especial!</p>",Vela decorativa com efeito neon e glitter. Ideal para bolos de aniversário e comemorações especiais.,,"media://products/1-22.png,media://products/2-23.png,media://products/3-23.png,media://products/4-22.png,media://products/5-23.png,media://products/6-23.png,media://products/7-23.png,media://products/8-21.png,media://products/9-16.png,media://products/10-16.png,media://products/11-11.png",,,,,,1,,Artigos de Festa,Velas,Velas de Número,,,10,,Número,9,,,
 9839108,,28607558,,,,,,,,Vela Neon Glitter Azul Bebê,Vela neon glitter para bolo com números decorativos. Ideal para aniversários e comemorações especiais.,"vela para bolo, vela neon glitter, vela de aniversário, vela número, decoração de bolo","<p><strong>✨ Descrição completa — Vela Neon Glitter - Azul Bebê</strong></p><p>A <strong>Vela Neon Glitter Azul Bebê</strong> é perfeita para destacar o bolo e deixar a comemoração ainda mais especial.</p>
<p>Com acabamento em <strong>glitter</strong> e cores vibrantes, traz um visual moderno e alegre, ideal para aniversários, festas temáticas e celebrações especiais.</p>
<p>Disponível em diversos números e cores, permite personalizar o bolo de acordo com a idade ou ocasião.</p><h3>Características</h3><ul><li>Acabamento com efeito glitter</li><li>Cores vibrantes e modernas</li><li>Ideal para bolos de aniversário</li><li>Fácil de usar</li></ul><p><strong>📋 Especificações do produto</strong></p><ul><li><strong>Material:</strong> Parafina</li><li><strong>Tipo:</strong> Vela decorativa para bolo</li><li><strong>Conteúdo da embalagem:</strong> 1 vela (número)</li></ul>
<p><strong>🚚 Frete e prazo</strong></p><p>Calcule o frete e o prazo de entrega informando seu CEP antes de finalizar a compra.</p><p><strong>💡 Dica</strong></p><p>Combine com outros artigos de festa para uma mesa completa e harmoniosa.</p><p><strong>❤️ Garanta o seu</strong></p><p>Garanta agora <strong>Vela Neon Glitter - Azul Bebê</strong> e deixe sua festa ou evento ainda mais especial!</p>",Vela decorativa com efeito neon e glitter. Ideal para bolos de aniversário e comemorações especiais.,,"media://products/1-22.png,media://products/2-23.png,media://products/3-23.png,media://products/4-22.png,media://products/5-23.png,media://products/6-23.png,media://products/7-23.png,media://products/8-21.png,media://products/9-16.png,media://products/10-16.png,media://products/11-11.png",,,,,,1,,Artigos de Festa,Velas,Velas de Número,,,10,,Número,?,,,
9839125,,,,Vela Neon Glitter - Branco,/vela-neon-glitter-branco,"3,030",2.00,4.00,10.00,Vela Neon Glitter - Branco | Decoração para Festa,"Vela Neon Glitter - Branco para bolo. Efeito neon e glitter, visual moderno e fácil de usar. Ideal para aniversários e festas temáticas.","vela para bolo, vela neon glitter, vela de aniversário, vela número, decoração de bolo","<p><strong>✨ Descrição completa — Vela Neon Glitter - Branco</strong></p><p>A <strong>Vela Neon Glitter Branco</strong> é perfeita para destacar o bolo e deixar a comemoração ainda mais especial.</p>
<p>Com acabamento em <strong>glitter</strong> e cores vibrantes, traz um visual moderno e alegre, ideal para aniversários, festas temáticas e celebrações especiais.</p>
<p>Disponível em diversos números e cores, permite personalizar o bolo de acordo com a idade ou ocasião.</p><h3>Características</h3><ul><li>Acabamento com efeito glitter</li><li>Cores vibrantes e modernas</li><li>Ideal para bolos de aniversário</li><li>Fácil de usar</li></ul><p><strong>📋 Especificações do produto</strong></p><ul><li><strong>Material:</strong> Parafina</li><li><strong>Tipo:</strong> Vela decorativa para bolo</li><li><strong>Conteúdo da embalagem:</strong> 1 vela (número)</li></ul>
<p><strong>🚚 Frete e prazo</strong></p><p>Calcule o frete e o prazo de entrega informando seu CEP antes de finalizar a compra.</p><p><strong>💡 Dica</strong></p><p>Combine com outros artigos de festa para uma mesa completa e harmoniosa.</p><p><strong>❤️ Garanta o seu</strong></p><p>Garanta agora <strong>Vela Neon Glitter - Branco</strong> e deixe sua festa ou evento ainda mais especial!</p>",Vela decorativa com efeito neon e glitter. Ideal para bolos de aniversário e comemorações especiais.,,"media://products/1-24.png,media://products/2-25.png,media://products/3-25.png,media://products/4-24.png,media://products/5-25.png,media://products/6-25.png,media://products/7-25.png,media://products/8-23.png,media://products/9-18.png,media://products/10-18.png,media://products/11-13.png",9.90,,,,,1,,Artigos de Festa,Velas,Velas de Número,,,10,,,,,,
 9839125,,28607592,,,,,,,,Vela Neon Glitter - Branco | Decoração para Festa,"Vela Neon Glitter - Branco para bolo. Efeito neon e glitter, visual moderno e fácil de usar. Ideal para aniversários e festas temáticas.","vela para bolo, vela neon glitter, vela de aniversário, vela número, decoração de bolo","<p><strong>✨ Descrição completa — Vela Neon Glitter - Branco</strong></p><p>A <strong>Vela Neon Glitter Branco</strong> é perfeita para destacar o bolo e deixar a comemoração ainda mais especial.</p>
<p>Com acabamento em <strong>glitter</strong> e cores vibrantes, traz um visual moderno e alegre, ideal para aniversários, festas temáticas e celebrações especiais.</p>
<p>Disponível em diversos números e cores, permite personalizar o bolo de acordo com a idade ou ocasião.</p><h3>Características</h3><ul><li>Acabamento com efeito glitter</li><li>Cores vibrantes e modernas</li><li>Ideal para bolos de aniversário</li><li>Fácil de usar</li></ul><p><strong>📋 Especificações do produto</strong></p><ul><li><strong>Material:</strong> Parafina</li><li><strong>Tipo:</strong> Vela decorativa para bolo</li><li><strong>Conteúdo da embalagem:</strong> 1 vela (número)</li></ul>
<p><strong>🚚 Frete e prazo</strong></p><p>Calcule o frete e o prazo de entrega informando seu CEP antes de finalizar a compra.</p><p><strong>💡 Dica</strong></p><p>Combine com outros artigos de festa para uma mesa completa e harmoniosa.</p><p><strong>❤️ Garanta o seu</strong></p><p>Garanta agora <strong>Vela Neon Glitter - Branco</strong> e deixe sua festa ou evento ainda mais especial!</p>",Vela decorativa com efeito neon e glitter. Ideal para bolos de aniversário e comemorações especiais.,,"media://products/1-24.png,media://products/2-25.png,media://products/3-25.png,media://products/4-24.png,media://products/5-25.png,media://products/6-25.png,media://products/7-25.png,media://products/8-23.png,media://products/9-18.png,media://products/10-18.png,media://products/11-13.png",,,,,,1,,Artigos de Festa,Velas,Velas de Número,,,10,,Número,0,,,
 9839125,,28607593,,,,,,,,Vela Neon Glitter - Branco | Decoração para Festa,"Vela Neon Glitter - Branco para bolo. Efeito neon e glitter, visual moderno e fácil de usar. Ideal para aniversários e festas temáticas.","vela para bolo, vela neon glitter, vela de aniversário, vela número, decoração de bolo","<p><strong>✨ Descrição completa — Vela Neon Glitter - Branco</strong></p><p>A <strong>Vela Neon Glitter Branco</strong> é perfeita para destacar o bolo e deixar a comemoração ainda mais especial.</p>
<p>Com acabamento em <strong>glitter</strong> e cores vibrantes, traz um visual moderno e alegre, ideal para aniversários, festas temáticas e celebrações especiais.</p>
<p>Disponível em diversos números e cores, permite personalizar o bolo de acordo com a idade ou ocasião.</p><h3>Características</h3><ul><li>Acabamento com efeito glitter</li><li>Cores vibrantes e modernas</li><li>Ideal para bolos de aniversário</li><li>Fácil de usar</li></ul><p><strong>📋 Especificações do produto</strong></p><ul><li><strong>Material:</strong> Parafina</li><li><strong>Tipo:</strong> Vela decorativa para bolo</li><li><strong>Conteúdo da embalagem:</strong> 1 vela (número)</li></ul>
<p><strong>🚚 Frete e prazo</strong></p><p>Calcule o frete e o prazo de entrega informando seu CEP antes de finalizar a compra.</p><p><strong>💡 Dica</strong></p><p>Combine com outros artigos de festa para uma mesa completa e harmoniosa.</p><p><strong>❤️ Garanta o seu</strong></p><p>Garanta agora <strong>Vela Neon Glitter - Branco</strong> e deixe sua festa ou evento ainda mais especial!</p>",Vela decorativa com efeito neon e glitter. Ideal para bolos de aniversário e comemorações especiais.,,"media://products/1-24.png,media://products/2-25.png,media://products/3-25.png,media://products/4-24.png,media://products/5-25.png,media://products/6-25.png,media://products/7-25.png,media://products/8-23.png,media://products/9-18.png,media://products/10-18.png,media://products/11-13.png",,,,,,1,,Artigos de Festa,Velas,Velas de Número,,,10,,Número,1,,,
 9839125,,28607594,,,,,,,,Vela Neon Glitter - Branco | Decoração para Festa,"Vela Neon Glitter - Branco para bolo. Efeito neon e glitter, visual moderno e fácil de usar. Ideal para aniversários e festas temáticas.","vela para bolo, vela neon glitter, vela de aniversário, vela número, decoração de bolo","<p><strong>✨ Descrição completa — Vela Neon Glitter - Branco</strong></p><p>A <strong>Vela Neon Glitter Branco</strong> é perfeita para destacar o bolo e deixar a comemoração ainda mais especial.</p>
<p>Com acabamento em <strong>glitter</strong> e cores vibrantes, traz um visual moderno e alegre, ideal para aniversários, festas temáticas e celebrações especiais.</p>
<p>Disponível em diversos números e cores, permite personalizar o bolo de acordo com a idade ou ocasião.</p><h3>Características</h3><ul><li>Acabamento com efeito glitter</li><li>Cores vibrantes e modernas</li><li>Ideal para bolos de aniversário</li><li>Fácil de usar</li></ul><p><strong>📋 Especificações do produto</strong></p><ul><li><strong>Material:</strong> Parafina</li><li><strong>Tipo:</strong> Vela decorativa para bolo</li><li><strong>Conteúdo da embalagem:</strong> 1 vela (número)</li></ul>
<p><strong>🚚 Frete e prazo</strong></p><p>Calcule o frete e o prazo de entrega informando seu CEP antes de finalizar a compra.</p><p><strong>💡 Dica</strong></p><p>Combine com outros artigos de festa para uma mesa completa e harmoniosa.</p><p><strong>❤️ Garanta o seu</strong></p><p>Garanta agora <strong>Vela Neon Glitter - Branco</strong> e deixe sua festa ou evento ainda mais especial!</p>",Vela decorativa com efeito neon e glitter. Ideal para bolos de aniversário e comemorações especiais.,,"media://products/1-24.png,media://products/2-25.png,media://products/3-25.png,media://products/4-24.png,media://products/5-25.png,media://products/6-25.png,media://products/7-25.png,media://products/8-23.png,media://products/9-18.png,media://products/10-18.png,media://products/11-13.png",,,,,,1,,Artigos de Festa,Velas,Velas de Número,,,10,,Número,2,,,
 9839125,,28607595,,,,,,,,Vela Neon Glitter - Branco | Decoração para Festa,"Vela Neon Glitter - Branco para bolo. Efeito neon e glitter, visual moderno e fácil de usar. Ideal para aniversários e festas temáticas.","vela para bolo, vela neon glitter, vela de aniversário, vela número, decoração de bolo","<p><strong>✨ Descrição completa — Vela Neon Glitter - Branco</strong></p><p>A <strong>Vela Neon Glitter Branco</strong> é perfeita para destacar o bolo e deixar a comemoração ainda mais especial.</p>
<p>Com acabamento em <strong>glitter</strong> e cores vibrantes, traz um visual moderno e alegre, ideal para aniversários, festas temáticas e celebrações especiais.</p>
<p>Disponível em diversos números e cores, permite personalizar o bolo de acordo com a idade ou ocasião.</p><h3>Características</h3><ul><li>Acabamento com efeito glitter</li><li>Cores vibrantes e modernas</li><li>Ideal para bolos de aniversário</li><li>Fácil de usar</li></ul><p><strong>📋 Especificações do produto</strong></p><ul><li><strong>Material:</strong> Parafina</li><li><strong>Tipo:</strong> Vela decorativa para bolo</li><li><strong>Conteúdo da embalagem:</strong> 1 vela (número)</li></ul>
<p><strong>🚚 Frete e prazo</strong></p><p>Calcule o frete e o prazo de entrega informando seu CEP antes de finalizar a compra.</p><p><strong>💡 Dica</strong></p><p>Combine com outros artigos de festa para uma mesa completa e harmoniosa.</p><p><strong>❤️ Garanta o seu</strong></p><p>Garanta agora <strong>Vela Neon Glitter - Branco</strong> e deixe sua festa ou evento ainda mais especial!</p>",Vela decorativa com efeito neon e glitter. Ideal para bolos de aniversário e comemorações especiais.,,"media://products/1-24.png,media://products/2-25.png,media://products/3-25.png,media://products/4-24.png,media://products/5-25.png,media://products/6-25.png,media://products/7-25.png,media://products/8-23.png,media://products/9-18.png,media://products/10-18.png,media://products/11-13.png",,,,,,1,,Artigos de Festa,Velas,Velas de Número,,,10,,Número,3,,,
 9839125,,28607596,,,,,,,,Vela Neon Glitter - Branco | Decoração para Festa,"Vela Neon Glitter - Branco para bolo. Efeito neon e glitter, visual moderno e fácil de usar. Ideal para aniversários e festas temáticas.","vela para bolo, vela neon glitter, vela de aniversário, vela número, decoração de bolo","<p><strong>✨ Descrição completa — Vela Neon Glitter - Branco</strong></p><p>A <strong>Vela Neon Glitter Branco</strong> é perfeita para destacar o bolo e deixar a comemoração ainda mais especial.</p>
<p>Com acabamento em <strong>glitter</strong> e cores vibrantes, traz um visual moderno e alegre, ideal para aniversários, festas temáticas e celebrações especiais.</p>
<p>Disponível em diversos números e cores, permite personalizar o bolo de acordo com a idade ou ocasião.</p><h3>Características</h3><ul><li>Acabamento com efeito glitter</li><li>Cores vibrantes e modernas</li><li>Ideal para bolos de aniversário</li><li>Fácil de usar</li></ul><p><strong>📋 Especificações do produto</strong></p><ul><li><strong>Material:</strong> Parafina</li><li><strong>Tipo:</strong> Vela decorativa para bolo</li><li><strong>Conteúdo da embalagem:</strong> 1 vela (número)</li></ul>
<p><strong>🚚 Frete e prazo</strong></p><p>Calcule o frete e o prazo de entrega informando seu CEP antes de finalizar a compra.</p><p><strong>💡 Dica</strong></p><p>Combine com outros artigos de festa para uma mesa completa e harmoniosa.</p><p><strong>❤️ Garanta o seu</strong></p><p>Garanta agora <strong>Vela Neon Glitter - Branco</strong> e deixe sua festa ou evento ainda mais especial!</p>",Vela decorativa com efeito neon e glitter. Ideal para bolos de aniversário e comemorações especiais.,,"media://products/1-24.png,media://products/2-25.png,media://products/3-25.png,media://products/4-24.png,media://products/5-25.png,media://products/6-25.png,media://products/7-25.png,media://products/8-23.png,media://products/9-18.png,media://products/10-18.png,media://products/11-13.png",,,,,,1,,Artigos de Festa,Velas,Velas de Número,,,10,,Número,4,,,
 9839125,,28607597,,,,,,,,Vela Neon Glitter - Branco | Decoração para Festa,"Vela Neon Glitter - Branco para bolo. Efeito neon e glitter, visual moderno e fácil de usar. Ideal para aniversários e festas temáticas.","vela para bolo, vela neon glitter, vela de aniversário, vela número, decoração de bolo","<p><strong>✨ Descrição completa — Vela Neon Glitter - Branco</strong></p><p>A <strong>Vela Neon Glitter Branco</strong> é perfeita para destacar o bolo e deixar a comemoração ainda mais especial.</p>
<p>Com acabamento em <strong>glitter</strong> e cores vibrantes, traz um visual moderno e alegre, ideal para aniversários, festas temáticas e celebrações especiais.</p>
<p>Disponível em diversos números e cores, permite personalizar o bolo de acordo com a idade ou ocasião.</p><h3>Características</h3><ul><li>Acabamento com efeito glitter</li><li>Cores vibrantes e modernas</li><li>Ideal para bolos de aniversário</li><li>Fácil de usar</li></ul><p><strong>📋 Especificações do produto</strong></p><ul><li><strong>Material:</strong> Parafina</li><li><strong>Tipo:</strong> Vela decorativa para bolo</li><li><strong>Conteúdo da embalagem:</strong> 1 vela (número)</li></ul>
<p><strong>🚚 Frete e prazo</strong></p><p>Calcule o frete e o prazo de entrega informando seu CEP antes de finalizar a compra.</p><p><strong>💡 Dica</strong></p><p>Combine com outros artigos de festa para uma mesa completa e harmoniosa.</p><p><strong>❤️ Garanta o seu</strong></p><p>Garanta agora <strong>Vela Neon Glitter - Branco</strong> e deixe sua festa ou evento ainda mais especial!</p>",Vela decorativa com efeito neon e glitter. Ideal para bolos de aniversário e comemorações especiais.,,"media://products/1-24.png,media://products/2-25.png,media://products/3-25.png,media://products/4-24.png,media://products/5-25.png,media://products/6-25.png,media://products/7-25.png,media://products/8-23.png,media://products/9-18.png,media://products/10-18.png,media://products/11-13.png",,,,,,1,,Artigos de Festa,Velas,Velas de Número,,,10,,Número,5,,,
 9839125,,28607598,,,,,,,,Vela Neon Glitter - Branco | Decoração para Festa,"Vela Neon Glitter - Branco para bolo. Efeito neon e glitter, visual moderno e fácil de usar. Ideal para aniversários e festas temáticas.","vela para bolo, vela neon glitter, vela de aniversário, vela número, decoração de bolo","<p><strong>✨ Descrição completa — Vela Neon Glitter - Branco</strong></p><p>A <strong>Vela Neon Glitter Branco</strong> é perfeita para destacar o bolo e deixar a comemoração ainda mais especial.</p>
<p>Com acabamento em <strong>glitter</strong> e cores vibrantes, traz um visual moderno e alegre, ideal para aniversários, festas temáticas e celebrações especiais.</p>
<p>Disponível em diversos números e cores, permite personalizar o bolo de acordo com a idade ou ocasião.</p><h3>Características</h3><ul><li>Acabamento com efeito glitter</li><li>Cores vibrantes e modernas</li><li>Ideal para bolos de aniversário</li><li>Fácil de usar</li></ul><p><strong>📋 Especificações do produto</strong></p><ul><li><strong>Material:</strong> Parafina</li><li><strong>Tipo:</strong> Vela decorativa para bolo</li><li><strong>Conteúdo da embalagem:</strong> 1 vela (número)</li></ul>
<p><strong>🚚 Frete e prazo</strong></p><p>Calcule o frete e o prazo de entrega informando seu CEP antes de finalizar a compra.</p><p><strong>💡 Dica</strong></p><p>Combine com outros artigos de festa para uma mesa completa e harmoniosa.</p><p><strong>❤️ Garanta o seu</strong></p><p>Garanta agora <strong>Vela Neon Glitter - Branco</strong> e deixe sua festa ou evento ainda mais especial!</p>",Vela decorativa com efeito neon e glitter. Ideal para bolos de aniversário e comemorações especiais.,,"media://products/1-24.png,media://products/2-25.png,media://products/3-25.png,media://products/4-24.png,media://products/5-25.png,media://products/6-25.png,media://products/7-25.png,media://products/8-23.png,media://products/9-18.png,media://products/10-18.png,media://products/11-13.png",,,,,,1,,Artigos de Festa,Velas,Velas de Número,,,10,,Número,6,,,
 9839125,,28607599,,,,,,,,Vela Neon Glitter - Branco | Decoração para Festa,"Vela Neon Glitter - Branco para bolo. Efeito neon e glitter, visual moderno e fácil de usar. Ideal para aniversários e festas temáticas.","vela para bolo, vela neon glitter, vela de aniversário, vela número, decoração de bolo","<p><strong>✨ Descrição completa — Vela Neon Glitter - Branco</strong></p><p>A <strong>Vela Neon Glitter Branco</strong> é perfeita para destacar o bolo e deixar a comemoração ainda mais especial.</p>
<p>Com acabamento em <strong>glitter</strong> e cores vibrantes, traz um visual moderno e alegre, ideal para aniversários, festas temáticas e celebrações especiais.</p>
<p>Disponível em diversos números e cores, permite personalizar o bolo de acordo com a idade ou ocasião.</p><h3>Características</h3><ul><li>Acabamento com efeito glitter</li><li>Cores vibrantes e modernas</li><li>Ideal para bolos de aniversário</li><li>Fácil de usar</li></ul><p><strong>📋 Especificações do produto</strong></p><ul><li><strong>Material:</strong> Parafina</li><li><strong>Tipo:</strong> Vela decorativa para bolo</li><li><strong>Conteúdo da embalagem:</strong> 1 vela (número)</li></ul>
<p><strong>🚚 Frete e prazo</strong></p><p>Calcule o frete e o prazo de entrega informando seu CEP antes de finalizar a compra.</p><p><strong>💡 Dica</strong></p><p>Combine com outros artigos de festa para uma mesa completa e harmoniosa.</p><p><strong>❤️ Garanta o seu</strong></p><p>Garanta agora <strong>Vela Neon Glitter - Branco</strong> e deixe sua festa ou evento ainda mais especial!</p>",Vela decorativa com efeito neon e glitter. Ideal para bolos de aniversário e comemorações especiais.,,"media://products/1-24.png,media://products/2-25.png,media://products/3-25.png,media://products/4-24.png,media://products/5-25.png,media://products/6-25.png,media://products/7-25.png,media://products/8-23.png,media://products/9-18.png,media://products/10-18.png,media://products/11-13.png",,,,,,1,,Artigos de Festa,Velas,Velas de Número,,,10,,Número,7,,,
 9839125,,28607600,,,,,,,,Vela Neon Glitter - Branco | Decoração para Festa,"Vela Neon Glitter - Branco para bolo. Efeito neon e glitter, visual moderno e fácil de usar. Ideal para aniversários e festas temáticas.","vela para bolo, vela neon glitter, vela de aniversário, vela número, decoração de bolo","<p><strong>✨ Descrição completa — Vela Neon Glitter - Branco</strong></p><p>A <strong>Vela Neon Glitter Branco</strong> é perfeita para destacar o bolo e deixar a comemoração ainda mais especial.</p>
<p>Com acabamento em <strong>glitter</strong> e cores vibrantes, traz um visual moderno e alegre, ideal para aniversários, festas temáticas e celebrações especiais.</p>
<p>Disponível em diversos números e cores, permite personalizar o bolo de acordo com a idade ou ocasião.</p><h3>Características</h3><ul><li>Acabamento com efeito glitter</li><li>Cores vibrantes e modernas</li><li>Ideal para bolos de aniversário</li><li>Fácil de usar</li></ul><p><strong>📋 Especificações do produto</strong></p><ul><li><strong>Material:</strong> Parafina</li><li><strong>Tipo:</strong> Vela decorativa para bolo</li><li><strong>Conteúdo da embalagem:</strong> 1 vela (número)</li></ul>
<p><strong>🚚 Frete e prazo</strong></p><p>Calcule o frete e o prazo de entrega informando seu CEP antes de finalizar a compra.</p><p><strong>💡 Dica</strong></p><p>Combine com outros artigos de festa para uma mesa completa e harmoniosa.</p><p><strong>❤️ Garanta o seu</strong></p><p>Garanta agora <strong>Vela Neon Glitter - Branco</strong> e deixe sua festa ou evento ainda mais especial!</p>",Vela decorativa com efeito neon e glitter. Ideal para bolos de aniversário e comemorações especiais.,,"media://products/1-24.png,media://products/2-25.png,media://products/3-25.png,media://products/4-24.png,media://products/5-25.png,media://products/6-25.png,media://products/7-25.png,media://products/8-23.png,media://products/9-18.png,media://products/10-18.png,media://products/11-13.png",,,,,,1,,Artigos de Festa,Velas,Velas de Número,,,10,,Número,8,,,
 9839125,,28607601,,,,,,,,Vela Neon Glitter - Branco | Decoração para Festa,"Vela Neon Glitter - Branco para bolo. Efeito neon e glitter, visual moderno e fácil de usar. Ideal para aniversários e festas temáticas.","vela para bolo, vela neon glitter, vela de aniversário, vela número, decoração de bolo","<p><strong>✨ Descrição completa — Vela Neon Glitter - Branco</strong></p><p>A <strong>Vela Neon Glitter Branco</strong> é perfeita para destacar o bolo e deixar a comemoração ainda mais especial.</p>
<p>Com acabamento em <strong>glitter</strong> e cores vibrantes, traz um visual moderno e alegre, ideal para aniversários, festas temáticas e celebrações especiais.</p>
<p>Disponível em diversos números e cores, permite personalizar o bolo de acordo com a idade ou ocasião.</p><h3>Características</h3><ul><li>Acabamento com efeito glitter</li><li>Cores vibrantes e modernas</li><li>Ideal para bolos de aniversário</li><li>Fácil de usar</li></ul><p><strong>📋 Especificações do produto</strong></p><ul><li><strong>Material:</strong> Parafina</li><li><strong>Tipo:</strong> Vela decorativa para bolo</li><li><strong>Conteúdo da embalagem:</strong> 1 vela (número)</li></ul>
<p><strong>🚚 Frete e prazo</strong></p><p>Calcule o frete e o prazo de entrega informando seu CEP antes de finalizar a compra.</p><p><strong>💡 Dica</strong></p><p>Combine com outros artigos de festa para uma mesa completa e harmoniosa.</p><p><strong>❤️ Garanta o seu</strong></p><p>Garanta agora <strong>Vela Neon Glitter - Branco</strong> e deixe sua festa ou evento ainda mais especial!</p>",Vela decorativa com efeito neon e glitter. Ideal para bolos de aniversário e comemorações especiais.,,"media://products/1-24.png,media://products/2-25.png,media://products/3-25.png,media://products/4-24.png,media://products/5-25.png,media://products/6-25.png,media://products/7-25.png,media://products/8-23.png,media://products/9-18.png,media://products/10-18.png,media://products/11-13.png",,,,,,1,,Artigos de Festa,Velas,Velas de Número,,,10,,Número,9,,,
 9839125,,28607602,,,,,,,,Vela Neon Glitter - Branco | Decoração para Festa,"Vela Neon Glitter - Branco para bolo. Efeito neon e glitter, visual moderno e fácil de usar. Ideal para aniversários e festas temáticas.","vela para bolo, vela neon glitter, vela de aniversário, vela número, decoração de bolo","<p><strong>✨ Descrição completa — Vela Neon Glitter - Branco</strong></p><p>A <strong>Vela Neon Glitter Branco</strong> é perfeita para destacar o bolo e deixar a comemoração ainda mais especial.</p>
<p>Com acabamento em <strong>glitter</strong> e cores vibrantes, traz um visual moderno e alegre, ideal para aniversários, festas temáticas e celebrações especiais.</p>
<p>Disponível em diversos números e cores, permite personalizar o bolo de acordo com a idade ou ocasião.</p><h3>Características</h3><ul><li>Acabamento com efeito glitter</li><li>Cores vibrantes e modernas</li><li>Ideal para bolos de aniversário</li><li>Fácil de usar</li></ul><p><strong>📋 Especificações do produto</strong></p><ul><li><strong>Material:</strong> Parafina</li><li><strong>Tipo:</strong> Vela decorativa para bolo</li><li><strong>Conteúdo da embalagem:</strong> 1 vela (número)</li></ul>
<p><strong>🚚 Frete e prazo</strong></p><p>Calcule o frete e o prazo de entrega informando seu CEP antes de finalizar a compra.</p><p><strong>💡 Dica</strong></p><p>Combine com outros artigos de festa para uma mesa completa e harmoniosa.</p><p><strong>❤️ Garanta o seu</strong></p><p>Garanta agora <strong>Vela Neon Glitter - Branco</strong> e deixe sua festa ou evento ainda mais especial!</p>",Vela decorativa com efeito neon e glitter. Ideal para bolos de aniversário e comemorações especiais.,,"media://products/1-24.png,media://products/2-25.png,media://products/3-25.png,media://products/4-24.png,media://products/5-25.png,media://products/6-25.png,media://products/7-25.png,media://products/8-23.png,media://products/9-18.png,media://products/10-18.png,media://products/11-13.png",,,,,,1,,Artigos de Festa,Velas,Velas de Número,,,10,,Número,?,,,
9839119,,,,Vela Neon Glitter - Bronze,/vela-neon-glitter-bronze,"3,030",2.00,4.00,10.00,Vela Neon Glitter - Bronze | Decoração para Festa,"Vela Neon Glitter - Bronze para bolo. Efeito neon e glitter, visual moderno e fácil de usar. Ideal para aniversários e festas temáticas.","vela para bolo, vela neon glitter, vela de aniversário, vela número, decoração de bolo","<p><strong>✨ Descrição completa — Vela Neon Glitter - Bronze</strong></p><p>A <strong>Vela Neon Glitter Bronze</strong> é perfeita para destacar o bolo e deixar a comemoração ainda mais especial.</p>
<p>Com acabamento em <strong>glitter</strong> e cores vibrantes, traz um visual moderno e alegre, ideal para aniversários, festas temáticas e celebrações especiais.</p>
<p>Disponível em diversos números e cores, permite personalizar o bolo de acordo com a idade ou ocasião.</p><h3>Características</h3><ul><li>Acabamento com efeito glitter</li><li>Cores vibrantes e modernas</li><li>Ideal para bolos de aniversário</li><li>Fácil de usar</li></ul><p><strong>📋 Especificações do produto</strong></p><ul><li><strong>Material:</strong> Parafina</li><li><strong>Tipo:</strong> Vela decorativa para bolo</li><li><strong>Conteúdo da embalagem:</strong> 1 vela (número)</li></ul>
<p><strong>🚚 Frete e prazo</strong></p><p>Calcule o frete e o prazo de entrega informando seu CEP antes de finalizar a compra.</p><p><strong>💡 Dica</strong></p><p>Combine com outros artigos de festa para uma mesa completa e harmoniosa.</p><p><strong>❤️ Garanta o seu</strong></p><p>Garanta agora <strong>Vela Neon Glitter - Bronze</strong> e deixe sua festa ou evento ainda mais especial!</p>",Vela decorativa com efeito neon e glitter. Ideal para bolos de aniversário e comemorações especiais.,,"media://products/1-23.png,media://products/2-24.png,media://products/3-24.png,media://products/4-23.png,media://products/5-24.png,media://products/6-24.png,media://products/7-24.png,media://products/8-22.png,media://products/9-17.png,media://products/10-17.png,media://products/11-12.png",9.90,,,,,1,,Artigos de Festa,Velas,Velas de Número,,,10,,,,,,
 9839119,,28607572,,,,,,,,Vela Neon Glitter - Bronze | Decoração para Festa,"Vela Neon Glitter - Bronze para bolo. Efeito neon e glitter, visual moderno e fácil de usar. Ideal para aniversários e festas temáticas.","vela para bolo, vela neon glitter, vela de aniversário, vela número, decoração de bolo","<p><strong>✨ Descrição completa — Vela Neon Glitter - Bronze</strong></p><p>A <strong>Vela Neon Glitter Bronze</strong> é perfeita para destacar o bolo e deixar a comemoração ainda mais especial.</p>
<p>Com acabamento em <strong>glitter</strong> e cores vibrantes, traz um visual moderno e alegre, ideal para aniversários, festas temáticas e celebrações especiais.</p>
<p>Disponível em diversos números e cores, permite personalizar o bolo de acordo com a idade ou ocasião.</p><h3>Características</h3><ul><li>Acabamento com efeito glitter</li><li>Cores vibrantes e modernas</li><li>Ideal para bolos de aniversário</li><li>Fácil de usar</li></ul><p><strong>📋 Especificações do produto</strong></p><ul><li><strong>Material:</strong> Parafina</li><li><strong>Tipo:</strong> Vela decorativa para bolo</li><li><strong>Conteúdo da embalagem:</strong> 1 vela (número)</li></ul>
<p><strong>🚚 Frete e prazo</strong></p><p>Calcule o frete e o prazo de entrega informando seu CEP antes de finalizar a compra.</p><p><strong>💡 Dica</strong></p><p>Combine com outros artigos de festa para uma mesa completa e harmoniosa.</p><p><strong>❤️ Garanta o seu</strong></p><p>Garanta agora <strong>Vela Neon Glitter - Bronze</strong> e deixe sua festa ou evento ainda mais especial!</p>",Vela decorativa com efeito neon e glitter. Ideal para bolos de aniversário e comemorações especiais.,,"media://products/1-23.png,media://products/2-24.png,media://products/3-24.png,media://products/4-23.png,media://products/5-24.png,media://products/6-24.png,media://products/7-24.png,media://products/8-22.png,media://products/9-17.png,media://products/10-17.png,media://products/11-12.png",,,,,,1,,Artigos de Festa,Velas,Velas de Número,,,10,,Número,0,,,
 9839119,,28607573,,,,,,,,Vela Neon Glitter - Bronze | Decoração para Festa,"Vela Neon Glitter - Bronze para bolo. Efeito neon e glitter, visual moderno e fácil de usar. Ideal para aniversários e festas temáticas.","vela para bolo, vela neon glitter, vela de aniversário, vela número, decoração de bolo","<p><strong>✨ Descrição completa — Vela Neon Glitter - Bronze</strong></p><p>A <strong>Vela Neon Glitter Bronze</strong> é perfeita para destacar o bolo e deixar a comemoração ainda mais especial.</p>
<p>Com acabamento em <strong>glitter</strong> e cores vibrantes, traz um visual moderno e alegre, ideal para aniversários, festas temáticas e celebrações especiais.</p>
<p>Disponível em diversos números e cores, permite personalizar o bolo de acordo com a idade ou ocasião.</p><h3>Características</h3><ul><li>Acabamento com efeito glitter</li><li>Cores vibrantes e modernas</li><li>Ideal para bolos de aniversário</li><li>Fácil de usar</li></ul><p><strong>📋 Especificações do produto</strong></p><ul><li><strong>Material:</strong> Parafina</li><li><strong>Tipo:</strong> Vela decorativa para bolo</li><li><strong>Conteúdo da embalagem:</strong> 1 vela (número)</li></ul>
<p><strong>🚚 Frete e prazo</strong></p><p>Calcule o frete e o prazo de entrega informando seu CEP antes de finalizar a compra.</p><p><strong>💡 Dica</strong></p><p>Combine com outros artigos de festa para uma mesa completa e harmoniosa.</p><p><strong>❤️ Garanta o seu</strong></p><p>Garanta agora <strong>Vela Neon Glitter - Bronze</strong> e deixe sua festa ou evento ainda mais especial!</p>",Vela decorativa com efeito neon e glitter. Ideal para bolos de aniversário e comemorações especiais.,,"media://products/1-23.png,media://products/2-24.png,media://products/3-24.png,media://products/4-23.png,media://products/5-24.png,media://products/6-24.png,media://products/7-24.png,media://products/8-22.png,media://products/9-17.png,media://products/10-17.png,media://products/11-12.png",,,,,,1,,Artigos de Festa,Velas,Velas de Número,,,10,,Número,1,,,
 9839119,,28607574,,,,,,,,Vela Neon Glitter - Bronze | Decoração para Festa,"Vela Neon Glitter - Bronze para bolo. Efeito neon e glitter, visual moderno e fácil de usar. Ideal para aniversários e festas temáticas.","vela para bolo, vela neon glitter, vela de aniversário, vela número, decoração de bolo","<p><strong>✨ Descrição completa — Vela Neon Glitter - Bronze</strong></p><p>A <strong>Vela Neon Glitter Bronze</strong> é perfeita para destacar o bolo e deixar a comemoração ainda mais especial.</p>
<p>Com acabamento em <strong>glitter</strong> e cores vibrantes, traz um visual moderno e alegre, ideal para aniversários, festas temáticas e celebrações especiais.</p>
<p>Disponível em diversos números e cores, permite personalizar o bolo de acordo com a idade ou ocasião.</p><h3>Características</h3><ul><li>Acabamento com efeito glitter</li><li>Cores vibrantes e modernas</li><li>Ideal para bolos de aniversário</li><li>Fácil de usar</li></ul><p><strong>📋 Especificações do produto</strong></p><ul><li><strong>Material:</strong> Parafina</li><li><strong>Tipo:</strong> Vela decorativa para bolo</li><li><strong>Conteúdo da embalagem:</strong> 1 vela (número)</li></ul>
<p><strong>🚚 Frete e prazo</strong></p><p>Calcule o frete e o prazo de entrega informando seu CEP antes de finalizar a compra.</p><p><strong>💡 Dica</strong></p><p>Combine com outros artigos de festa para uma mesa completa e harmoniosa.</p><p><strong>❤️ Garanta o seu</strong></p><p>Garanta agora <strong>Vela Neon Glitter - Bronze</strong> e deixe sua festa ou evento ainda mais especial!</p>",Vela decorativa com efeito neon e glitter. Ideal para bolos de aniversário e comemorações especiais.,,"media://products/1-23.png,media://products/2-24.png,media://products/3-24.png,media://products/4-23.png,media://products/5-24.png,media://products/6-24.png,media://products/7-24.png,media://products/8-22.png,media://products/9-17.png,media://products/10-17.png,media://products/11-12.png",,,,,,1,,Artigos de Festa,Velas,Velas de Número,,,10,,Número,2,,,
 9839119,,28607575,,,,,,,,Vela Neon Glitter - Bronze | Decoração para Festa,"Vela Neon Glitter - Bronze para bolo. Efeito neon e glitter, visual moderno e fácil de usar. Ideal para aniversários e festas temáticas.","vela para bolo, vela neon glitter, vela de aniversário, vela número, decoração de bolo","<p><strong>✨ Descrição completa — Vela Neon Glitter - Bronze</strong></p><p>A <strong>Vela Neon Glitter Bronze</strong> é perfeita para destacar o bolo e deixar a comemoração ainda mais especial.</p>
<p>Com acabamento em <strong>glitter</strong> e cores vibrantes, traz um visual moderno e alegre, ideal para aniversários, festas temáticas e celebrações especiais.</p>
<p>Disponível em diversos números e cores, permite personalizar o bolo de acordo com a idade ou ocasião.</p><h3>Características</h3><ul><li>Acabamento com efeito glitter</li><li>Cores vibrantes e modernas</li><li>Ideal para bolos de aniversário</li><li>Fácil de usar</li></ul><p><strong>📋 Especificações do produto</strong></p><ul><li><strong>Material:</strong> Parafina</li><li><strong>Tipo:</strong> Vela decorativa para bolo</li><li><strong>Conteúdo da embalagem:</strong> 1 vela (número)</li></ul>
<p><strong>🚚 Frete e prazo</strong></p><p>Calcule o frete e o prazo de entrega informando seu CEP antes de finalizar a compra.</p><p><strong>💡 Dica</strong></p><p>Combine com outros artigos de festa para uma mesa completa e harmoniosa.</p><p><strong>❤️ Garanta o seu</strong></p><p>Garanta agora <strong>Vela Neon Glitter - Bronze</strong> e deixe sua festa ou evento ainda mais especial!</p>",Vela decorativa com efeito neon e glitter. Ideal para bolos de aniversário e comemorações especiais.,,"media://products/1-23.png,media://products/2-24.png,media://products/3-24.png,media://products/4-23.png,media://products/5-24.png,media://products/6-24.png,media://products/7-24.png,media://products/8-22.png,media://products/9-17.png,media://products/10-17.png,media://products/11-12.png",,,,,,1,,Artigos de Festa,Velas,Velas de Número,,,10,,Número,3,,,
 9839119,,28607576,,,,,,,,Vela Neon Glitter - Bronze | Decoração para Festa,"Vela Neon Glitter - Bronze para bolo. Efeito neon e glitter, visual moderno e fácil de usar. Ideal para aniversários e festas temáticas.","vela para bolo, vela neon glitter, vela de aniversário, vela número, decoração de bolo","<p><strong>✨ Descrição completa — Vela Neon Glitter - Bronze</strong></p><p>A <strong>Vela Neon Glitter Bronze</strong> é perfeita para destacar o bolo e deixar a comemoração ainda mais especial.</p>
<p>Com acabamento em <strong>glitter</strong> e cores vibrantes, traz um visual moderno e alegre, ideal para aniversários, festas temáticas e celebrações especiais.</p>
<p>Disponível em diversos números e cores, permite personalizar o bolo de acordo com a idade ou ocasião.</p><h3>Características</h3><ul><li>Acabamento com efeito glitter</li><li>Cores vibrantes e modernas</li><li>Ideal para bolos de aniversário</li><li>Fácil de usar</li></ul><p><strong>📋 Especificações do produto</strong></p><ul><li><strong>Material:</strong> Parafina</li><li><strong>Tipo:</strong> Vela decorativa para bolo</li><li><strong>Conteúdo da embalagem:</strong> 1 vela (número)</li></ul>
<p><strong>🚚 Frete e prazo</strong></p><p>Calcule o frete e o prazo de entrega informando seu CEP antes de finalizar a compra.</p><p><strong>💡 Dica</strong></p><p>Combine com outros artigos de festa para uma mesa completa e harmoniosa.</p><p><strong>❤️ Garanta o seu</strong></p><p>Garanta agora <strong>Vela Neon Glitter - Bronze</strong> e deixe sua festa ou evento ainda mais especial!</p>",Vela decorativa com efeito neon e glitter. Ideal para bolos de aniversário e comemorações especiais.,,"media://products/1-23.png,media://products/2-24.png,media://products/3-24.png,media://products/4-23.png,media://products/5-24.png,media://products/6-24.png,media://products/7-24.png,media://products/8-22.png,media://products/9-17.png,media://products/10-17.png,media://products/11-12.png",,,,,,1,,Artigos de Festa,Velas,Velas de Número,,,10,,Número,4,,,
 9839119,,28607577,,,,,,,,Vela Neon Glitter - Bronze | Decoração para Festa,"Vela Neon Glitter - Bronze para bolo. Efeito neon e glitter, visual moderno e fácil de usar. Ideal para aniversários e festas temáticas.","vela para bolo, vela neon glitter, vela de aniversário, vela número, decoração de bolo","<p><strong>✨ Descrição completa — Vela Neon Glitter - Bronze</strong></p><p>A <strong>Vela Neon Glitter Bronze</strong> é perfeita para destacar o bolo e deixar a comemoração ainda mais especial.</p>
<p>Com acabamento em <strong>glitter</strong> e cores vibrantes, traz um visual moderno e alegre, ideal para aniversários, festas temáticas e celebrações especiais.</p>
<p>Disponível em diversos números e cores, permite personalizar o bolo de acordo com a idade ou ocasião.</p><h3>Características</h3><ul><li>Acabamento com efeito glitter</li><li>Cores vibrantes e modernas</li><li>Ideal para bolos de aniversário</li><li>Fácil de usar</li></ul><p><strong>📋 Especificações do produto</strong></p><ul><li><strong>Material:</strong> Parafina</li><li><strong>Tipo:</strong> Vela decorativa para bolo</li><li><strong>Conteúdo da embalagem:</strong> 1 vela (número)</li></ul>
<p><strong>🚚 Frete e prazo</strong></p><p>Calcule o frete e o prazo de entrega informando seu CEP antes de finalizar a compra.</p><p><strong>💡 Dica</strong></p><p>Combine com outros artigos de festa para uma mesa completa e harmoniosa.</p><p><strong>❤️ Garanta o seu</strong></p><p>Garanta agora <strong>Vela Neon Glitter - Bronze</strong> e deixe sua festa ou evento ainda mais especial!</p>",Vela decorativa com efeito neon e glitter. Ideal para bolos de aniversário e comemorações especiais.,,"media://products/1-23.png,media://products/2-24.png,media://products/3-24.png,media://products/4-23.png,media://products/5-24.png,media://products/6-24.png,media://products/7-24.png,media://products/8-22.png,media://products/9-17.png,media://products/10-17.png,media://products/11-12.png",,,,,,1,,Artigos de Festa,Velas,Velas de Número,,,10,,Número,5,,,
 9839119,,28607578,,,,,,,,Vela Neon Glitter - Bronze | Decoração para Festa,"Vela Neon Glitter - Bronze para bolo. Efeito neon e glitter, visual moderno e fácil de usar. Ideal para aniversários e festas temáticas.","vela para bolo, vela neon glitter, vela de aniversário, vela número, decoração de bolo","<p><strong>✨ Descrição completa — Vela Neon Glitter - Bronze</strong></p><p>A <strong>Vela Neon Glitter Bronze</strong> é perfeita para destacar o bolo e deixar a comemoração ainda mais especial.</p>
<p>Com acabamento em <strong>glitter</strong> e cores vibrantes, traz um visual moderno e alegre, ideal para aniversários, festas temáticas e celebrações especiais.</p>
<p>Disponível em diversos números e cores, permite personalizar o bolo de acordo com a idade ou ocasião.</p><h3>Características</h3><ul><li>Acabamento com efeito glitter</li><li>Cores vibrantes e modernas</li><li>Ideal para bolos de aniversário</li><li>Fácil de usar</li></ul><p><strong>📋 Especificações do produto</strong></p><ul><li><strong>Material:</strong> Parafina</li><li><strong>Tipo:</strong> Vela decorativa para bolo</li><li><strong>Conteúdo da embalagem:</strong> 1 vela (número)</li></ul>
<p><strong>🚚 Frete e prazo</strong></p><p>Calcule o frete e o prazo de entrega informando seu CEP antes de finalizar a compra.</p><p><strong>💡 Dica</strong></p><p>Combine com outros artigos de festa para uma mesa completa e harmoniosa.</p><p><strong>❤️ Garanta o seu</strong></p><p>Garanta agora <strong>Vela Neon Glitter - Bronze</strong> e deixe sua festa ou evento ainda mais especial!</p>",Vela decorativa com efeito neon e glitter. Ideal para bolos de aniversário e comemorações especiais.,,"media://products/1-23.png,media://products/2-24.png,media://products/3-24.png,media://products/4-23.png,media://products/5-24.png,media://products/6-24.png,media://products/7-24.png,media://products/8-22.png,media://products/9-17.png,media://products/10-17.png,media://products/11-12.png",,,,,,1,,Artigos de Festa,Velas,Velas de Número,,,10,,Número,6,,,
 9839119,,28607579,,,,,,,,Vela Neon Glitter - Bronze | Decoração para Festa,"Vela Neon Glitter - Bronze para bolo. Efeito neon e glitter, visual moderno e fácil de usar. Ideal para aniversários e festas temáticas.","vela para bolo, vela neon glitter, vela de aniversário, vela número, decoração de bolo","<p><strong>✨ Descrição completa — Vela Neon Glitter - Bronze</strong></p><p>A <strong>Vela Neon Glitter Bronze</strong> é perfeita para destacar o bolo e deixar a comemoração ainda mais especial.</p>
<p>Com acabamento em <strong>glitter</strong> e cores vibrantes, traz um visual moderno e alegre, ideal para aniversários, festas temáticas e celebrações especiais.</p>
<p>Disponível em diversos números e cores, permite personalizar o bolo de acordo com a idade ou ocasião.</p><h3>Características</h3><ul><li>Acabamento com efeito glitter</li><li>Cores vibrantes e modernas</li><li>Ideal para bolos de aniversário</li><li>Fácil de usar</li></ul><p><strong>📋 Especificações do produto</strong></p><ul><li><strong>Material:</strong> Parafina</li><li><strong>Tipo:</strong> Vela decorativa para bolo</li><li><strong>Conteúdo da embalagem:</strong> 1 vela (número)</li></ul>
<p><strong>🚚 Frete e prazo</strong></p><p>Calcule o frete e o prazo de entrega informando seu CEP antes de finalizar a compra.</p><p><strong>💡 Dica</strong></p><p>Combine com outros artigos de festa para uma mesa completa e harmoniosa.</p><p><strong>❤️ Garanta o seu</strong></p><p>Garanta agora <strong>Vela Neon Glitter - Bronze</strong> e deixe sua festa ou evento ainda mais especial!</p>",Vela decorativa com efeito neon e glitter. Ideal para bolos de aniversário e comemorações especiais.,,"media://products/1-23.png,media://products/2-24.png,media://products/3-24.png,media://products/4-23.png,media://products/5-24.png,media://products/6-24.png,media://products/7-24.png,media://products/8-22.png,media://products/9-17.png,media://products/10-17.png,media://products/11-12.png",,,,,,1,,Artigos de Festa,Velas,Velas de Número,,,10,,Número,7,,,
 9839119,,28607580,,,,,,,,Vela Neon Glitter - Bronze | Decoração para Festa,"Vela Neon Glitter - Bronze para bolo. Efeito neon e glitter, visual moderno e fácil de usar. Ideal para aniversários e festas temáticas.","vela para bolo, vela neon glitter, vela de aniversário, vela número, decoração de bolo","<p><strong>✨ Descrição completa — Vela Neon Glitter - Bronze</strong></p><p>A <strong>Vela Neon Glitter Bronze</strong> é perfeita para destacar o bolo e deixar a comemoração ainda mais especial.</p>
<p>Com acabamento em <strong>glitter</strong> e cores vibrantes, traz um visual moderno e alegre, ideal para aniversários, festas temáticas e celebrações especiais.</p>
<p>Disponível em diversos números e cores, permite personalizar o bolo de acordo com a idade ou ocasião.</p><h3>Características</h3><ul><li>Acabamento com efeito glitter</li><li>Cores vibrantes e modernas</li><li>Ideal para bolos de aniversário</li><li>Fácil de usar</li></ul><p><strong>📋 Especificações do produto</strong></p><ul><li><strong>Material:</strong> Parafina</li><li><strong>Tipo:</strong> Vela decorativa para bolo</li><li><strong>Conteúdo da embalagem:</strong> 1 vela (número)</li></ul>
<p><strong>🚚 Frete e prazo</strong></p><p>Calcule o frete e o prazo de entrega informando seu CEP antes de finalizar a compra.</p><p><strong>💡 Dica</strong></p><p>Combine com outros artigos de festa para uma mesa completa e harmoniosa.</p><p><strong>❤️ Garanta o seu</strong></p><p>Garanta agora <strong>Vela Neon Glitter - Bronze</strong> e deixe sua festa ou evento ainda mais especial!</p>",Vela decorativa com efeito neon e glitter. Ideal para bolos de aniversário e comemorações especiais.,,"media://products/1-23.png,media://products/2-24.png,media://products/3-24.png,media://products/4-23.png,media://products/5-24.png,media://products/6-24.png,media://products/7-24.png,media://products/8-22.png,media://products/9-17.png,media://products/10-17.png,media://products/11-12.png",,,,,,1,,Artigos de Festa,Velas,Velas de Número,,,10,,Número,8,,,
 9839119,,28607581,,,,,,,,Vela Neon Glitter - Bronze | Decoração para Festa,"Vela Neon Glitter - Bronze para bolo. Efeito neon e glitter, visual moderno e fácil de usar. Ideal para aniversários e festas temáticas.","vela para bolo, vela neon glitter, vela de aniversário, vela número, decoração de bolo","<p><strong>✨ Descrição completa — Vela Neon Glitter - Bronze</strong></p><p>A <strong>Vela Neon Glitter Bronze</strong> é perfeita para destacar o bolo e deixar a comemoração ainda mais especial.</p>
<p>Com acabamento em <strong>glitter</strong> e cores vibrantes, traz um visual moderno e alegre, ideal para aniversários, festas temáticas e celebrações especiais.</p>
<p>Disponível em diversos números e cores, permite personalizar o bolo de acordo com a idade ou ocasião.</p><h3>Características</h3><ul><li>Acabamento com efeito glitter</li><li>Cores vibrantes e modernas</li><li>Ideal para bolos de aniversário</li><li>Fácil de usar</li></ul><p><strong>📋 Especificações do produto</strong></p><ul><li><strong>Material:</strong> Parafina</li><li><strong>Tipo:</strong> Vela decorativa para bolo</li><li><strong>Conteúdo da embalagem:</strong> 1 vela (número)</li></ul>
<p><strong>🚚 Frete e prazo</strong></p><p>Calcule o frete e o prazo de entrega informando seu CEP antes de finalizar a compra.</p><p><strong>💡 Dica</strong></p><p>Combine com outros artigos de festa para uma mesa completa e harmoniosa.</p><p><strong>❤️ Garanta o seu</strong></p><p>Garanta agora <strong>Vela Neon Glitter - Bronze</strong> e deixe sua festa ou evento ainda mais especial!</p>",Vela decorativa com efeito neon e glitter. Ideal para bolos de aniversário e comemorações especiais.,,"media://products/1-23.png,media://products/2-24.png,media://products/3-24.png,media://products/4-23.png,media://products/5-24.png,media://products/6-24.png,media://products/7-24.png,media://products/8-22.png,media://products/9-17.png,media://products/10-17.png,media://products/11-12.png",,,,,,1,,Artigos de Festa,Velas,Velas de Número,,,10,,Número,9,,,
 9839119,,28607582,,,,,,,,Vela Neon Glitter - Bronze | Decoração para Festa,"Vela Neon Glitter - Bronze para bolo. Efeito neon e glitter, visual moderno e fácil de usar. Ideal para aniversários e festas temáticas.","vela para bolo, vela neon glitter, vela de aniversário, vela número, decoração de bolo","<p><strong>✨ Descrição completa — Vela Neon Glitter - Bronze</strong></p><p>A <strong>Vela Neon Glitter Bronze</strong> é perfeita para destacar o bolo e deixar a comemoração ainda mais especial.</p>
<p>Com acabamento em <strong>glitter</strong> e cores vibrantes, traz um visual moderno e alegre, ideal para aniversários, festas temáticas e celebrações especiais.</p>
<p>Disponível em diversos números e cores, permite personalizar o bolo de acordo com a idade ou ocasião.</p><h3>Características</h3><ul><li>Acabamento com efeito glitter</li><li>Cores vibrantes e modernas</li><li>Ideal para bolos de aniversário</li><li>Fácil de usar</li></ul><p><strong>📋 Especificações do produto</strong></p><ul><li><strong>Material:</strong> Parafina</li><li><strong>Tipo:</strong> Vela decorativa para bolo</li><li><strong>Conteúdo da embalagem:</strong> 1 vela (número)</li></ul>
<p><strong>🚚 Frete e prazo</strong></p><p>Calcule o frete e o prazo de entrega informando seu CEP antes de finalizar a compra.</p><p><strong>💡 Dica</strong></p><p>Combine com outros artigos de festa para uma mesa completa e harmoniosa.</p><p><strong>❤️ Garanta o seu</strong></p><p>Garanta agora <strong>Vela Neon Glitter - Bronze</strong> e deixe sua festa ou evento ainda mais especial!</p>",Vela decorativa com efeito neon e glitter. Ideal para bolos de aniversário e comemorações especiais.,,"media://products/1-23.png,media://products/2-24.png,media://products/3-24.png,media://products/4-23.png,media://products/5-24.png,media://products/6-24.png,media://products/7-24.png,media://products/8-22.png,media://products/9-17.png,media://products/10-17.png,media://products/11-12.png",,,,,,1,,Artigos de Festa,Velas,Velas de Número,,,10,,Número,?,,,
9839133,,,,Vela Neon Glitter - Dourado,/vela-neon-glitter-dourado,"3,030",2.00,4.00,10.00,Vela Neon Glitter - Dourado | Decoração para Festa,"Vela Neon Glitter - Dourado para bolo. Efeito neon e glitter, visual moderno e fácil de usar. Ideal para aniversários e festas temáticas.","vela para bolo, vela neon glitter, vela de aniversário, vela número, decoração de bolo","<p><strong>✨ Descrição completa — Vela Neon Glitter - Dourado</strong></p><p>A <strong>Vela Neon Glitter Dourado</strong> é perfeita para destacar o bolo e deixar a comemoração ainda mais especial.</p>
<p>Com acabamento em <strong>glitter</strong> e cores vibrantes, traz um visual moderno e alegre, ideal para aniversários, festas temáticas e celebrações especiais.</p>
<p>Disponível em diversos números e cores, permite personalizar o bolo de acordo com a idade ou ocasião.</p><h3>Características</h3><ul><li>Acabamento com efeito glitter</li><li>Cores vibrantes e modernas</li><li>Ideal para bolos de aniversário</li><li>Fácil de usar</li></ul><p><strong>📋 Especificações do produto</strong></p><ul><li><strong>Material:</strong> Parafina</li><li><strong>Tipo:</strong> Vela decorativa para bolo</li><li><strong>Conteúdo da embalagem:</strong> 1 vela (número)</li></ul>
<p><strong>🚚 Frete e prazo</strong></p><p>Calcule o frete e o prazo de entrega informando seu CEP antes de finalizar a compra.</p><p><strong>💡 Dica</strong></p><p>Combine com outros artigos de festa para uma mesa completa e harmoniosa.</p><p><strong>❤️ Garanta o seu</strong></p><p>Garanta agora <strong>Vela Neon Glitter - Dourado</strong> e deixe sua festa ou evento ainda mais especial!</p>",Vela decorativa com efeito neon e glitter. Ideal para bolos de aniversário e comemorações especiais.,,"media://products/1-26.png,media://products/2-27.png,media://products/3-27.png,media://products/4-26.png,media://products/5-27.png,media://products/6-27.png,media://products/7-27.png,media://products/8-25.png,media://products/9-20.png,media://products/10-20.png,media://products/11-15.png,media://products/12-4.png",9.90,,,,,1,,Artigos de Festa,Velas,Velas de Número,,,10,,,,,,
 9839133,,28607632,,,,,,,,Vela Neon Glitter - Dourado | Decoração para Festa,"Vela Neon Glitter - Dourado para bolo. Efeito neon e glitter, visual moderno e fácil de usar. Ideal para aniversários e festas temáticas.","vela para bolo, vela neon glitter, vela de aniversário, vela número, decoração de bolo","<p><strong>✨ Descrição completa — Vela Neon Glitter - Dourado</strong></p><p>A <strong>Vela Neon Glitter Dourado</strong> é perfeita para destacar o bolo e deixar a comemoração ainda mais especial.</p>
<p>Com acabamento em <strong>glitter</strong> e cores vibrantes, traz um visual moderno e alegre, ideal para aniversários, festas temáticas e celebrações especiais.</p>
<p>Disponível em diversos números e cores, permite personalizar o bolo de acordo com a idade ou ocasião.</p><h3>Características</h3><ul><li>Acabamento com efeito glitter</li><li>Cores vibrantes e modernas</li><li>Ideal para bolos de aniversário</li><li>Fácil de usar</li></ul><p><strong>📋 Especificações do produto</strong></p><ul><li><strong>Material:</strong> Parafina</li><li><strong>Tipo:</strong> Vela decorativa para bolo</li><li><strong>Conteúdo da embalagem:</strong> 1 vela (número)</li></ul>
<p><strong>🚚 Frete e prazo</strong></p><p>Calcule o frete e o prazo de entrega informando seu CEP antes de finalizar a compra.</p><p><strong>💡 Dica</strong></p><p>Combine com outros artigos de festa para uma mesa completa e harmoniosa.</p><p><strong>❤️ Garanta o seu</strong></p><p>Garanta agora <strong>Vela Neon Glitter - Dourado</strong> e deixe sua festa ou evento ainda mais especial!</p>",Vela decorativa com efeito neon e glitter. Ideal para bolos de aniversário e comemorações especiais.,,"media://products/1-26.png,media://products/2-27.png,media://products/3-27.png,media://products/4-26.png,media://products/5-27.png,media://products/6-27.png,media://products/7-27.png,media://products/8-25.png,media://products/9-20.png,media://products/10-20.png,media://products/11-15.png,media://products/12-4.png",,,,,,1,,Artigos de Festa,Velas,Velas de Número,,,10,,Número,0,,,
 9839133,,28607633,,,,,,,,Vela Neon Glitter - Dourado | Decoração para Festa,"Vela Neon Glitter - Dourado para bolo. Efeito neon e glitter, visual moderno e fácil de usar. Ideal para aniversários e festas temáticas.","vela para bolo, vela neon glitter, vela de aniversário, vela número, decoração de bolo","<p><strong>✨ Descrição completa — Vela Neon Glitter - Dourado</strong></p><p>A <strong>Vela Neon Glitter Dourado</strong> é perfeita para destacar o bolo e deixar a comemoração ainda mais especial.</p>
<p>Com acabamento em <strong>glitter</strong> e cores vibrantes, traz um visual moderno e alegre, ideal para aniversários, festas temáticas e celebrações especiais.</p>
<p>Disponível em diversos números e cores, permite personalizar o bolo de acordo com a idade ou ocasião.</p><h3>Características</h3><ul><li>Acabamento com efeito glitter</li><li>Cores vibrantes e modernas</li><li>Ideal para bolos de aniversário</li><li>Fácil de usar</li></ul><p><strong>📋 Especificações do produto</strong></p><ul><li><strong>Material:</strong> Parafina</li><li><strong>Tipo:</strong> Vela decorativa para bolo</li><li><strong>Conteúdo da embalagem:</strong> 1 vela (número)</li></ul>
<p><strong>🚚 Frete e prazo</strong></p><p>Calcule o frete e o prazo de entrega informando seu CEP antes de finalizar a compra.</p><p><strong>💡 Dica</strong></p><p>Combine com outros artigos de festa para uma mesa completa e harmoniosa.</p><p><strong>❤️ Garanta o seu</strong></p><p>Garanta agora <strong>Vela Neon Glitter - Dourado</strong> e deixe sua festa ou evento ainda mais especial!</p>",Vela decorativa com efeito neon e glitter. Ideal para bolos de aniversário e comemorações especiais.,,"media://products/1-26.png,media://products/2-27.png,media://products/3-27.png,media://products/4-26.png,media://products/5-27.png,media://products/6-27.png,media://products/7-27.png,media://products/8-25.png,media://products/9-20.png,media://products/10-20.png,media://products/11-15.png,media://products/12-4.png",,,,,,1,,Artigos de Festa,Velas,Velas de Número,,,10,,Número,1,,,
 9839133,,28607634,,,,,,,,Vela Neon Glitter - Dourado | Decoração para Festa,"Vela Neon Glitter - Dourado para bolo. Efeito neon e glitter, visual moderno e fácil de usar. Ideal para aniversários e festas temáticas.","vela para bolo, vela neon glitter, vela de aniversário, vela número, decoração de bolo","<p><strong>✨ Descrição completa — Vela Neon Glitter - Dourado</strong></p><p>A <strong>Vela Neon Glitter Dourado</strong> é perfeita para destacar o bolo e deixar a comemoração ainda mais especial.</p>
<p>Com acabamento em <strong>glitter</strong> e cores vibrantes, traz um visual moderno e alegre, ideal para aniversários, festas temáticas e celebrações especiais.</p>
<p>Disponível em diversos números e cores, permite personalizar o bolo de acordo com a idade ou ocasião.</p><h3>Características</h3><ul><li>Acabamento com efeito glitter</li><li>Cores vibrantes e modernas</li><li>Ideal para bolos de aniversário</li><li>Fácil de usar</li></ul><p><strong>📋 Especificações do produto</strong></p><ul><li><strong>Material:</strong> Parafina</li><li><strong>Tipo:</strong> Vela decorativa para bolo</li><li><strong>Conteúdo da embalagem:</strong> 1 vela (número)</li></ul>
<p><strong>🚚 Frete e prazo</strong></p><p>Calcule o frete e o prazo de entrega informando seu CEP antes de finalizar a compra.</p><p><strong>💡 Dica</strong></p><p>Combine com outros artigos de festa para uma mesa completa e harmoniosa.</p><p><strong>❤️ Garanta o seu</strong></p><p>Garanta agora <strong>Vela Neon Glitter - Dourado</strong> e deixe sua festa ou evento ainda mais especial!</p>",Vela decorativa com efeito neon e glitter. Ideal para bolos de aniversário e comemorações especiais.,,"media://products/1-26.png,media://products/2-27.png,media://products/3-27.png,media://products/4-26.png,media://products/5-27.png,media://products/6-27.png,media://products/7-27.png,media://products/8-25.png,media://products/9-20.png,media://products/10-20.png,media://products/11-15.png,media://products/12-4.png",,,,,,1,,Artigos de Festa,Velas,Velas de Número,,,10,,Número,2,,,
 9839133,,28607635,,,,,,,,Vela Neon Glitter - Dourado | Decoração para Festa,"Vela Neon Glitter - Dourado para bolo. Efeito neon e glitter, visual moderno e fácil de usar. Ideal para aniversários e festas temáticas.","vela para bolo, vela neon glitter, vela de aniversário, vela número, decoração de bolo","<p><strong>✨ Descrição completa — Vela Neon Glitter - Dourado</strong></p><p>A <strong>Vela Neon Glitter Dourado</strong> é perfeita para destacar o bolo e deixar a comemoração ainda mais especial.</p>
<p>Com acabamento em <strong>glitter</strong> e cores vibrantes, traz um visual moderno e alegre, ideal para aniversários, festas temáticas e celebrações especiais.</p>
<p>Disponível em diversos números e cores, permite personalizar o bolo de acordo com a idade ou ocasião.</p><h3>Características</h3><ul><li>Acabamento com efeito glitter</li><li>Cores vibrantes e modernas</li><li>Ideal para bolos de aniversário</li><li>Fácil de usar</li></ul><p><strong>📋 Especificações do produto</strong></p><ul><li><strong>Material:</strong> Parafina</li><li><strong>Tipo:</strong> Vela decorativa para bolo</li><li><strong>Conteúdo da embalagem:</strong> 1 vela (número)</li></ul>
<p><strong>🚚 Frete e prazo</strong></p><p>Calcule o frete e o prazo de entrega informando seu CEP antes de finalizar a compra.</p><p><strong>💡 Dica</strong></p><p>Combine com outros artigos de festa para uma mesa completa e harmoniosa.</p><p><strong>❤️ Garanta o seu</strong></p><p>Garanta agora <strong>Vela Neon Glitter - Dourado</strong> e deixe sua festa ou evento ainda mais especial!</p>",Vela decorativa com efeito neon e glitter. Ideal para bolos de aniversário e comemorações especiais.,,"media://products/1-26.png,media://products/2-27.png,media://products/3-27.png,media://products/4-26.png,media://products/5-27.png,media://products/6-27.png,media://products/7-27.png,media://products/8-25.png,media://products/9-20.png,media://products/10-20.png,media://products/11-15.png,media://products/12-4.png",,,,,,1,,Artigos de Festa,Velas,Velas de Número,,,10,,Número,3,,,
 9839133,,28607636,,,,,,,,Vela Neon Glitter - Dourado | Decoração para Festa,"Vela Neon Glitter - Dourado para bolo. Efeito neon e glitter, visual moderno e fácil de usar. Ideal para aniversários e festas temáticas.","vela para bolo, vela neon glitter, vela de aniversário, vela número, decoração de bolo","<p><strong>✨ Descrição completa — Vela Neon Glitter - Dourado</strong></p><p>A <strong>Vela Neon Glitter Dourado</strong> é perfeita para destacar o bolo e deixar a comemoração ainda mais especial.</p>
<p>Com acabamento em <strong>glitter</strong> e cores vibrantes, traz um visual moderno e alegre, ideal para aniversários, festas temáticas e celebrações especiais.</p>
<p>Disponível em diversos números e cores, permite personalizar o bolo de acordo com a idade ou ocasião.</p><h3>Características</h3><ul><li>Acabamento com efeito glitter</li><li>Cores vibrantes e modernas</li><li>Ideal para bolos de aniversário</li><li>Fácil de usar</li></ul><p><strong>📋 Especificações do produto</strong></p><ul><li><strong>Material:</strong> Parafina</li><li><strong>Tipo:</strong> Vela decorativa para bolo</li><li><strong>Conteúdo da embalagem:</strong> 1 vela (número)</li></ul>
<p><strong>🚚 Frete e prazo</strong></p><p>Calcule o frete e o prazo de entrega informando seu CEP antes de finalizar a compra.</p><p><strong>💡 Dica</strong></p><p>Combine com outros artigos de festa para uma mesa completa e harmoniosa.</p><p><strong>❤️ Garanta o seu</strong></p><p>Garanta agora <strong>Vela Neon Glitter - Dourado</strong> e deixe sua festa ou evento ainda mais especial!</p>",Vela decorativa com efeito neon e glitter. Ideal para bolos de aniversário e comemorações especiais.,,"media://products/1-26.png,media://products/2-27.png,media://products/3-27.png,media://products/4-26.png,media://products/5-27.png,media://products/6-27.png,media://products/7-27.png,media://products/8-25.png,media://products/9-20.png,media://products/10-20.png,media://products/11-15.png,media://products/12-4.png",,,,,,1,,Artigos de Festa,Velas,Velas de Número,,,10,,Número,4,,,
 9839133,,28607637,,,,,,,,Vela Neon Glitter - Dourado | Decoração para Festa,"Vela Neon Glitter - Dourado para bolo. Efeito neon e glitter, visual moderno e fácil de usar. Ideal para aniversários e festas temáticas.","vela para bolo, vela neon glitter, vela de aniversário, vela número, decoração de bolo","<p><strong>✨ Descrição completa — Vela Neon Glitter - Dourado</strong></p><p>A <strong>Vela Neon Glitter Dourado</strong> é perfeita para destacar o bolo e deixar a comemoração ainda mais especial.</p>
<p>Com acabamento em <strong>glitter</strong> e cores vibrantes, traz um visual moderno e alegre, ideal para aniversários, festas temáticas e celebrações especiais.</p>
<p>Disponível em diversos números e cores, permite personalizar o bolo de acordo com a idade ou ocasião.</p><h3>Características</h3><ul><li>Acabamento com efeito glitter</li><li>Cores vibrantes e modernas</li><li>Ideal para bolos de aniversário</li><li>Fácil de usar</li></ul><p><strong>📋 Especificações do produto</strong></p><ul><li><strong>Material:</strong> Parafina</li><li><strong>Tipo:</strong> Vela decorativa para bolo</li><li><strong>Conteúdo da embalagem:</strong> 1 vela (número)</li></ul>
<p><strong>🚚 Frete e prazo</strong></p><p>Calcule o frete e o prazo de entrega informando seu CEP antes de finalizar a compra.</p><p><strong>💡 Dica</strong></p><p>Combine com outros artigos de festa para uma mesa completa e harmoniosa.</p><p><strong>❤️ Garanta o seu</strong></p><p>Garanta agora <strong>Vela Neon Glitter - Dourado</strong> e deixe sua festa ou evento ainda mais especial!</p>",Vela decorativa com efeito neon e glitter. Ideal para bolos de aniversário e comemorações especiais.,,"media://products/1-26.png,media://products/2-27.png,media://products/3-27.png,media://products/4-26.png,media://products/5-27.png,media://products/6-27.png,media://products/7-27.png,media://products/8-25.png,media://products/9-20.png,media://products/10-20.png,media://products/11-15.png,media://products/12-4.png",,,,,,1,,Artigos de Festa,Velas,Velas de Número,,,10,,Número,5,,,
 9839133,,28607638,,,,,,,,Vela Neon Glitter - Dourado | Decoração para Festa,"Vela Neon Glitter - Dourado para bolo. Efeito neon e glitter, visual moderno e fácil de usar. Ideal para aniversários e festas temáticas.","vela para bolo, vela neon glitter, vela de aniversário, vela número, decoração de bolo","<p><strong>✨ Descrição completa — Vela Neon Glitter - Dourado</strong></p><p>A <strong>Vela Neon Glitter Dourado</strong> é perfeita para destacar o bolo e deixar a comemoração ainda mais especial.</p>
<p>Com acabamento em <strong>glitter</strong> e cores vibrantes, traz um visual moderno e alegre, ideal para aniversários, festas temáticas e celebrações especiais.</p>
<p>Disponível em diversos números e cores, permite personalizar o bolo de acordo com a idade ou ocasião.</p><h3>Características</h3><ul><li>Acabamento com efeito glitter</li><li>Cores vibrantes e modernas</li><li>Ideal para bolos de aniversário</li><li>Fácil de usar</li></ul><p><strong>📋 Especificações do produto</strong></p><ul><li><strong>Material:</strong> Parafina</li><li><strong>Tipo:</strong> Vela decorativa para bolo</li><li><strong>Conteúdo da embalagem:</strong> 1 vela (número)</li></ul>
<p><strong>🚚 Frete e prazo</strong></p><p>Calcule o frete e o prazo de entrega informando seu CEP antes de finalizar a compra.</p><p><strong>💡 Dica</strong></p><p>Combine com outros artigos de festa para uma mesa completa e harmoniosa.</p><p><strong>❤️ Garanta o seu</strong></p><p>Garanta agora <strong>Vela Neon Glitter - Dourado</strong> e deixe sua festa ou evento ainda mais especial!</p>",Vela decorativa com efeito neon e glitter. Ideal para bolos de aniversário e comemorações especiais.,,"media://products/1-26.png,media://products/2-27.png,media://products/3-27.png,media://products/4-26.png,media://products/5-27.png,media://products/6-27.png,media://products/7-27.png,media://products/8-25.png,media://products/9-20.png,media://products/10-20.png,media://products/11-15.png,media://products/12-4.png",,,,,,1,,Artigos de Festa,Velas,Velas de Número,,,10,,Número,6,,,
 9839133,,28607639,,,,,,,,Vela Neon Glitter - Dourado | Decoração para Festa,"Vela Neon Glitter - Dourado para bolo. Efeito neon e glitter, visual moderno e fácil de usar. Ideal para aniversários e festas temáticas.","vela para bolo, vela neon glitter, vela de aniversário, vela número, decoração de bolo","<p><strong>✨ Descrição completa — Vela Neon Glitter - Dourado</strong></p><p>A <strong>Vela Neon Glitter Dourado</strong> é perfeita para destacar o bolo e deixar a comemoração ainda mais especial.</p>
<p>Com acabamento em <strong>glitter</strong> e cores vibrantes, traz um visual moderno e alegre, ideal para aniversários, festas temáticas e celebrações especiais.</p>
<p>Disponível em diversos números e cores, permite personalizar o bolo de acordo com a idade ou ocasião.</p><h3>Características</h3><ul><li>Acabamento com efeito glitter</li><li>Cores vibrantes e modernas</li><li>Ideal para bolos de aniversário</li><li>Fácil de usar</li></ul><p><strong>📋 Especificações do produto</strong></p><ul><li><strong>Material:</strong> Parafina</li><li><strong>Tipo:</strong> Vela decorativa para bolo</li><li><strong>Conteúdo da embalagem:</strong> 1 vela (número)</li></ul>
<p><strong>🚚 Frete e prazo</strong></p><p>Calcule o frete e o prazo de entrega informando seu CEP antes de finalizar a compra.</p><p><strong>💡 Dica</strong></p><p>Combine com outros artigos de festa para uma mesa completa e harmoniosa.</p><p><strong>❤️ Garanta o seu</strong></p><p>Garanta agora <strong>Vela Neon Glitter - Dourado</strong> e deixe sua festa ou evento ainda mais especial!</p>",Vela decorativa com efeito neon e glitter. Ideal para bolos de aniversário e comemorações especiais.,,"media://products/1-26.png,media://products/2-27.png,media://products/3-27.png,media://products/4-26.png,media://products/5-27.png,media://products/6-27.png,media://products/7-27.png,media://products/8-25.png,media://products/9-20.png,media://products/10-20.png,media://products/11-15.png,media://products/12-4.png",,,,,,1,,Artigos de Festa,Velas,Velas de Número,,,10,,Número,7,,,
 9839133,,28607640,,,,,,,,Vela Neon Glitter - Dourado | Decoração para Festa,"Vela Neon Glitter - Dourado para bolo. Efeito neon e glitter, visual moderno e fácil de usar. Ideal para aniversários e festas temáticas.","vela para bolo, vela neon glitter, vela de aniversário, vela número, decoração de bolo","<p><strong>✨ Descrição completa — Vela Neon Glitter - Dourado</strong></p><p>A <strong>Vela Neon Glitter Dourado</strong> é perfeita para destacar o bolo e deixar a comemoração ainda mais especial.</p>
<p>Com acabamento em <strong>glitter</strong> e cores vibrantes, traz um visual moderno e alegre, ideal para aniversários, festas temáticas e celebrações especiais.</p>
<p>Disponível em diversos números e cores, permite personalizar o bolo de acordo com a idade ou ocasião.</p><h3>Características</h3><ul><li>Acabamento com efeito glitter</li><li>Cores vibrantes e modernas</li><li>Ideal para bolos de aniversário</li><li>Fácil de usar</li></ul><p><strong>📋 Especificações do produto</strong></p><ul><li><strong>Material:</strong> Parafina</li><li><strong>Tipo:</strong> Vela decorativa para bolo</li><li><strong>Conteúdo da embalagem:</strong> 1 vela (número)</li></ul>
<p><strong>🚚 Frete e prazo</strong></p><p>Calcule o frete e o prazo de entrega informando seu CEP antes de finalizar a compra.</p><p><strong>💡 Dica</strong></p><p>Combine com outros artigos de festa para uma mesa completa e harmoniosa.</p><p><strong>❤️ Garanta o seu</strong></p><p>Garanta agora <strong>Vela Neon Glitter - Dourado</strong> e deixe sua festa ou evento ainda mais especial!</p>",Vela decorativa com efeito neon e glitter. Ideal para bolos de aniversário e comemorações especiais.,,"media://products/1-26.png,media://products/2-27.png,media://products/3-27.png,media://products/4-26.png,media://products/5-27.png,media://products/6-27.png,media://products/7-27.png,media://products/8-25.png,media://products/9-20.png,media://products/10-20.png,media://products/11-15.png,media://products/12-4.png",,,,,,1,,Artigos de Festa,Velas,Velas de Número,,,10,,Número,8,,,
 9839133,,28607641,,,,,,,,Vela Neon Glitter - Dourado | Decoração para Festa,"Vela Neon Glitter - Dourado para bolo. Efeito neon e glitter, visual moderno e fácil de usar. Ideal para aniversários e festas temáticas.","vela para bolo, vela neon glitter, vela de aniversário, vela número, decoração de bolo","<p><strong>✨ Descrição completa — Vela Neon Glitter - Dourado</strong></p><p>A <strong>Vela Neon Glitter Dourado</strong> é perfeita para destacar o bolo e deixar a comemoração ainda mais especial.</p>
<p>Com acabamento em <strong>glitter</strong> e cores vibrantes, traz um visual moderno e alegre, ideal para aniversários, festas temáticas e celebrações especiais.</p>
<p>Disponível em diversos números e cores, permite personalizar o bolo de acordo com a idade ou ocasião.</p><h3>Características</h3><ul><li>Acabamento com efeito glitter</li><li>Cores vibrantes e modernas</li><li>Ideal para bolos de aniversário</li><li>Fácil de usar</li></ul><p><strong>📋 Especificações do produto</strong></p><ul><li><strong>Material:</strong> Parafina</li><li><strong>Tipo:</strong> Vela decorativa para bolo</li><li><strong>Conteúdo da embalagem:</strong> 1 vela (número)</li></ul>
<p><strong>🚚 Frete e prazo</strong></p><p>Calcule o frete e o prazo de entrega informando seu CEP antes de finalizar a compra.</p><p><strong>💡 Dica</strong></p><p>Combine com outros artigos de festa para uma mesa completa e harmoniosa.</p><p><strong>❤️ Garanta o seu</strong></p><p>Garanta agora <strong>Vela Neon Glitter - Dourado</strong> e deixe sua festa ou evento ainda mais especial!</p>",Vela decorativa com efeito neon e glitter. Ideal para bolos de aniversário e comemorações especiais.,,"media://products/1-26.png,media://products/2-27.png,media://products/3-27.png,media://products/4-26.png,media://products/5-27.png,media://products/6-27.png,media://products/7-27.png,media://products/8-25.png,media://products/9-20.png,media://products/10-20.png,media://products/11-15.png,media://products/12-4.png",,,,,,1,,Artigos de Festa,Velas,Velas de Número,,,10,,Número,9,,,
 9839133,,28607642,,,,,,,,Vela Neon Glitter - Dourado | Decoração para Festa,"Vela Neon Glitter - Dourado para bolo. Efeito neon e glitter, visual moderno e fácil de usar. Ideal para aniversários e festas temáticas.","vela para bolo, vela neon glitter, vela de aniversário, vela número, decoração de bolo","<p><strong>✨ Descrição completa — Vela Neon Glitter - Dourado</strong></p><p>A <strong>Vela Neon Glitter Dourado</strong> é perfeita para destacar o bolo e deixar a comemoração ainda mais especial.</p>
<p>Com acabamento em <strong>glitter</strong> e cores vibrantes, traz um visual moderno e alegre, ideal para aniversários, festas temáticas e celebrações especiais.</p>
<p>Disponível em diversos números e cores, permite personalizar o bolo de acordo com a idade ou ocasião.</p><h3>Características</h3><ul><li>Acabamento com efeito glitter</li><li>Cores vibrantes e modernas</li><li>Ideal para bolos de aniversário</li><li>Fácil de usar</li></ul><p><strong>📋 Especificações do produto</strong></p><ul><li><strong>Material:</strong> Parafina</li><li><strong>Tipo:</strong> Vela decorativa para bolo</li><li><strong>Conteúdo da embalagem:</strong> 1 vela (número)</li></ul>
<p><strong>🚚 Frete e prazo</strong></p><p>Calcule o frete e o prazo de entrega informando seu CEP antes de finalizar a compra.</p><p><strong>💡 Dica</strong></p><p>Combine com outros artigos de festa para uma mesa completa e harmoniosa.</p><p><strong>❤️ Garanta o seu</strong></p><p>Garanta agora <strong>Vela Neon Glitter - Dourado</strong> e deixe sua festa ou evento ainda mais especial!</p>",Vela decorativa com efeito neon e glitter. Ideal para bolos de aniversário e comemorações especiais.,,"media://products/1-26.png,media://products/2-27.png,media://products/3-27.png,media://products/4-26.png,media://products/5-27.png,media://products/6-27.png,media://products/7-27.png,media://products/8-25.png,media://products/9-20.png,media://products/10-20.png,media://products/11-15.png,media://products/12-4.png",,,,,,1,,Artigos de Festa,Velas,Velas de Número,,,10,,Número,?,,,
9840733,,,,Vela Neon Glitter Parabéns,/vela-neon-glitter-parabens,"0,100",3.00,15.00,10.00,Vela Neon Glitter Parabéns | Decoração para Festa,"Vela Neon Glitter Parabéns para bolo. Efeito neon e glitter, visual moderno e fácil de usar. Ideal para aniversários e festas temáticas.","vela parabéns, vela glitter, vela para bolo, vela decorativa, aniversário","<p><strong>✨ Descrição completa — Vela Neon Glitter Parabéns</strong></p><p>A <strong>Vela Neon Glitter “Parabéns”</strong> é perfeita para deixar o bolo ainda mais especial e destacar a comemoração.</p>
<p>Com acabamento em <strong>glitter</strong> e cores vibrantes, forma a palavra “Parabéns” sobre o bolo, criando um visual moderno, alegre e cheio de brilho.</p>
<p>Ideal para aniversários, festas temáticas e celebrações especiais.</p><h3>Características</h3><ul><li>Conjunto de velas formando a palavra “Parabéns”</li><li>Acabamento com efeito glitter</li><li>Cores vibrantes e modernas</li><li>Ideal para bolos de aniversário</li></ul><p><strong>📋 Especificações do produto</strong></p><ul><li><strong>Material:</strong> Parafina</li><li><strong>Tipo:</strong> Vela decorativa para bolo</li><li><strong>Conteúdo da embalagem:</strong> 8 velas (PARABÉNS)</li></ul>
<p><strong>🚚 Frete e prazo</strong></p><p>Calcule o frete e o prazo de entrega informando seu CEP antes de finalizar a compra.</p><p><strong>💡 Dica</strong></p><p>Combine com outros artigos de festa para uma mesa completa e harmoniosa.</p><p><strong>❤️ Garanta o seu</strong></p><p>Garanta agora <strong>Vela Neon Glitter Parabéns</strong> e deixe sua festa ou evento ainda mais especial!</p>",Vela decorativa com glitter formando a palavra “Parabéns”. Ideal para bolos de aniversário e comemorações especiais.,,"media://products/1-34.png,media://products/2-35.png,media://products/3-35.png,media://products/4-34.png,media://products/5-35.png,media://products/6-35.png,media://products/7-35.png,media://products/8-33.png",31.90,,,,,1,,Artigos de Festa,Velas,Velas Decorativas,,,10,,,,,,
 9840733,,28613199,,,,,,,,Vela Neon Glitter Parabéns | Decoração para Festa,"Vela Neon Glitter Parabéns para bolo. Efeito neon e glitter, visual moderno e fácil de usar. Ideal para aniversários e festas temáticas.","vela parabéns, vela glitter, vela para bolo, vela decorativa, aniversário","<p><strong>✨ Descrição completa — Vela Neon Glitter Parabéns</strong></p><p>A <strong>Vela Neon Glitter “Parabéns”</strong> é perfeita para deixar o bolo ainda mais especial e destacar a comemoração.</p>
<p>Com acabamento em <strong>glitter</strong> e cores vibrantes, forma a palavra “Parabéns” sobre o bolo, criando um visual moderno, alegre e cheio de brilho.</p>
<p>Ideal para aniversários, festas temáticas e celebrações especiais.</p><h3>Características</h3><ul><li>Conjunto de velas formando a palavra “Parabéns”</li><li>Acabamento com efeito glitter</li><li>Cores vibrantes e modernas</li><li>Ideal para bolos de aniversário</li></ul><p><strong>📋 Especificações do produto</strong></p><ul><li><strong>Material:</strong> Parafina</li><li><strong>Tipo:</strong> Vela decorativa para bolo</li><li><strong>Conteúdo da embalagem:</strong> 8 velas (PARABÉNS)</li></ul>
<p><strong>🚚 Frete e prazo</strong></p><p>Calcule o frete e o prazo de entrega informando seu CEP antes de finalizar a compra.</p><p><strong>💡 Dica</strong></p><p>Combine com outros artigos de festa para uma mesa completa e harmoniosa.</p><p><strong>❤️ Garanta o seu</strong></p><p>Garanta agora <strong>Vela Neon Glitter Parabéns</strong> e deixe sua festa ou evento ainda mais especial!</p>",Vela decorativa com glitter formando a palavra “Parabéns”. Ideal para bolos de aniversário e comemorações especiais.,,"media://products/1-34.png,media://products/2-35.png,media://products/3-35.png,media://products/4-34.png,media://products/5-35.png,media://products/6-35.png,media://products/7-35.png,media://products/8-33.png",,,,,,1,,Artigos de Festa,Velas,Velas Decorativas,,,10,Rosa,,,,,
 9840733,,28613227,,,,,,,,Vela Neon Glitter Parabéns | Decoração para Festa,"Vela Neon Glitter Parabéns para bolo. Efeito neon e glitter, visual moderno e fácil de usar. Ideal para aniversários e festas temáticas.","vela parabéns, vela glitter, vela para bolo, vela decorativa, aniversário","<p><strong>✨ Descrição completa — Vela Neon Glitter Parabéns</strong></p><p>A <strong>Vela Neon Glitter “Parabéns”</strong> é perfeita para deixar o bolo ainda mais especial e destacar a comemoração.</p>
<p>Com acabamento em <strong>glitter</strong> e cores vibrantes, forma a palavra “Parabéns” sobre o bolo, criando um visual moderno, alegre e cheio de brilho.</p>
<p>Ideal para aniversários, festas temáticas e celebrações especiais.</p><h3>Características</h3><ul><li>Conjunto de velas formando a palavra “Parabéns”</li><li>Acabamento com efeito glitter</li><li>Cores vibrantes e modernas</li><li>Ideal para bolos de aniversário</li></ul><p><strong>📋 Especificações do produto</strong></p><ul><li><strong>Material:</strong> Parafina</li><li><strong>Tipo:</strong> Vela decorativa para bolo</li><li><strong>Conteúdo da embalagem:</strong> 8 velas (PARABÉNS)</li></ul>
<p><strong>🚚 Frete e prazo</strong></p><p>Calcule o frete e o prazo de entrega informando seu CEP antes de finalizar a compra.</p><p><strong>💡 Dica</strong></p><p>Combine com outros artigos de festa para uma mesa completa e harmoniosa.</p><p><strong>❤️ Garanta o seu</strong></p><p>Garanta agora <strong>Vela Neon Glitter Parabéns</strong> e deixe sua festa ou evento ainda mais especial!</p>",Vela decorativa com glitter formando a palavra “Parabéns”. Ideal para bolos de aniversário e comemorações especiais.,,"media://products/1-34.png,media://products/2-35.png,media://products/3-35.png,media://products/4-34.png,media://products/5-35.png,media://products/6-35.png,media://products/7-35.png,media://products/8-33.png",,,,,,1,,Artigos de Festa,Velas,Velas Decorativas,,,10,Azul,,,,,
 9840733,,28613228,,,,,,,,Vela Neon Glitter Parabéns | Decoração para Festa,"Vela Neon Glitter Parabéns para bolo. Efeito neon e glitter, visual moderno e fácil de usar. Ideal para aniversários e festas temáticas.","vela parabéns, vela glitter, vela para bolo, vela decorativa, aniversário","<p><strong>✨ Descrição completa — Vela Neon Glitter Parabéns</strong></p><p>A <strong>Vela Neon Glitter “Parabéns”</strong> é perfeita para deixar o bolo ainda mais especial e destacar a comemoração.</p>
<p>Com acabamento em <strong>glitter</strong> e cores vibrantes, forma a palavra “Parabéns” sobre o bolo, criando um visual moderno, alegre e cheio de brilho.</p>
<p>Ideal para aniversários, festas temáticas e celebrações especiais.</p><h3>Características</h3><ul><li>Conjunto de velas formando a palavra “Parabéns”</li><li>Acabamento com efeito glitter</li><li>Cores vibrantes e modernas</li><li>Ideal para bolos de aniversário</li></ul><p><strong>📋 Especificações do produto</strong></p><ul><li><strong>Material:</strong> Parafina</li><li><strong>Tipo:</strong> Vela decorativa para bolo</li><li><strong>Conteúdo da embalagem:</strong> 8 velas (PARABÉNS)</li></ul>
<p><strong>🚚 Frete e prazo</strong></p><p>Calcule o frete e o prazo de entrega informando seu CEP antes de finalizar a compra.</p><p><strong>💡 Dica</strong></p><p>Combine com outros artigos de festa para uma mesa completa e harmoniosa.</p><p><strong>❤️ Garanta o seu</strong></p><p>Garanta agora <strong>Vela Neon Glitter Parabéns</strong> e deixe sua festa ou evento ainda mais especial!</p>",Vela decorativa com glitter formando a palavra “Parabéns”. Ideal para bolos de aniversário e comemorações especiais.,,"media://products/1-34.png,media://products/2-35.png,media://products/3-35.png,media://products/4-34.png,media://products/5-35.png,media://products/6-35.png,media://products/7-35.png,media://products/8-33.png",,,,,,1,,Artigos de Festa,Velas,Velas Decorativas,,,10,Verde,,,,,
 9840733,,28613231,,,,,,,,Vela Neon Glitter Parabéns | Decoração para Festa,"Vela Neon Glitter Parabéns para bolo. Efeito neon e glitter, visual moderno e fácil de usar. Ideal para aniversários e festas temáticas.","vela parabéns, vela glitter, vela para bolo, vela decorativa, aniversário","<p><strong>✨ Descrição completa — Vela Neon Glitter Parabéns</strong></p><p>A <strong>Vela Neon Glitter “Parabéns”</strong> é perfeita para deixar o bolo ainda mais especial e destacar a comemoração.</p>
<p>Com acabamento em <strong>glitter</strong> e cores vibrantes, forma a palavra “Parabéns” sobre o bolo, criando um visual moderno, alegre e cheio de brilho.</p>
<p>Ideal para aniversários, festas temáticas e celebrações especiais.</p><h3>Características</h3><ul><li>Conjunto de velas formando a palavra “Parabéns”</li><li>Acabamento com efeito glitter</li><li>Cores vibrantes e modernas</li><li>Ideal para bolos de aniversário</li></ul><p><strong>📋 Especificações do produto</strong></p><ul><li><strong>Material:</strong> Parafina</li><li><strong>Tipo:</strong> Vela decorativa para bolo</li><li><strong>Conteúdo da embalagem:</strong> 8 velas (PARABÉNS)</li></ul>
<p><strong>🚚 Frete e prazo</strong></p><p>Calcule o frete e o prazo de entrega informando seu CEP antes de finalizar a compra.</p><p><strong>💡 Dica</strong></p><p>Combine com outros artigos de festa para uma mesa completa e harmoniosa.</p><p><strong>❤️ Garanta o seu</strong></p><p>Garanta agora <strong>Vela Neon Glitter Parabéns</strong> e deixe sua festa ou evento ainda mais especial!</p>",Vela decorativa com glitter formando a palavra “Parabéns”. Ideal para bolos de aniversário e comemorações especiais.,,"media://products/1-34.png,media://products/2-35.png,media://products/3-35.png,media://products/4-34.png,media://products/5-35.png,media://products/6-35.png,media://products/7-35.png,media://products/8-33.png",,,,,,1,,Artigos de Festa,Velas,Velas Decorativas,,,10,Roxo,,,,,
 9840733,,28613240,,,,,,,,Vela Neon Glitter Parabéns | Decoração para Festa,"Vela Neon Glitter Parabéns para bolo. Efeito neon e glitter, visual moderno e fácil de usar. Ideal para aniversários e festas temáticas.","vela parabéns, vela glitter, vela para bolo, vela decorativa, aniversário","<p><strong>✨ Descrição completa — Vela Neon Glitter Parabéns</strong></p><p>A <strong>Vela Neon Glitter “Parabéns”</strong> é perfeita para deixar o bolo ainda mais especial e destacar a comemoração.</p>
<p>Com acabamento em <strong>glitter</strong> e cores vibrantes, forma a palavra “Parabéns” sobre o bolo, criando um visual moderno, alegre e cheio de brilho.</p>
<p>Ideal para aniversários, festas temáticas e celebrações especiais.</p><h3>Características</h3><ul><li>Conjunto de velas formando a palavra “Parabéns”</li><li>Acabamento com efeito glitter</li><li>Cores vibrantes e modernas</li><li>Ideal para bolos de aniversário</li></ul><p><strong>📋 Especificações do produto</strong></p><ul><li><strong>Material:</strong> Parafina</li><li><strong>Tipo:</strong> Vela decorativa para bolo</li><li><strong>Conteúdo da embalagem:</strong> 8 velas (PARABÉNS)</li></ul>
<p><strong>🚚 Frete e prazo</strong></p><p>Calcule o frete e o prazo de entrega informando seu CEP antes de finalizar a compra.</p><p><strong>💡 Dica</strong></p><p>Combine com outros artigos de festa para uma mesa completa e harmoniosa.</p><p><strong>❤️ Garanta o seu</strong></p><p>Garanta agora <strong>Vela Neon Glitter Parabéns</strong> e deixe sua festa ou evento ainda mais especial!</p>",Vela decorativa com glitter formando a palavra “Parabéns”. Ideal para bolos de aniversário e comemorações especiais.,,"media://products/1-34.png,media://products/2-35.png,media://products/3-35.png,media://products/4-34.png,media://products/5-35.png,media://products/6-35.png,media://products/7-35.png,media://products/8-33.png",,,,,,1,,Artigos de Festa,Velas,Velas Decorativas,,,10,Branco,,,,,
 9840733,,28613241,,,,,,,,Vela Neon Glitter Parabéns | Decoração para Festa,"Vela Neon Glitter Parabéns para bolo. Efeito neon e glitter, visual moderno e fácil de usar. Ideal para aniversários e festas temáticas.","vela parabéns, vela glitter, vela para bolo, vela decorativa, aniversário","<p><strong>✨ Descrição completa — Vela Neon Glitter Parabéns</strong></p><p>A <strong>Vela Neon Glitter “Parabéns”</strong> é perfeita para deixar o bolo ainda mais especial e destacar a comemoração.</p>
<p>Com acabamento em <strong>glitter</strong> e cores vibrantes, forma a palavra “Parabéns” sobre o bolo, criando um visual moderno, alegre e cheio de brilho.</p>
<p>Ideal para aniversários, festas temáticas e celebrações especiais.</p><h3>Características</h3><ul><li>Conjunto de velas formando a palavra “Parabéns”</li><li>Acabamento com efeito glitter</li><li>Cores vibrantes e modernas</li><li>Ideal para bolos de aniversário</li></ul><p><strong>📋 Especificações do produto</strong></p><ul><li><strong>Material:</strong> Parafina</li><li><strong>Tipo:</strong> Vela decorativa para bolo</li><li><strong>Conteúdo da embalagem:</strong> 8 velas (PARABÉNS)</li></ul>
<p><strong>🚚 Frete e prazo</strong></p><p>Calcule o frete e o prazo de entrega informando seu CEP antes de finalizar a compra.</p><p><strong>💡 Dica</strong></p><p>Combine com outros artigos de festa para uma mesa completa e harmoniosa.</p><p><strong>❤️ Garanta o seu</strong></p><p>Garanta agora <strong>Vela Neon Glitter Parabéns</strong> e deixe sua festa ou evento ainda mais especial!</p>",Vela decorativa com glitter formando a palavra “Parabéns”. Ideal para bolos de aniversário e comemorações especiais.,,"media://products/1-34.png,media://products/2-35.png,media://products/3-35.png,media://products/4-34.png,media://products/5-35.png,media://products/6-35.png,media://products/7-35.png,media://products/8-33.png",,,,,,1,,Artigos de Festa,Velas,Velas Decorativas,,,10,Dourado,,,,,
 9840733,,28613242,,,,,,,,Vela Neon Glitter Parabéns | Decoração para Festa,"Vela Neon Glitter Parabéns para bolo. Efeito neon e glitter, visual moderno e fácil de usar. Ideal para aniversários e festas temáticas.","vela parabéns, vela glitter, vela para bolo, vela decorativa, aniversário","<p><strong>✨ Descrição completa — Vela Neon Glitter Parabéns</strong></p><p>A <strong>Vela Neon Glitter “Parabéns”</strong> é perfeita para deixar o bolo ainda mais especial e destacar a comemoração.</p>
<p>Com acabamento em <strong>glitter</strong> e cores vibrantes, forma a palavra “Parabéns” sobre o bolo, criando um visual moderno, alegre e cheio de brilho.</p>
<p>Ideal para aniversários, festas temáticas e celebrações especiais.</p><h3>Características</h3><ul><li>Conjunto de velas formando a palavra “Parabéns”</li><li>Acabamento com efeito glitter</li><li>Cores vibrantes e modernas</li><li>Ideal para bolos de aniversário</li></ul><p><strong>📋 Especificações do produto</strong></p><ul><li><strong>Material:</strong> Parafina</li><li><strong>Tipo:</strong> Vela decorativa para bolo</li><li><strong>Conteúdo da embalagem:</strong> 8 velas (PARABÉNS)</li></ul>
<p><strong>🚚 Frete e prazo</strong></p><p>Calcule o frete e o prazo de entrega informando seu CEP antes de finalizar a compra.</p><p><strong>💡 Dica</strong></p><p>Combine com outros artigos de festa para uma mesa completa e harmoniosa.</p><p><strong>❤️ Garanta o seu</strong></p><p>Garanta agora <strong>Vela Neon Glitter Parabéns</strong> e deixe sua festa ou evento ainda mais especial!</p>",Vela decorativa com glitter formando a palavra “Parabéns”. Ideal para bolos de aniversário e comemorações especiais.,,"media://products/1-34.png,media://products/2-35.png,media://products/3-35.png,media://products/4-34.png,media://products/5-35.png,media://products/6-35.png,media://products/7-35.png,media://products/8-33.png",,,,,,1,,Artigos de Festa,Velas,Velas Decorativas,,,10,Prata,,,,,
9839141,,,,Vela Neon Glitter - Prata,/vela-neon-glitter-prata,"3,030",2.00,4.00,10.00,Vela Neon Glitter - Prata | Decoração para Festa,"Vela Neon Glitter - Prata para bolo. Efeito neon e glitter, visual moderno e fácil de usar. Ideal para aniversários e festas temáticas.","vela para bolo, vela neon glitter, vela de aniversário, vela número, decoração de bolo","<p><strong>✨ Descrição completa — Vela Neon Glitter - Prata</strong></p><p>A <strong>Vela Neon Glitter Prata</strong> é perfeita para destacar o bolo e deixar a comemoração ainda mais especial.</p>
<p>Com acabamento em <strong>glitter</strong> e cores vibrantes, traz um visual moderno e alegre, ideal para aniversários, festas temáticas e celebrações especiais.</p>
<p>Disponível em diversos números e cores, permite personalizar o bolo de acordo com a idade ou ocasião.</p><h3>Características</h3><ul><li>Acabamento com efeito glitter</li><li>Cores vibrantes e modernas</li><li>Ideal para bolos de aniversário</li><li>Fácil de usar</li></ul><p><strong>📋 Especificações do produto</strong></p><ul><li><strong>Material:</strong> Parafina</li><li><strong>Tipo:</strong> Vela decorativa para bolo</li><li><strong>Conteúdo da embalagem:</strong> 1 vela (número)</li></ul>
<p><strong>🚚 Frete e prazo</strong></p><p>Calcule o frete e o prazo de entrega informando seu CEP antes de finalizar a compra.</p><p><strong>💡 Dica</strong></p><p>Combine com outros artigos de festa para uma mesa completa e harmoniosa.</p><p><strong>❤️ Garanta o seu</strong></p><p>Garanta agora <strong>Vela Neon Glitter - Prata</strong> e deixe sua festa ou evento ainda mais especial!</p>",Vela decorativa com efeito neon e glitter. Ideal para bolos de aniversário e comemorações especiais.,,"media://products/1-27.png,media://products/2-28.png,media://products/3-28.png,media://products/4-27.png,media://products/5-28.png,media://products/6-28.png,media://products/7-28.png,media://products/8-26.png,media://products/9-21.png,media://products/10-21.png,media://products/11-16.png",9.90,,,,,1,,Artigos de Festa,Velas,Velas de Número,,,10,,,,,,
 9839141,,28607655,,,,,,,,Vela Neon Glitter - Prata | Decoração para Festa,"Vela Neon Glitter - Prata para bolo. Efeito neon e glitter, visual moderno e fácil de usar. Ideal para aniversários e festas temáticas.","vela para bolo, vela neon glitter, vela de aniversário, vela número, decoração de bolo","<p><strong>✨ Descrição completa — Vela Neon Glitter - Prata</strong></p><p>A <strong>Vela Neon Glitter Prata</strong> é perfeita para destacar o bolo e deixar a comemoração ainda mais especial.</p>
<p>Com acabamento em <strong>glitter</strong> e cores vibrantes, traz um visual moderno e alegre, ideal para aniversários, festas temáticas e celebrações especiais.</p>
<p>Disponível em diversos números e cores, permite personalizar o bolo de acordo com a idade ou ocasião.</p><h3>Características</h3><ul><li>Acabamento com efeito glitter</li><li>Cores vibrantes e modernas</li><li>Ideal para bolos de aniversário</li><li>Fácil de usar</li></ul><p><strong>📋 Especificações do produto</strong></p><ul><li><strong>Material:</strong> Parafina</li><li><strong>Tipo:</strong> Vela decorativa para bolo</li><li><strong>Conteúdo da embalagem:</strong> 1 vela (número)</li></ul>
<p><strong>🚚 Frete e prazo</strong></p><p>Calcule o frete e o prazo de entrega informando seu CEP antes de finalizar a compra.</p><p><strong>💡 Dica</strong></p><p>Combine com outros artigos de festa para uma mesa completa e harmoniosa.</p><p><strong>❤️ Garanta o seu</strong></p><p>Garanta agora <strong>Vela Neon Glitter - Prata</strong> e deixe sua festa ou evento ainda mais especial!</p>",Vela decorativa com efeito neon e glitter. Ideal para bolos de aniversário e comemorações especiais.,,"media://products/1-27.png,media://products/2-28.png,media://products/3-28.png,media://products/4-27.png,media://products/5-28.png,media://products/6-28.png,media://products/7-28.png,media://products/8-26.png,media://products/9-21.png,media://products/10-21.png,media://products/11-16.png",,,,,,1,,Artigos de Festa,Velas,Velas de Número,,,10,,Número,0,,,
 9839141,,28607656,,,,,,,,Vela Neon Glitter - Prata | Decoração para Festa,"Vela Neon Glitter - Prata para bolo. Efeito neon e glitter, visual moderno e fácil de usar. Ideal para aniversários e festas temáticas.","vela para bolo, vela neon glitter, vela de aniversário, vela número, decoração de bolo","<p><strong>✨ Descrição completa — Vela Neon Glitter - Prata</strong></p><p>A <strong>Vela Neon Glitter Prata</strong> é perfeita para destacar o bolo e deixar a comemoração ainda mais especial.</p>
<p>Com acabamento em <strong>glitter</strong> e cores vibrantes, traz um visual moderno e alegre, ideal para aniversários, festas temáticas e celebrações especiais.</p>
<p>Disponível em diversos números e cores, permite personalizar o bolo de acordo com a idade ou ocasião.</p><h3>Características</h3><ul><li>Acabamento com efeito glitter</li><li>Cores vibrantes e modernas</li><li>Ideal para bolos de aniversário</li><li>Fácil de usar</li></ul><p><strong>📋 Especificações do produto</strong></p><ul><li><strong>Material:</strong> Parafina</li><li><strong>Tipo:</strong> Vela decorativa para bolo</li><li><strong>Conteúdo da embalagem:</strong> 1 vela (número)</li></ul>
<p><strong>🚚 Frete e prazo</strong></p><p>Calcule o frete e o prazo de entrega informando seu CEP antes de finalizar a compra.</p><p><strong>💡 Dica</strong></p><p>Combine com outros artigos de festa para uma mesa completa e harmoniosa.</p><p><strong>❤️ Garanta o seu</strong></p><p>Garanta agora <strong>Vela Neon Glitter - Prata</strong> e deixe sua festa ou evento ainda mais especial!</p>",Vela decorativa com efeito neon e glitter. Ideal para bolos de aniversário e comemorações especiais.,,"media://products/1-27.png,media://products/2-28.png,media://products/3-28.png,media://products/4-27.png,media://products/5-28.png,media://products/6-28.png,media://products/7-28.png,media://products/8-26.png,media://products/9-21.png,media://products/10-21.png,media://products/11-16.png",,,,,,1,,Artigos de Festa,Velas,Velas de Número,,,10,,Número,1,,,
 9839141,,28607657,,,,,,,,Vela Neon Glitter - Prata | Decoração para Festa,"Vela Neon Glitter - Prata para bolo. Efeito neon e glitter, visual moderno e fácil de usar. Ideal para aniversários e festas temáticas.","vela para bolo, vela neon glitter, vela de aniversário, vela número, decoração de bolo","<p><strong>✨ Descrição completa — Vela Neon Glitter - Prata</strong></p><p>A <strong>Vela Neon Glitter Prata</strong> é perfeita para destacar o bolo e deixar a comemoração ainda mais especial.</p>
<p>Com acabamento em <strong>glitter</strong> e cores vibrantes, traz um visual moderno e alegre, ideal para aniversários, festas temáticas e celebrações especiais.</p>
<p>Disponível em diversos números e cores, permite personalizar o bolo de acordo com a idade ou ocasião.</p><h3>Características</h3><ul><li>Acabamento com efeito glitter</li><li>Cores vibrantes e modernas</li><li>Ideal para bolos de aniversário</li><li>Fácil de usar</li></ul><p><strong>📋 Especificações do produto</strong></p><ul><li><strong>Material:</strong> Parafina</li><li><strong>Tipo:</strong> Vela decorativa para bolo</li><li><strong>Conteúdo da embalagem:</strong> 1 vela (número)</li></ul>
<p><strong>🚚 Frete e prazo</strong></p><p>Calcule o frete e o prazo de entrega informando seu CEP antes de finalizar a compra.</p><p><strong>💡 Dica</strong></p><p>Combine com outros artigos de festa para uma mesa completa e harmoniosa.</p><p><strong>❤️ Garanta o seu</strong></p><p>Garanta agora <strong>Vela Neon Glitter - Prata</strong> e deixe sua festa ou evento ainda mais especial!</p>",Vela decorativa com efeito neon e glitter. Ideal para bolos de aniversário e comemorações especiais.,,"media://products/1-27.png,media://products/2-28.png,media://products/3-28.png,media://products/4-27.png,media://products/5-28.png,media://products/6-28.png,media://products/7-28.png,media://products/8-26.png,media://products/9-21.png,media://products/10-21.png,media://products/11-16.png",,,,,,1,,Artigos de Festa,Velas,Velas de Número,,,10,,Número,2,,,
 9839141,,28607658,,,,,,,,Vela Neon Glitter - Prata | Decoração para Festa,"Vela Neon Glitter - Prata para bolo. Efeito neon e glitter, visual moderno e fácil de usar. Ideal para aniversários e festas temáticas.","vela para bolo, vela neon glitter, vela de aniversário, vela número, decoração de bolo","<p><strong>✨ Descrição completa — Vela Neon Glitter - Prata</strong></p><p>A <strong>Vela Neon Glitter Prata</strong> é perfeita para destacar o bolo e deixar a comemoração ainda mais especial.</p>
<p>Com acabamento em <strong>glitter</strong> e cores vibrantes, traz um visual moderno e alegre, ideal para aniversários, festas temáticas e celebrações especiais.</p>
<p>Disponível em diversos números e cores, permite personalizar o bolo de acordo com a idade ou ocasião.</p><h3>Características</h3><ul><li>Acabamento com efeito glitter</li><li>Cores vibrantes e modernas</li><li>Ideal para bolos de aniversário</li><li>Fácil de usar</li></ul><p><strong>📋 Especificações do produto</strong></p><ul><li><strong>Material:</strong> Parafina</li><li><strong>Tipo:</strong> Vela decorativa para bolo</li><li><strong>Conteúdo da embalagem:</strong> 1 vela (número)</li></ul>
<p><strong>🚚 Frete e prazo</strong></p><p>Calcule o frete e o prazo de entrega informando seu CEP antes de finalizar a compra.</p><p><strong>💡 Dica</strong></p><p>Combine com outros artigos de festa para uma mesa completa e harmoniosa.</p><p><strong>❤️ Garanta o seu</strong></p><p>Garanta agora <strong>Vela Neon Glitter - Prata</strong> e deixe sua festa ou evento ainda mais especial!</p>",Vela decorativa com efeito neon e glitter. Ideal para bolos de aniversário e comemorações especiais.,,"media://products/1-27.png,media://products/2-28.png,media://products/3-28.png,media://products/4-27.png,media://products/5-28.png,media://products/6-28.png,media://products/7-28.png,media://products/8-26.png,media://products/9-21.png,media://products/10-21.png,media://products/11-16.png",,,,,,1,,Artigos de Festa,Velas,Velas de Número,,,10,,Número,3,,,
 9839141,,28607659,,,,,,,,Vela Neon Glitter - Prata | Decoração para Festa,"Vela Neon Glitter - Prata para bolo. Efeito neon e glitter, visual moderno e fácil de usar. Ideal para aniversários e festas temáticas.","vela para bolo, vela neon glitter, vela de aniversário, vela número, decoração de bolo","<p><strong>✨ Descrição completa — Vela Neon Glitter - Prata</strong></p><p>A <strong>Vela Neon Glitter Prata</strong> é perfeita para destacar o bolo e deixar a comemoração ainda mais especial.</p>
<p>Com acabamento em <strong>glitter</strong> e cores vibrantes, traz um visual moderno e alegre, ideal para aniversários, festas temáticas e celebrações especiais.</p>
<p>Disponível em diversos números e cores, permite personalizar o bolo de acordo com a idade ou ocasião.</p><h3>Características</h3><ul><li>Acabamento com efeito glitter</li><li>Cores vibrantes e modernas</li><li>Ideal para bolos de aniversário</li><li>Fácil de usar</li></ul><p><strong>📋 Especificações do produto</strong></p><ul><li><strong>Material:</strong> Parafina</li><li><strong>Tipo:</strong> Vela decorativa para bolo</li><li><strong>Conteúdo da embalagem:</strong> 1 vela (número)</li></ul>
<p><strong>🚚 Frete e prazo</strong></p><p>Calcule o frete e o prazo de entrega informando seu CEP antes de finalizar a compra.</p><p><strong>💡 Dica</strong></p><p>Combine com outros artigos de festa para uma mesa completa e harmoniosa.</p><p><strong>❤️ Garanta o seu</strong></p><p>Garanta agora <strong>Vela Neon Glitter - Prata</strong> e deixe sua festa ou evento ainda mais especial!</p>",Vela decorativa com efeito neon e glitter. Ideal para bolos de aniversário e comemorações especiais.,,"media://products/1-27.png,media://products/2-28.png,media://products/3-28.png,media://products/4-27.png,media://products/5-28.png,media://products/6-28.png,media://products/7-28.png,media://products/8-26.png,media://products/9-21.png,media://products/10-21.png,media://products/11-16.png",,,,,,1,,Artigos de Festa,Velas,Velas de Número,,,10,,Número,4,,,
 9839141,,28607660,,,,,,,,Vela Neon Glitter - Prata | Decoração para Festa,"Vela Neon Glitter - Prata para bolo. Efeito neon e glitter, visual moderno e fácil de usar. Ideal para aniversários e festas temáticas.","vela para bolo, vela neon glitter, vela de aniversário, vela número, decoração de bolo","<p><strong>✨ Descrição completa — Vela Neon Glitter - Prata</strong></p><p>A <strong>Vela Neon Glitter Prata</strong> é perfeita para destacar o bolo e deixar a comemoração ainda mais especial.</p>
<p>Com acabamento em <strong>glitter</strong> e cores vibrantes, traz um visual moderno e alegre, ideal para aniversários, festas temáticas e celebrações especiais.</p>
<p>Disponível em diversos números e cores, permite personalizar o bolo de acordo com a idade ou ocasião.</p><h3>Características</h3><ul><li>Acabamento com efeito glitter</li><li>Cores vibrantes e modernas</li><li>Ideal para bolos de aniversário</li><li>Fácil de usar</li></ul><p><strong>📋 Especificações do produto</strong></p><ul><li><strong>Material:</strong> Parafina</li><li><strong>Tipo:</strong> Vela decorativa para bolo</li><li><strong>Conteúdo da embalagem:</strong> 1 vela (número)</li></ul>
<p><strong>🚚 Frete e prazo</strong></p><p>Calcule o frete e o prazo de entrega informando seu CEP antes de finalizar a compra.</p><p><strong>💡 Dica</strong></p><p>Combine com outros artigos de festa para uma mesa completa e harmoniosa.</p><p><strong>❤️ Garanta o seu</strong></p><p>Garanta agora <strong>Vela Neon Glitter - Prata</strong> e deixe sua festa ou evento ainda mais especial!</p>",Vela decorativa com efeito neon e glitter. Ideal para bolos de aniversário e comemorações especiais.,,"media://products/1-27.png,media://products/2-28.png,media://products/3-28.png,media://products/4-27.png,media://products/5-28.png,media://products/6-28.png,media://products/7-28.png,media://products/8-26.png,media://products/9-21.png,media://products/10-21.png,media://products/11-16.png",,,,,,1,,Artigos de Festa,Velas,Velas de Número,,,10,,Número,5,,,
 9839141,,28607661,,,,,,,,Vela Neon Glitter - Prata | Decoração para Festa,"Vela Neon Glitter - Prata para bolo. Efeito neon e glitter, visual moderno e fácil de usar. Ideal para aniversários e festas temáticas.","vela para bolo, vela neon glitter, vela de aniversário, vela número, decoração de bolo","<p><strong>✨ Descrição completa — Vela Neon Glitter - Prata</strong></p><p>A <strong>Vela Neon Glitter Prata</strong> é perfeita para destacar o bolo e deixar a comemoração ainda mais especial.</p>
<p>Com acabamento em <strong>glitter</strong> e cores vibrantes, traz um visual moderno e alegre, ideal para aniversários, festas temáticas e celebrações especiais.</p>
<p>Disponível em diversos números e cores, permite personalizar o bolo de acordo com a idade ou ocasião.</p><h3>Características</h3><ul><li>Acabamento com efeito glitter</li><li>Cores vibrantes e modernas</li><li>Ideal para bolos de aniversário</li><li>Fácil de usar</li></ul><p><strong>📋 Especificações do produto</strong></p><ul><li><strong>Material:</strong> Parafina</li><li><strong>Tipo:</strong> Vela decorativa para bolo</li><li><strong>Conteúdo da embalagem:</strong> 1 vela (número)</li></ul>
<p><strong>🚚 Frete e prazo</strong></p><p>Calcule o frete e o prazo de entrega informando seu CEP antes de finalizar a compra.</p><p><strong>💡 Dica</strong></p><p>Combine com outros artigos de festa para uma mesa completa e harmoniosa.</p><p><strong>❤️ Garanta o seu</strong></p><p>Garanta agora <strong>Vela Neon Glitter - Prata</strong> e deixe sua festa ou evento ainda mais especial!</p>",Vela decorativa com efeito neon e glitter. Ideal para bolos de aniversário e comemorações especiais.,,"media://products/1-27.png,media://products/2-28.png,media://products/3-28.png,media://products/4-27.png,media://products/5-28.png,media://products/6-28.png,media://products/7-28.png,media://products/8-26.png,media://products/9-21.png,media://products/10-21.png,media://products/11-16.png",,,,,,1,,Artigos de Festa,Velas,Velas de Número,,,10,,Número,6,,,
 9839141,,28607662,,,,,,,,Vela Neon Glitter - Prata | Decoração para Festa,"Vela Neon Glitter - Prata para bolo. Efeito neon e glitter, visual moderno e fácil de usar. Ideal para aniversários e festas temáticas.","vela para bolo, vela neon glitter, vela de aniversário, vela número, decoração de bolo","<p><strong>✨ Descrição completa — Vela Neon Glitter - Prata</strong></p><p>A <strong>Vela Neon Glitter Prata</strong> é perfeita para destacar o bolo e deixar a comemoração ainda mais especial.</p>
<p>Com acabamento em <strong>glitter</strong> e cores vibrantes, traz um visual moderno e alegre, ideal para aniversários, festas temáticas e celebrações especiais.</p>
<p>Disponível em diversos números e cores, permite personalizar o bolo de acordo com a idade ou ocasião.</p><h3>Características</h3><ul><li>Acabamento com efeito glitter</li><li>Cores vibrantes e modernas</li><li>Ideal para bolos de aniversário</li><li>Fácil de usar</li></ul><p><strong>📋 Especificações do produto</strong></p><ul><li><strong>Material:</strong> Parafina</li><li><strong>Tipo:</strong> Vela decorativa para bolo</li><li><strong>Conteúdo da embalagem:</strong> 1 vela (número)</li></ul>
<p><strong>🚚 Frete e prazo</strong></p><p>Calcule o frete e o prazo de entrega informando seu CEP antes de finalizar a compra.</p><p><strong>💡 Dica</strong></p><p>Combine com outros artigos de festa para uma mesa completa e harmoniosa.</p><p><strong>❤️ Garanta o seu</strong></p><p>Garanta agora <strong>Vela Neon Glitter - Prata</strong> e deixe sua festa ou evento ainda mais especial!</p>",Vela decorativa com efeito neon e glitter. Ideal para bolos de aniversário e comemorações especiais.,,"media://products/1-27.png,media://products/2-28.png,media://products/3-28.png,media://products/4-27.png,media://products/5-28.png,media://products/6-28.png,media://products/7-28.png,media://products/8-26.png,media://products/9-21.png,media://products/10-21.png,media://products/11-16.png",,,,,,1,,Artigos de Festa,Velas,Velas de Número,,,10,,Número,7,,,
 9839141,,28607663,,,,,,,,Vela Neon Glitter - Prata | Decoração para Festa,"Vela Neon Glitter - Prata para bolo. Efeito neon e glitter, visual moderno e fácil de usar. Ideal para aniversários e festas temáticas.","vela para bolo, vela neon glitter, vela de aniversário, vela número, decoração de bolo","<p><strong>✨ Descrição completa — Vela Neon Glitter - Prata</strong></p><p>A <strong>Vela Neon Glitter Prata</strong> é perfeita para destacar o bolo e deixar a comemoração ainda mais especial.</p>
<p>Com acabamento em <strong>glitter</strong> e cores vibrantes, traz um visual moderno e alegre, ideal para aniversários, festas temáticas e celebrações especiais.</p>
<p>Disponível em diversos números e cores, permite personalizar o bolo de acordo com a idade ou ocasião.</p><h3>Características</h3><ul><li>Acabamento com efeito glitter</li><li>Cores vibrantes e modernas</li><li>Ideal para bolos de aniversário</li><li>Fácil de usar</li></ul><p><strong>📋 Especificações do produto</strong></p><ul><li><strong>Material:</strong> Parafina</li><li><strong>Tipo:</strong> Vela decorativa para bolo</li><li><strong>Conteúdo da embalagem:</strong> 1 vela (número)</li></ul>
<p><strong>🚚 Frete e prazo</strong></p><p>Calcule o frete e o prazo de entrega informando seu CEP antes de finalizar a compra.</p><p><strong>💡 Dica</strong></p><p>Combine com outros artigos de festa para uma mesa completa e harmoniosa.</p><p><strong>❤️ Garanta o seu</strong></p><p>Garanta agora <strong>Vela Neon Glitter - Prata</strong> e deixe sua festa ou evento ainda mais especial!</p>",Vela decorativa com efeito neon e glitter. Ideal para bolos de aniversário e comemorações especiais.,,"media://products/1-27.png,media://products/2-28.png,media://products/3-28.png,media://products/4-27.png,media://products/5-28.png,media://products/6-28.png,media://products/7-28.png,media://products/8-26.png,media://products/9-21.png,media://products/10-21.png,media://products/11-16.png",,,,,,1,,Artigos de Festa,Velas,Velas de Número,,,10,,Número,8,,,
 9839141,,28607664,,,,,,,,Vela Neon Glitter - Prata | Decoração para Festa,"Vela Neon Glitter - Prata para bolo. Efeito neon e glitter, visual moderno e fácil de usar. Ideal para aniversários e festas temáticas.","vela para bolo, vela neon glitter, vela de aniversário, vela número, decoração de bolo","<p><strong>✨ Descrição completa — Vela Neon Glitter - Prata</strong></p><p>A <strong>Vela Neon Glitter Prata</strong> é perfeita para destacar o bolo e deixar a comemoração ainda mais especial.</p>
<p>Com acabamento em <strong>glitter</strong> e cores vibrantes, traz um visual moderno e alegre, ideal para aniversários, festas temáticas e celebrações especiais.</p>
<p>Disponível em diversos números e cores, permite personalizar o bolo de acordo com a idade ou ocasião.</p><h3>Características</h3><ul><li>Acabamento com efeito glitter</li><li>Cores vibrantes e modernas</li><li>Ideal para bolos de aniversário</li><li>Fácil de usar</li></ul><p><strong>📋 Especificações do produto</strong></p><ul><li><strong>Material:</strong> Parafina</li><li><strong>Tipo:</strong> Vela decorativa para bolo</li><li><strong>Conteúdo da embalagem:</strong> 1 vela (número)</li></ul>
<p><strong>🚚 Frete e prazo</strong></p><p>Calcule o frete e o prazo de entrega informando seu CEP antes de finalizar a compra.</p><p><strong>💡 Dica</strong></p><p>Combine com outros artigos de festa para uma mesa completa e harmoniosa.</p><p><strong>❤️ Garanta o seu</strong></p><p>Garanta agora <strong>Vela Neon Glitter - Prata</strong> e deixe sua festa ou evento ainda mais especial!</p>",Vela decorativa com efeito neon e glitter. Ideal para bolos de aniversário e comemorações especiais.,,"media://products/1-27.png,media://products/2-28.png,media://products/3-28.png,media://products/4-27.png,media://products/5-28.png,media://products/6-28.png,media://products/7-28.png,media://products/8-26.png,media://products/9-21.png,media://products/10-21.png,media://products/11-16.png",,,,,,1,,Artigos de Festa,Velas,Velas de Número,,,10,,Número,9,,,
 9839141,,28607665,,,,,,,,Vela Neon Glitter - Prata | Decoração para Festa,"Vela Neon Glitter - Prata para bolo. Efeito neon e glitter, visual moderno e fácil de usar. Ideal para aniversários e festas temáticas.","vela para bolo, vela neon glitter, vela de aniversário, vela número, decoração de bolo","<p><strong>✨ Descrição completa — Vela Neon Glitter - Prata</strong></p><p>A <strong>Vela Neon Glitter Prata</strong> é perfeita para destacar o bolo e deixar a comemoração ainda mais especial.</p>
<p>Com acabamento em <strong>glitter</strong> e cores vibrantes, traz um visual moderno e alegre, ideal para aniversários, festas temáticas e celebrações especiais.</p>
<p>Disponível em diversos números e cores, permite personalizar o bolo de acordo com a idade ou ocasião.</p><h3>Características</h3><ul><li>Acabamento com efeito glitter</li><li>Cores vibrantes e modernas</li><li>Ideal para bolos de aniversário</li><li>Fácil de usar</li></ul><p><strong>📋 Especificações do produto</strong></p><ul><li><strong>Material:</strong> Parafina</li><li><strong>Tipo:</strong> Vela decorativa para bolo</li><li><strong>Conteúdo da embalagem:</strong> 1 vela (número)</li></ul>
<p><strong>🚚 Frete e prazo</strong></p><p>Calcule o frete e o prazo de entrega informando seu CEP antes de finalizar a compra.</p><p><strong>💡 Dica</strong></p><p>Combine com outros artigos de festa para uma mesa completa e harmoniosa.</p><p><strong>❤️ Garanta o seu</strong></p><p>Garanta agora <strong>Vela Neon Glitter - Prata</strong> e deixe sua festa ou evento ainda mais especial!</p>",Vela decorativa com efeito neon e glitter. Ideal para bolos de aniversário e comemorações especiais.,,"media://products/1-27.png,media://products/2-28.png,media://products/3-28.png,media://products/4-27.png,media://products/5-28.png,media://products/6-28.png,media://products/7-28.png,media://products/8-26.png,media://products/9-21.png,media://products/10-21.png,media://products/11-16.png",,,,,,1,,Artigos de Festa,Velas,Velas de Número,,,10,,Número,?,,,
9839129,,,,Vela Neon Glitter - Preto,/vela-neon-glitter-preto,"3,030",2.00,4.00,10.00,Vela Neon Glitter - Preto | Decoração para Festa,"Vela Neon Glitter - Preto para bolo. Efeito neon e glitter, visual moderno e fácil de usar. Ideal para aniversários e festas temáticas.","vela para bolo, vela neon glitter, vela de aniversário, vela número, decoração de bolo","<p><strong>✨ Descrição completa — Vela Neon Glitter - Preto</strong></p><p>A <strong>Vela Neon Glitter Preto</strong> é perfeita para destacar o bolo e deixar a comemoração ainda mais especial.</p>
<p>Com acabamento em <strong>glitter</strong> e cores vibrantes, traz um visual moderno e alegre, ideal para aniversários, festas temáticas e celebrações especiais.</p>
<p>Disponível em diversos números e cores, permite personalizar o bolo de acordo com a idade ou ocasião.</p><h3>Características</h3><ul><li>Acabamento com efeito glitter</li><li>Cores vibrantes e modernas</li><li>Ideal para bolos de aniversário</li><li>Fácil de usar</li></ul><p><strong>📋 Especificações do produto</strong></p><ul><li><strong>Material:</strong> Parafina</li><li><strong>Tipo:</strong> Vela decorativa para bolo</li><li><strong>Conteúdo da embalagem:</strong> 1 vela (número)</li></ul>
<p><strong>🚚 Frete e prazo</strong></p><p>Calcule o frete e o prazo de entrega informando seu CEP antes de finalizar a compra.</p><p><strong>💡 Dica</strong></p><p>Combine com outros artigos de festa para uma mesa completa e harmoniosa.</p><p><strong>❤️ Garanta o seu</strong></p><p>Garanta agora <strong>Vela Neon Glitter - Preto</strong> e deixe sua festa ou evento ainda mais especial!</p>",Vela decorativa com efeito neon e glitter. Ideal para bolos de aniversário e comemorações especiais.,,"media://products/1-25.png,media://products/2-26.png,media://products/3-26.png,media://products/4-25.png,media://products/5-26.png,media://products/6-26.png,media://products/7-26.png,media://products/8-24.png,media://products/9-19.png,media://products/10-19.png,media://products/11-14.png",9.90,,,,,1,,Artigos de Festa,Velas,Velas de Número,,,10,,,,,,
 9839129,,28607616,,,,,,,,Vela Neon Glitter - Preto | Decoração para Festa,"Vela Neon Glitter - Preto para bolo. Efeito neon e glitter, visual moderno e fácil de usar. Ideal para aniversários e festas temáticas.","vela para bolo, vela neon glitter, vela de aniversário, vela número, decoração de bolo","<p><strong>✨ Descrição completa — Vela Neon Glitter - Preto</strong></p><p>A <strong>Vela Neon Glitter Preto</strong> é perfeita para destacar o bolo e deixar a comemoração ainda mais especial.</p>
<p>Com acabamento em <strong>glitter</strong> e cores vibrantes, traz um visual moderno e alegre, ideal para aniversários, festas temáticas e celebrações especiais.</p>
<p>Disponível em diversos números e cores, permite personalizar o bolo de acordo com a idade ou ocasião.</p><h3>Características</h3><ul><li>Acabamento com efeito glitter</li><li>Cores vibrantes e modernas</li><li>Ideal para bolos de aniversário</li><li>Fácil de usar</li></ul><p><strong>📋 Especificações do produto</strong></p><ul><li><strong>Material:</strong> Parafina</li><li><strong>Tipo:</strong> Vela decorativa para bolo</li><li><strong>Conteúdo da embalagem:</strong> 1 vela (número)</li></ul>
<p><strong>🚚 Frete e prazo</strong></p><p>Calcule o frete e o prazo de entrega informando seu CEP antes de finalizar a compra.</p><p><strong>💡 Dica</strong></p><p>Combine com outros artigos de festa para uma mesa completa e harmoniosa.</p><p><strong>❤️ Garanta o seu</strong></p><p>Garanta agora <strong>Vela Neon Glitter - Preto</strong> e deixe sua festa ou evento ainda mais especial!</p>",Vela decorativa com efeito neon e glitter. Ideal para bolos de aniversário e comemorações especiais.,,"media://products/1-25.png,media://products/2-26.png,media://products/3-26.png,media://products/4-25.png,media://products/5-26.png,media://products/6-26.png,media://products/7-26.png,media://products/8-24.png,media://products/9-19.png,media://products/10-19.png,media://products/11-14.png",,,,,,1,,Artigos de Festa,Velas,Velas de Número,,,10,,Número,0,,,
 9839129,,28607617,,,,,,,,Vela Neon Glitter - Preto | Decoração para Festa,"Vela Neon Glitter - Preto para bolo. Efeito neon e glitter, visual moderno e fácil de usar. Ideal para aniversários e festas temáticas.","vela para bolo, vela neon glitter, vela de aniversário, vela número, decoração de bolo","<p><strong>✨ Descrição completa — Vela Neon Glitter - Preto</strong></p><p>A <strong>Vela Neon Glitter Preto</strong> é perfeita para destacar o bolo e deixar a comemoração ainda mais especial.</p>
<p>Com acabamento em <strong>glitter</strong> e cores vibrantes, traz um visual moderno e alegre, ideal para aniversários, festas temáticas e celebrações especiais.</p>
<p>Disponível em diversos números e cores, permite personalizar o bolo de acordo com a idade ou ocasião.</p><h3>Características</h3><ul><li>Acabamento com efeito glitter</li><li>Cores vibrantes e modernas</li><li>Ideal para bolos de aniversário</li><li>Fácil de usar</li></ul><p><strong>📋 Especificações do produto</strong></p><ul><li><strong>Material:</strong> Parafina</li><li><strong>Tipo:</strong> Vela decorativa para bolo</li><li><strong>Conteúdo da embalagem:</strong> 1 vela (número)</li></ul>
<p><strong>🚚 Frete e prazo</strong></p><p>Calcule o frete e o prazo de entrega informando seu CEP antes de finalizar a compra.</p><p><strong>💡 Dica</strong></p><p>Combine com outros artigos de festa para uma mesa completa e harmoniosa.</p><p><strong>❤️ Garanta o seu</strong></p><p>Garanta agora <strong>Vela Neon Glitter - Preto</strong> e deixe sua festa ou evento ainda mais especial!</p>",Vela decorativa com efeito neon e glitter. Ideal para bolos de aniversário e comemorações especiais.,,"media://products/1-25.png,media://products/2-26.png,media://products/3-26.png,media://products/4-25.png,media://products/5-26.png,media://products/6-26.png,media://products/7-26.png,media://products/8-24.png,media://products/9-19.png,media://products/10-19.png,media://products/11-14.png",,,,,,1,,Artigos de Festa,Velas,Velas de Número,,,10,,Número,1,,,
 9839129,,28607618,,,,,,,,Vela Neon Glitter - Preto | Decoração para Festa,"Vela Neon Glitter - Preto para bolo. Efeito neon e glitter, visual moderno e fácil de usar. Ideal para aniversários e festas temáticas.","vela para bolo, vela neon glitter, vela de aniversário, vela número, decoração de bolo","<p><strong>✨ Descrição completa — Vela Neon Glitter - Preto</strong></p><p>A <strong>Vela Neon Glitter Preto</strong> é perfeita para destacar o bolo e deixar a comemoração ainda mais especial.</p>
<p>Com acabamento em <strong>glitter</strong> e cores vibrantes, traz um visual moderno e alegre, ideal para aniversários, festas temáticas e celebrações especiais.</p>
<p>Disponível em diversos números e cores, permite personalizar o bolo de acordo com a idade ou ocasião.</p><h3>Características</h3><ul><li>Acabamento com efeito glitter</li><li>Cores vibrantes e modernas</li><li>Ideal para bolos de aniversário</li><li>Fácil de usar</li></ul><p><strong>📋 Especificações do produto</strong></p><ul><li><strong>Material:</strong> Parafina</li><li><strong>Tipo:</strong> Vela decorativa para bolo</li><li><strong>Conteúdo da embalagem:</strong> 1 vela (número)</li></ul>
<p><strong>🚚 Frete e prazo</strong></p><p>Calcule o frete e o prazo de entrega informando seu CEP antes de finalizar a compra.</p><p><strong>💡 Dica</strong></p><p>Combine com outros artigos de festa para uma mesa completa e harmoniosa.</p><p><strong>❤️ Garanta o seu</strong></p><p>Garanta agora <strong>Vela Neon Glitter - Preto</strong> e deixe sua festa ou evento ainda mais especial!</p>",Vela decorativa com efeito neon e glitter. Ideal para bolos de aniversário e comemorações especiais.,,"media://products/1-25.png,media://products/2-26.png,media://products/3-26.png,media://products/4-25.png,media://products/5-26.png,media://products/6-26.png,media://products/7-26.png,media://products/8-24.png,media://products/9-19.png,media://products/10-19.png,media://products/11-14.png",,,,,,1,,Artigos de Festa,Velas,Velas de Número,,,10,,Número,2,,,
 9839129,,28607619,,,,,,,,Vela Neon Glitter - Preto | Decoração para Festa,"Vela Neon Glitter - Preto para bolo. Efeito neon e glitter, visual moderno e fácil de usar. Ideal para aniversários e festas temáticas.","vela para bolo, vela neon glitter, vela de aniversário, vela número, decoração de bolo","<p><strong>✨ Descrição completa — Vela Neon Glitter - Preto</strong></p><p>A <strong>Vela Neon Glitter Preto</strong> é perfeita para destacar o bolo e deixar a comemoração ainda mais especial.</p>
<p>Com acabamento em <strong>glitter</strong> e cores vibrantes, traz um visual moderno e alegre, ideal para aniversários, festas temáticas e celebrações especiais.</p>
<p>Disponível em diversos números e cores, permite personalizar o bolo de acordo com a idade ou ocasião.</p><h3>Características</h3><ul><li>Acabamento com efeito glitter</li><li>Cores vibrantes e modernas</li><li>Ideal para bolos de aniversário</li><li>Fácil de usar</li></ul><p><strong>📋 Especificações do produto</strong></p><ul><li><strong>Material:</strong> Parafina</li><li><strong>Tipo:</strong> Vela decorativa para bolo</li><li><strong>Conteúdo da embalagem:</strong> 1 vela (número)</li></ul>
<p><strong>🚚 Frete e prazo</strong></p><p>Calcule o frete e o prazo de entrega informando seu CEP antes de finalizar a compra.</p><p><strong>💡 Dica</strong></p><p>Combine com outros artigos de festa para uma mesa completa e harmoniosa.</p><p><strong>❤️ Garanta o seu</strong></p><p>Garanta agora <strong>Vela Neon Glitter - Preto</strong> e deixe sua festa ou evento ainda mais especial!</p>",Vela decorativa com efeito neon e glitter. Ideal para bolos de aniversário e comemorações especiais.,,"media://products/1-25.png,media://products/2-26.png,media://products/3-26.png,media://products/4-25.png,media://products/5-26.png,media://products/6-26.png,media://products/7-26.png,media://products/8-24.png,media://products/9-19.png,media://products/10-19.png,media://products/11-14.png",,,,,,1,,Artigos de Festa,Velas,Velas de Número,,,10,,Número,3,,,
 9839129,,28607620,,,,,,,,Vela Neon Glitter - Preto | Decoração para Festa,"Vela Neon Glitter - Preto para bolo. Efeito neon e glitter, visual moderno e fácil de usar. Ideal para aniversários e festas temáticas.","vela para bolo, vela neon glitter, vela de aniversário, vela número, decoração de bolo","<p><strong>✨ Descrição completa — Vela Neon Glitter - Preto</strong></p><p>A <strong>Vela Neon Glitter Preto</strong> é perfeita para destacar o bolo e deixar a comemoração ainda mais especial.</p>
<p>Com acabamento em <strong>glitter</strong> e cores vibrantes, traz um visual moderno e alegre, ideal para aniversários, festas temáticas e celebrações especiais.</p>
<p>Disponível em diversos números e cores, permite personalizar o bolo de acordo com a idade ou ocasião.</p><h3>Características</h3><ul><li>Acabamento com efeito glitter</li><li>Cores vibrantes e modernas</li><li>Ideal para bolos de aniversário</li><li>Fácil de usar</li></ul><p><strong>📋 Especificações do produto</strong></p><ul><li><strong>Material:</strong> Parafina</li><li><strong>Tipo:</strong> Vela decorativa para bolo</li><li><strong>Conteúdo da embalagem:</strong> 1 vela (número)</li></ul>
<p><strong>🚚 Frete e prazo</strong></p><p>Calcule o frete e o prazo de entrega informando seu CEP antes de finalizar a compra.</p><p><strong>💡 Dica</strong></p><p>Combine com outros artigos de festa para uma mesa completa e harmoniosa.</p><p><strong>❤️ Garanta o seu</strong></p><p>Garanta agora <strong>Vela Neon Glitter - Preto</strong> e deixe sua festa ou evento ainda mais especial!</p>",Vela decorativa com efeito neon e glitter. Ideal para bolos de aniversário e comemorações especiais.,,"media://products/1-25.png,media://products/2-26.png,media://products/3-26.png,media://products/4-25.png,media://products/5-26.png,media://products/6-26.png,media://products/7-26.png,media://products/8-24.png,media://products/9-19.png,media://products/10-19.png,media://products/11-14.png",,,,,,1,,Artigos de Festa,Velas,Velas de Número,,,10,,Número,4,,,
 9839129,,28607621,,,,,,,,Vela Neon Glitter - Preto | Decoração para Festa,"Vela Neon Glitter - Preto para bolo. Efeito neon e glitter, visual moderno e fácil de usar. Ideal para aniversários e festas temáticas.","vela para bolo, vela neon glitter, vela de aniversário, vela número, decoração de bolo","<p><strong>✨ Descrição completa — Vela Neon Glitter - Preto</strong></p><p>A <strong>Vela Neon Glitter Preto</strong> é perfeita para destacar o bolo e deixar a comemoração ainda mais especial.</p>
<p>Com acabamento em <strong>glitter</strong> e cores vibrantes, traz um visual moderno e alegre, ideal para aniversários, festas temáticas e celebrações especiais.</p>
<p>Disponível em diversos números e cores, permite personalizar o bolo de acordo com a idade ou ocasião.</p><h3>Características</h3><ul><li>Acabamento com efeito glitter</li><li>Cores vibrantes e modernas</li><li>Ideal para bolos de aniversário</li><li>Fácil de usar</li></ul><p><strong>📋 Especificações do produto</strong></p><ul><li><strong>Material:</strong> Parafina</li><li><strong>Tipo:</strong> Vela decorativa para bolo</li><li><strong>Conteúdo da embalagem:</strong> 1 vela (número)</li></ul>
<p><strong>🚚 Frete e prazo</strong></p><p>Calcule o frete e o prazo de entrega informando seu CEP antes de finalizar a compra.</p><p><strong>💡 Dica</strong></p><p>Combine com outros artigos de festa para uma mesa completa e harmoniosa.</p><p><strong>❤️ Garanta o seu</strong></p><p>Garanta agora <strong>Vela Neon Glitter - Preto</strong> e deixe sua festa ou evento ainda mais especial!</p>",Vela decorativa com efeito neon e glitter. Ideal para bolos de aniversário e comemorações especiais.,,"media://products/1-25.png,media://products/2-26.png,media://products/3-26.png,media://products/4-25.png,media://products/5-26.png,media://products/6-26.png,media://products/7-26.png,media://products/8-24.png,media://products/9-19.png,media://products/10-19.png,media://products/11-14.png",,,,,,1,,Artigos de Festa,Velas,Velas de Número,,,10,,Número,5,,,
 9839129,,28607622,,,,,,,,Vela Neon Glitter - Preto | Decoração para Festa,"Vela Neon Glitter - Preto para bolo. Efeito neon e glitter, visual moderno e fácil de usar. Ideal para aniversários e festas temáticas.","vela para bolo, vela neon glitter, vela de aniversário, vela número, decoração de bolo","<p><strong>✨ Descrição completa — Vela Neon Glitter - Preto</strong></p><p>A <strong>Vela Neon Glitter Preto</strong> é perfeita para destacar o bolo e deixar a comemoração ainda mais especial.</p>
<p>Com acabamento em <strong>glitter</strong> e cores vibrantes, traz um visual moderno e alegre, ideal para aniversários, festas temáticas e celebrações especiais.</p>
<p>Disponível em diversos números e cores, permite personalizar o bolo de acordo com a idade ou ocasião.</p><h3>Características</h3><ul><li>Acabamento com efeito glitter</li><li>Cores vibrantes e modernas</li><li>Ideal para bolos de aniversário</li><li>Fácil de usar</li></ul><p><strong>📋 Especificações do produto</strong></p><ul><li><strong>Material:</strong> Parafina</li><li><strong>Tipo:</strong> Vela decorativa para bolo</li><li><strong>Conteúdo da embalagem:</strong> 1 vela (número)</li></ul>
<p><strong>🚚 Frete e prazo</strong></p><p>Calcule o frete e o prazo de entrega informando seu CEP antes de finalizar a compra.</p><p><strong>💡 Dica</strong></p><p>Combine com outros artigos de festa para uma mesa completa e harmoniosa.</p><p><strong>❤️ Garanta o seu</strong></p><p>Garanta agora <strong>Vela Neon Glitter - Preto</strong> e deixe sua festa ou evento ainda mais especial!</p>",Vela decorativa com efeito neon e glitter. Ideal para bolos de aniversário e comemorações especiais.,,"media://products/1-25.png,media://products/2-26.png,media://products/3-26.png,media://products/4-25.png,media://products/5-26.png,media://products/6-26.png,media://products/7-26.png,media://products/8-24.png,media://products/9-19.png,media://products/10-19.png,media://products/11-14.png",,,,,,1,,Artigos de Festa,Velas,Velas de Número,,,10,,Número,6,,,
 9839129,,28607623,,,,,,,,Vela Neon Glitter - Preto | Decoração para Festa,"Vela Neon Glitter - Preto para bolo. Efeito neon e glitter, visual moderno e fácil de usar. Ideal para aniversários e festas temáticas.","vela para bolo, vela neon glitter, vela de aniversário, vela número, decoração de bolo","<p><strong>✨ Descrição completa — Vela Neon Glitter - Preto</strong></p><p>A <strong>Vela Neon Glitter Preto</strong> é perfeita para destacar o bolo e deixar a comemoração ainda mais especial.</p>
<p>Com acabamento em <strong>glitter</strong> e cores vibrantes, traz um visual moderno e alegre, ideal para aniversários, festas temáticas e celebrações especiais.</p>
<p>Disponível em diversos números e cores, permite personalizar o bolo de acordo com a idade ou ocasião.</p><h3>Características</h3><ul><li>Acabamento com efeito glitter</li><li>Cores vibrantes e modernas</li><li>Ideal para bolos de aniversário</li><li>Fácil de usar</li></ul><p><strong>📋 Especificações do produto</strong></p><ul><li><strong>Material:</strong> Parafina</li><li><strong>Tipo:</strong> Vela decorativa para bolo</li><li><strong>Conteúdo da embalagem:</strong> 1 vela (número)</li></ul>
<p><strong>🚚 Frete e prazo</strong></p><p>Calcule o frete e o prazo de entrega informando seu CEP antes de finalizar a compra.</p><p><strong>💡 Dica</strong></p><p>Combine com outros artigos de festa para uma mesa completa e harmoniosa.</p><p><strong>❤️ Garanta o seu</strong></p><p>Garanta agora <strong>Vela Neon Glitter - Preto</strong> e deixe sua festa ou evento ainda mais especial!</p>",Vela decorativa com efeito neon e glitter. Ideal para bolos de aniversário e comemorações especiais.,,"media://products/1-25.png,media://products/2-26.png,media://products/3-26.png,media://products/4-25.png,media://products/5-26.png,media://products/6-26.png,media://products/7-26.png,media://products/8-24.png,media://products/9-19.png,media://products/10-19.png,media://products/11-14.png",,,,,,1,,Artigos de Festa,Velas,Velas de Número,,,10,,Número,7,,,
 9839129,,28607624,,,,,,,,Vela Neon Glitter - Preto | Decoração para Festa,"Vela Neon Glitter - Preto para bolo. Efeito neon e glitter, visual moderno e fácil de usar. Ideal para aniversários e festas temáticas.","vela para bolo, vela neon glitter, vela de aniversário, vela número, decoração de bolo","<p><strong>✨ Descrição completa — Vela Neon Glitter - Preto</strong></p><p>A <strong>Vela Neon Glitter Preto</strong> é perfeita para destacar o bolo e deixar a comemoração ainda mais especial.</p>
<p>Com acabamento em <strong>glitter</strong> e cores vibrantes, traz um visual moderno e alegre, ideal para aniversários, festas temáticas e celebrações especiais.</p>
<p>Disponível em diversos números e cores, permite personalizar o bolo de acordo com a idade ou ocasião.</p><h3>Características</h3><ul><li>Acabamento com efeito glitter</li><li>Cores vibrantes e modernas</li><li>Ideal para bolos de aniversário</li><li>Fácil de usar</li></ul><p><strong>📋 Especificações do produto</strong></p><ul><li><strong>Material:</strong> Parafina</li><li><strong>Tipo:</strong> Vela decorativa para bolo</li><li><strong>Conteúdo da embalagem:</strong> 1 vela (número)</li></ul>
<p><strong>🚚 Frete e prazo</strong></p><p>Calcule o frete e o prazo de entrega informando seu CEP antes de finalizar a compra.</p><p><strong>💡 Dica</strong></p><p>Combine com outros artigos de festa para uma mesa completa e harmoniosa.</p><p><strong>❤️ Garanta o seu</strong></p><p>Garanta agora <strong>Vela Neon Glitter - Preto</strong> e deixe sua festa ou evento ainda mais especial!</p>",Vela decorativa com efeito neon e glitter. Ideal para bolos de aniversário e comemorações especiais.,,"media://products/1-25.png,media://products/2-26.png,media://products/3-26.png,media://products/4-25.png,media://products/5-26.png,media://products/6-26.png,media://products/7-26.png,media://products/8-24.png,media://products/9-19.png,media://products/10-19.png,media://products/11-14.png",,,,,,1,,Artigos de Festa,Velas,Velas de Número,,,10,,Número,8,,,
 9839129,,28607625,,,,,,,,Vela Neon Glitter - Preto | Decoração para Festa,"Vela Neon Glitter - Preto para bolo. Efeito neon e glitter, visual moderno e fácil de usar. Ideal para aniversários e festas temáticas.","vela para bolo, vela neon glitter, vela de aniversário, vela número, decoração de bolo","<p><strong>✨ Descrição completa — Vela Neon Glitter - Preto</strong></p><p>A <strong>Vela Neon Glitter Preto</strong> é perfeita para destacar o bolo e deixar a comemoração ainda mais especial.</p>
<p>Com acabamento em <strong>glitter</strong> e cores vibrantes, traz um visual moderno e alegre, ideal para aniversários, festas temáticas e celebrações especiais.</p>
<p>Disponível em diversos números e cores, permite personalizar o bolo de acordo com a idade ou ocasião.</p><h3>Características</h3><ul><li>Acabamento com efeito glitter</li><li>Cores vibrantes e modernas</li><li>Ideal para bolos de aniversário</li><li>Fácil de usar</li></ul><p><strong>📋 Especificações do produto</strong></p><ul><li><strong>Material:</strong> Parafina</li><li><strong>Tipo:</strong> Vela decorativa para bolo</li><li><strong>Conteúdo da embalagem:</strong> 1 vela (número)</li></ul>
<p><strong>🚚 Frete e prazo</strong></p><p>Calcule o frete e o prazo de entrega informando seu CEP antes de finalizar a compra.</p><p><strong>💡 Dica</strong></p><p>Combine com outros artigos de festa para uma mesa completa e harmoniosa.</p><p><strong>❤️ Garanta o seu</strong></p><p>Garanta agora <strong>Vela Neon Glitter - Preto</strong> e deixe sua festa ou evento ainda mais especial!</p>",Vela decorativa com efeito neon e glitter. Ideal para bolos de aniversário e comemorações especiais.,,"media://products/1-25.png,media://products/2-26.png,media://products/3-26.png,media://products/4-25.png,media://products/5-26.png,media://products/6-26.png,media://products/7-26.png,media://products/8-24.png,media://products/9-19.png,media://products/10-19.png,media://products/11-14.png",,,,,,1,,Artigos de Festa,Velas,Velas de Número,,,10,,Número,9,,,
 9839129,,28607626,,,,,,,,Vela Neon Glitter - Preto | Decoração para Festa,"Vela Neon Glitter - Preto para bolo. Efeito neon e glitter, visual moderno e fácil de usar. Ideal para aniversários e festas temáticas.","vela para bolo, vela neon glitter, vela de aniversário, vela número, decoração de bolo","<p><strong>✨ Descrição completa — Vela Neon Glitter - Preto</strong></p><p>A <strong>Vela Neon Glitter Preto</strong> é perfeita para destacar o bolo e deixar a comemoração ainda mais especial.</p>
<p>Com acabamento em <strong>glitter</strong> e cores vibrantes, traz um visual moderno e alegre, ideal para aniversários, festas temáticas e celebrações especiais.</p>
<p>Disponível em diversos números e cores, permite personalizar o bolo de acordo com a idade ou ocasião.</p><h3>Características</h3><ul><li>Acabamento com efeito glitter</li><li>Cores vibrantes e modernas</li><li>Ideal para bolos de aniversário</li><li>Fácil de usar</li></ul><p><strong>📋 Especificações do produto</strong></p><ul><li><strong>Material:</strong> Parafina</li><li><strong>Tipo:</strong> Vela decorativa para bolo</li><li><strong>Conteúdo da embalagem:</strong> 1 vela (número)</li></ul>
<p><strong>🚚 Frete e prazo</strong></p><p>Calcule o frete e o prazo de entrega informando seu CEP antes de finalizar a compra.</p><p><strong>💡 Dica</strong></p><p>Combine com outros artigos de festa para uma mesa completa e harmoniosa.</p><p><strong>❤️ Garanta o seu</strong></p><p>Garanta agora <strong>Vela Neon Glitter - Preto</strong> e deixe sua festa ou evento ainda mais especial!</p>",Vela decorativa com efeito neon e glitter. Ideal para bolos de aniversário e comemorações especiais.,,"media://products/1-25.png,media://products/2-26.png,media://products/3-26.png,media://products/4-25.png,media://products/5-26.png,media://products/6-26.png,media://products/7-26.png,media://products/8-24.png,media://products/9-19.png,media://products/10-19.png,media://products/11-14.png",,,,,,1,,Artigos de Festa,Velas,Velas de Número,,,10,,Número,?,,,
9839149,,,,Vela Neon Glitter - Rosa Bebê,/vela-neon-glitter-rosa-bebe,"3,030",2.00,4.00,10.00,Vela Neon Glitter Rosa Bebê,Vela neon glitter para bolo com números decorativos. Ideal para aniversários e comemorações especiais.,"vela para bolo, vela neon glitter, vela de aniversário, vela número, decoração de bolo","<p><strong>✨ Descrição completa — Vela Neon Glitter - Rosa Bebê</strong></p><p>A <strong>Vela Neon Glitter Rosa Bebê</strong> é perfeita para destacar o bolo e deixar a comemoração ainda mais especial.</p>
<p>Com acabamento em <strong>glitter</strong> e cores vibrantes, traz um visual moderno e alegre, ideal para aniversários, festas temáticas e celebrações especiais.</p>
<p>Disponível em diversos números e cores, permite personalizar o bolo de acordo com a idade ou ocasião.</p><h3>Características</h3><ul><li>Acabamento com efeito glitter</li><li>Cores vibrantes e modernas</li><li>Ideal para bolos de aniversário</li><li>Fácil de usar</li></ul><p><strong>📋 Especificações do produto</strong></p><ul><li><strong>Material:</strong> Parafina</li><li><strong>Tipo:</strong> Vela decorativa para bolo</li><li><strong>Conteúdo da embalagem:</strong> 1 vela (número)</li></ul>
<p><strong>🚚 Frete e prazo</strong></p><p>Calcule o frete e o prazo de entrega informando seu CEP antes de finalizar a compra.</p><p><strong>💡 Dica</strong></p><p>Combine com outros artigos de festa para uma mesa completa e harmoniosa.</p><p><strong>❤️ Garanta o seu</strong></p><p>Garanta agora <strong>Vela Neon Glitter - Rosa Bebê</strong> e deixe sua festa ou evento ainda mais especial!</p>",Vela decorativa com efeito neon e glitter. Ideal para bolos de aniversário e comemorações especiais.,,"media://products/1-29.png,media://products/2-30.png,media://products/3-30.png,media://products/4-29.png,media://products/5-30.png,media://products/6-30.png,media://products/7-30.png,media://products/8-28.png,media://products/9-23.png,media://products/10-23.png,media://products/11-18.png",9.90,,,,,1,,Artigos de Festa,Velas,Velas de Número,,,10,,,,,,
 9839149,,28607686,,,,,,,,Vela Neon Glitter Rosa Bebê,Vela neon glitter para bolo com números decorativos. Ideal para aniversários e comemorações especiais.,"vela para bolo, vela neon glitter, vela de aniversário, vela número, decoração de bolo","<p><strong>✨ Descrição completa — Vela Neon Glitter - Rosa Bebê</strong></p><p>A <strong>Vela Neon Glitter Rosa Bebê</strong> é perfeita para destacar o bolo e deixar a comemoração ainda mais especial.</p>
<p>Com acabamento em <strong>glitter</strong> e cores vibrantes, traz um visual moderno e alegre, ideal para aniversários, festas temáticas e celebrações especiais.</p>
<p>Disponível em diversos números e cores, permite personalizar o bolo de acordo com a idade ou ocasião.</p><h3>Características</h3><ul><li>Acabamento com efeito glitter</li><li>Cores vibrantes e modernas</li><li>Ideal para bolos de aniversário</li><li>Fácil de usar</li></ul><p><strong>📋 Especificações do produto</strong></p><ul><li><strong>Material:</strong> Parafina</li><li><strong>Tipo:</strong> Vela decorativa para bolo</li><li><strong>Conteúdo da embalagem:</strong> 1 vela (número)</li></ul>
<p><strong>🚚 Frete e prazo</strong></p><p>Calcule o frete e o prazo de entrega informando seu CEP antes de finalizar a compra.</p><p><strong>💡 Dica</strong></p><p>Combine com outros artigos de festa para uma mesa completa e harmoniosa.</p><p><strong>❤️ Garanta o seu</strong></p><p>Garanta agora <strong>Vela Neon Glitter - Rosa Bebê</strong> e deixe sua festa ou evento ainda mais especial!</p>",Vela decorativa com efeito neon e glitter. Ideal para bolos de aniversário e comemorações especiais.,,"media://products/1-29.png,media://products/2-30.png,media://products/3-30.png,media://products/4-29.png,media://products/5-30.png,media://products/6-30.png,media://products/7-30.png,media://products/8-28.png,media://products/9-23.png,media://products/10-23.png,media://products/11-18.png",,,,,,1,,Artigos de Festa,Velas,Velas de Número,,,10,,Número,0,,,
 9839149,,28607687,,,,,,,,Vela Neon Glitter Rosa Bebê,Vela neon glitter para bolo com números decorativos. Ideal para aniversários e comemorações especiais.,"vela para bolo, vela neon glitter, vela de aniversário, vela número, decoração de bolo","<p><strong>✨ Descrição completa — Vela Neon Glitter - Rosa Bebê</strong></p><p>A <strong>Vela Neon Glitter Rosa Bebê</strong> é perfeita para destacar o bolo e deixar a comemoração ainda mais especial.</p>
<p>Com acabamento em <strong>glitter</strong> e cores vibrantes, traz um visual moderno e alegre, ideal para aniversários, festas temáticas e celebrações especiais.</p>
<p>Disponível em diversos números e cores, permite personalizar o bolo de acordo com a idade ou ocasião.</p><h3>Características</h3><ul><li>Acabamento com efeito glitter</li><li>Cores vibrantes e modernas</li><li>Ideal para bolos de aniversário</li><li>Fácil de usar</li></ul><p><strong>📋 Especificações do produto</strong></p><ul><li><strong>Material:</strong> Parafina</li><li><strong>Tipo:</strong> Vela decorativa para bolo</li><li><strong>Conteúdo da embalagem:</strong> 1 vela (número)</li></ul>
<p><strong>🚚 Frete e prazo</strong></p><p>Calcule o frete e o prazo de entrega informando seu CEP antes de finalizar a compra.</p><p><strong>💡 Dica</strong></p><p>Combine com outros artigos de festa para uma mesa completa e harmoniosa.</p><p><strong>❤️ Garanta o seu</strong></p><p>Garanta agora <strong>Vela Neon Glitter - Rosa Bebê</strong> e deixe sua festa ou evento ainda mais especial!</p>",Vela decorativa com efeito neon e glitter. Ideal para bolos de aniversário e comemorações especiais.,,"media://products/1-29.png,media://products/2-30.png,media://products/3-30.png,media://products/4-29.png,media://products/5-30.png,media://products/6-30.png,media://products/7-30.png,media://products/8-28.png,media://products/9-23.png,media://products/10-23.png,media://products/11-18.png",,,,,,1,,Artigos de Festa,Velas,Velas de Número,,,10,,Número,1,,,
 9839149,,28607688,,,,,,,,Vela Neon Glitter Rosa Bebê,Vela neon glitter para bolo com números decorativos. Ideal para aniversários e comemorações especiais.,"vela para bolo, vela neon glitter, vela de aniversário, vela número, decoração de bolo","<p><strong>✨ Descrição completa — Vela Neon Glitter - Rosa Bebê</strong></p><p>A <strong>Vela Neon Glitter Rosa Bebê</strong> é perfeita para destacar o bolo e deixar a comemoração ainda mais especial.</p>
<p>Com acabamento em <strong>glitter</strong> e cores vibrantes, traz um visual moderno e alegre, ideal para aniversários, festas temáticas e celebrações especiais.</p>
<p>Disponível em diversos números e cores, permite personalizar o bolo de acordo com a idade ou ocasião.</p><h3>Características</h3><ul><li>Acabamento com efeito glitter</li><li>Cores vibrantes e modernas</li><li>Ideal para bolos de aniversário</li><li>Fácil de usar</li></ul><p><strong>📋 Especificações do produto</strong></p><ul><li><strong>Material:</strong> Parafina</li><li><strong>Tipo:</strong> Vela decorativa para bolo</li><li><strong>Conteúdo da embalagem:</strong> 1 vela (número)</li></ul>
<p><strong>🚚 Frete e prazo</strong></p><p>Calcule o frete e o prazo de entrega informando seu CEP antes de finalizar a compra.</p><p><strong>💡 Dica</strong></p><p>Combine com outros artigos de festa para uma mesa completa e harmoniosa.</p><p><strong>❤️ Garanta o seu</strong></p><p>Garanta agora <strong>Vela Neon Glitter - Rosa Bebê</strong> e deixe sua festa ou evento ainda mais especial!</p>",Vela decorativa com efeito neon e glitter. Ideal para bolos de aniversário e comemorações especiais.,,"media://products/1-29.png,media://products/2-30.png,media://products/3-30.png,media://products/4-29.png,media://products/5-30.png,media://products/6-30.png,media://products/7-30.png,media://products/8-28.png,media://products/9-23.png,media://products/10-23.png,media://products/11-18.png",,,,,,1,,Artigos de Festa,Velas,Velas de Número,,,10,,Número,2,,,
 9839149,,28607689,,,,,,,,Vela Neon Glitter Rosa Bebê,Vela neon glitter para bolo com números decorativos. Ideal para aniversários e comemorações especiais.,"vela para bolo, vela neon glitter, vela de aniversário, vela número, decoração de bolo","<p><strong>✨ Descrição completa — Vela Neon Glitter - Rosa Bebê</strong></p><p>A <strong>Vela Neon Glitter Rosa Bebê</strong> é perfeita para destacar o bolo e deixar a comemoração ainda mais especial.</p>
<p>Com acabamento em <strong>glitter</strong> e cores vibrantes, traz um visual moderno e alegre, ideal para aniversários, festas temáticas e celebrações especiais.</p>
<p>Disponível em diversos números e cores, permite personalizar o bolo de acordo com a idade ou ocasião.</p><h3>Características</h3><ul><li>Acabamento com efeito glitter</li><li>Cores vibrantes e modernas</li><li>Ideal para bolos de aniversário</li><li>Fácil de usar</li></ul><p><strong>📋 Especificações do produto</strong></p><ul><li><strong>Material:</strong> Parafina</li><li><strong>Tipo:</strong> Vela decorativa para bolo</li><li><strong>Conteúdo da embalagem:</strong> 1 vela (número)</li></ul>
<p><strong>🚚 Frete e prazo</strong></p><p>Calcule o frete e o prazo de entrega informando seu CEP antes de finalizar a compra.</p><p><strong>💡 Dica</strong></p><p>Combine com outros artigos de festa para uma mesa completa e harmoniosa.</p><p><strong>❤️ Garanta o seu</strong></p><p>Garanta agora <strong>Vela Neon Glitter - Rosa Bebê</strong> e deixe sua festa ou evento ainda mais especial!</p>",Vela decorativa com efeito neon e glitter. Ideal para bolos de aniversário e comemorações especiais.,,"media://products/1-29.png,media://products/2-30.png,media://products/3-30.png,media://products/4-29.png,media://products/5-30.png,media://products/6-30.png,media://products/7-30.png,media://products/8-28.png,media://products/9-23.png,media://products/10-23.png,media://products/11-18.png",,,,,,1,,Artigos de Festa,Velas,Velas de Número,,,10,,Número,3,,,
 9839149,,28607690,,,,,,,,Vela Neon Glitter Rosa Bebê,Vela neon glitter para bolo com números decorativos. Ideal para aniversários e comemorações especiais.,"vela para bolo, vela neon glitter, vela de aniversário, vela número, decoração de bolo","<p><strong>✨ Descrição completa — Vela Neon Glitter - Rosa Bebê</strong></p><p>A <strong>Vela Neon Glitter Rosa Bebê</strong> é perfeita para destacar o bolo e deixar a comemoração ainda mais especial.</p>
<p>Com acabamento em <strong>glitter</strong> e cores vibrantes, traz um visual moderno e alegre, ideal para aniversários, festas temáticas e celebrações especiais.</p>
<p>Disponível em diversos números e cores, permite personalizar o bolo de acordo com a idade ou ocasião.</p><h3>Características</h3><ul><li>Acabamento com efeito glitter</li><li>Cores vibrantes e modernas</li><li>Ideal para bolos de aniversário</li><li>Fácil de usar</li></ul><p><strong>📋 Especificações do produto</strong></p><ul><li><strong>Material:</strong> Parafina</li><li><strong>Tipo:</strong> Vela decorativa para bolo</li><li><strong>Conteúdo da embalagem:</strong> 1 vela (número)</li></ul>
<p><strong>🚚 Frete e prazo</strong></p><p>Calcule o frete e o prazo de entrega informando seu CEP antes de finalizar a compra.</p><p><strong>💡 Dica</strong></p><p>Combine com outros artigos de festa para uma mesa completa e harmoniosa.</p><p><strong>❤️ Garanta o seu</strong></p><p>Garanta agora <strong>Vela Neon Glitter - Rosa Bebê</strong> e deixe sua festa ou evento ainda mais especial!</p>",Vela decorativa com efeito neon e glitter. Ideal para bolos de aniversário e comemorações especiais.,,"media://products/1-29.png,media://products/2-30.png,media://products/3-30.png,media://products/4-29.png,media://products/5-30.png,media://products/6-30.png,media://products/7-30.png,media://products/8-28.png,media://products/9-23.png,media://products/10-23.png,media://products/11-18.png",,,,,,1,,Artigos de Festa,Velas,Velas de Número,,,10,,Número,4,,,
 9839149,,28607691,,,,,,,,Vela Neon Glitter Rosa Bebê,Vela neon glitter para bolo com números decorativos. Ideal para aniversários e comemorações especiais.,"vela para bolo, vela neon glitter, vela de aniversário, vela número, decoração de bolo","<p><strong>✨ Descrição completa — Vela Neon Glitter - Rosa Bebê</strong></p><p>A <strong>Vela Neon Glitter Rosa Bebê</strong> é perfeita para destacar o bolo e deixar a comemoração ainda mais especial.</p>
<p>Com acabamento em <strong>glitter</strong> e cores vibrantes, traz um visual moderno e alegre, ideal para aniversários, festas temáticas e celebrações especiais.</p>
<p>Disponível em diversos números e cores, permite personalizar o bolo de acordo com a idade ou ocasião.</p><h3>Características</h3><ul><li>Acabamento com efeito glitter</li><li>Cores vibrantes e modernas</li><li>Ideal para bolos de aniversário</li><li>Fácil de usar</li></ul><p><strong>📋 Especificações do produto</strong></p><ul><li><strong>Material:</strong> Parafina</li><li><strong>Tipo:</strong> Vela decorativa para bolo</li><li><strong>Conteúdo da embalagem:</strong> 1 vela (número)</li></ul>
<p><strong>🚚 Frete e prazo</strong></p><p>Calcule o frete e o prazo de entrega informando seu CEP antes de finalizar a compra.</p><p><strong>💡 Dica</strong></p><p>Combine com outros artigos de festa para uma mesa completa e harmoniosa.</p><p><strong>❤️ Garanta o seu</strong></p><p>Garanta agora <strong>Vela Neon Glitter - Rosa Bebê</strong> e deixe sua festa ou evento ainda mais especial!</p>",Vela decorativa com efeito neon e glitter. Ideal para bolos de aniversário e comemorações especiais.,,"media://products/1-29.png,media://products/2-30.png,media://products/3-30.png,media://products/4-29.png,media://products/5-30.png,media://products/6-30.png,media://products/7-30.png,media://products/8-28.png,media://products/9-23.png,media://products/10-23.png,media://products/11-18.png",,,,,,1,,Artigos de Festa,Velas,Velas de Número,,,10,,Número,5,,,
 9839149,,28607692,,,,,,,,Vela Neon Glitter Rosa Bebê,Vela neon glitter para bolo com números decorativos. Ideal para aniversários e comemorações especiais.,"vela para bolo, vela neon glitter, vela de aniversário, vela número, decoração de bolo","<p><strong>✨ Descrição completa — Vela Neon Glitter - Rosa Bebê</strong></p><p>A <strong>Vela Neon Glitter Rosa Bebê</strong> é perfeita para destacar o bolo e deixar a comemoração ainda mais especial.</p>
<p>Com acabamento em <strong>glitter</strong> e cores vibrantes, traz um visual moderno e alegre, ideal para aniversários, festas temáticas e celebrações especiais.</p>
<p>Disponível em diversos números e cores, permite personalizar o bolo de acordo com a idade ou ocasião.</p><h3>Características</h3><ul><li>Acabamento com efeito glitter</li><li>Cores vibrantes e modernas</li><li>Ideal para bolos de aniversário</li><li>Fácil de usar</li></ul><p><strong>📋 Especificações do produto</strong></p><ul><li><strong>Material:</strong> Parafina</li><li><strong>Tipo:</strong> Vela decorativa para bolo</li><li><strong>Conteúdo da embalagem:</strong> 1 vela (número)</li></ul>
<p><strong>🚚 Frete e prazo</strong></p><p>Calcule o frete e o prazo de entrega informando seu CEP antes de finalizar a compra.</p><p><strong>💡 Dica</strong></p><p>Combine com outros artigos de festa para uma mesa completa e harmoniosa.</p><p><strong>❤️ Garanta o seu</strong></p><p>Garanta agora <strong>Vela Neon Glitter - Rosa Bebê</strong> e deixe sua festa ou evento ainda mais especial!</p>",Vela decorativa com efeito neon e glitter. Ideal para bolos de aniversário e comemorações especiais.,,"media://products/1-29.png,media://products/2-30.png,media://products/3-30.png,media://products/4-29.png,media://products/5-30.png,media://products/6-30.png,media://products/7-30.png,media://products/8-28.png,media://products/9-23.png,media://products/10-23.png,media://products/11-18.png",,,,,,1,,Artigos de Festa,Velas,Velas de Número,,,10,,Número,6,,,
 9839149,,28607693,,,,,,,,Vela Neon Glitter Rosa Bebê,Vela neon glitter para bolo com números decorativos. Ideal para aniversários e comemorações especiais.,"vela para bolo, vela neon glitter, vela de aniversário, vela número, decoração de bolo","<p><strong>✨ Descrição completa — Vela Neon Glitter - Rosa Bebê</strong></p><p>A <strong>Vela Neon Glitter Rosa Bebê</strong> é perfeita para destacar o bolo e deixar a comemoração ainda mais especial.</p>
<p>Com acabamento em <strong>glitter</strong> e cores vibrantes, traz um visual moderno e alegre, ideal para aniversários, festas temáticas e celebrações especiais.</p>
<p>Disponível em diversos números e cores, permite personalizar o bolo de acordo com a idade ou ocasião.</p><h3>Características</h3><ul><li>Acabamento com efeito glitter</li><li>Cores vibrantes e modernas</li><li>Ideal para bolos de aniversário</li><li>Fácil de usar</li></ul><p><strong>📋 Especificações do produto</strong></p><ul><li><strong>Material:</strong> Parafina</li><li><strong>Tipo:</strong> Vela decorativa para bolo</li><li><strong>Conteúdo da embalagem:</strong> 1 vela (número)</li></ul>
<p><strong>🚚 Frete e prazo</strong></p><p>Calcule o frete e o prazo de entrega informando seu CEP antes de finalizar a compra.</p><p><strong>💡 Dica</strong></p><p>Combine com outros artigos de festa para uma mesa completa e harmoniosa.</p><p><strong>❤️ Garanta o seu</strong></p><p>Garanta agora <strong>Vela Neon Glitter - Rosa Bebê</strong> e deixe sua festa ou evento ainda mais especial!</p>",Vela decorativa com efeito neon e glitter. Ideal para bolos de aniversário e comemorações especiais.,,"media://products/1-29.png,media://products/2-30.png,media://products/3-30.png,media://products/4-29.png,media://products/5-30.png,media://products/6-30.png,media://products/7-30.png,media://products/8-28.png,media://products/9-23.png,media://products/10-23.png,media://products/11-18.png",,,,,,1,,Artigos de Festa,Velas,Velas de Número,,,10,,Número,7,,,
 9839149,,28607694,,,,,,,,Vela Neon Glitter Rosa Bebê,Vela neon glitter para bolo com números decorativos. Ideal para aniversários e comemorações especiais.,"vela para bolo, vela neon glitter, vela de aniversário, vela número, decoração de bolo","<p><strong>✨ Descrição completa — Vela Neon Glitter - Rosa Bebê</strong></p><p>A <strong>Vela Neon Glitter Rosa Bebê</strong> é perfeita para destacar o bolo e deixar a comemoração ainda mais especial.</p>
<p>Com acabamento em <strong>glitter</strong> e cores vibrantes, traz um visual moderno e alegre, ideal para aniversários, festas temáticas e celebrações especiais.</p>
<p>Disponível em diversos números e cores, permite personalizar o bolo de acordo com a idade ou ocasião.</p><h3>Características</h3><ul><li>Acabamento com efeito glitter</li><li>Cores vibrantes e modernas</li><li>Ideal para bolos de aniversário</li><li>Fácil de usar</li></ul><p><strong>📋 Especificações do produto</strong></p><ul><li><strong>Material:</strong> Parafina</li><li><strong>Tipo:</strong> Vela decorativa para bolo</li><li><strong>Conteúdo da embalagem:</strong> 1 vela (número)</li></ul>
<p><strong>🚚 Frete e prazo</strong></p><p>Calcule o frete e o prazo de entrega informando seu CEP antes de finalizar a compra.</p><p><strong>💡 Dica</strong></p><p>Combine com outros artigos de festa para uma mesa completa e harmoniosa.</p><p><strong>❤️ Garanta o seu</strong></p><p>Garanta agora <strong>Vela Neon Glitter - Rosa Bebê</strong> e deixe sua festa ou evento ainda mais especial!</p>",Vela decorativa com efeito neon e glitter. Ideal para bolos de aniversário e comemorações especiais.,,"media://products/1-29.png,media://products/2-30.png,media://products/3-30.png,media://products/4-29.png,media://products/5-30.png,media://products/6-30.png,media://products/7-30.png,media://products/8-28.png,media://products/9-23.png,media://products/10-23.png,media://products/11-18.png",,,,,,1,,Artigos de Festa,Velas,Velas de Número,,,10,,Número,8,,,
 9839149,,28607696,,,,,,,,Vela Neon Glitter Rosa Bebê,Vela neon glitter para bolo com números decorativos. Ideal para aniversários e comemorações especiais.,"vela para bolo, vela neon glitter, vela de aniversário, vela número, decoração de bolo","<p><strong>✨ Descrição completa — Vela Neon Glitter - Rosa Bebê</strong></p><p>A <strong>Vela Neon Glitter Rosa Bebê</strong> é perfeita para destacar o bolo e deixar a comemoração ainda mais especial.</p>
<p>Com acabamento em <strong>glitter</strong> e cores vibrantes, traz um visual moderno e alegre, ideal para aniversários, festas temáticas e celebrações especiais.</p>
<p>Disponível em diversos números e cores, permite personalizar o bolo de acordo com a idade ou ocasião.</p><h3>Características</h3><ul><li>Acabamento com efeito glitter</li><li>Cores vibrantes e modernas</li><li>Ideal para bolos de aniversário</li><li>Fácil de usar</li></ul><p><strong>📋 Especificações do produto</strong></p><ul><li><strong>Material:</strong> Parafina</li><li><strong>Tipo:</strong> Vela decorativa para bolo</li><li><strong>Conteúdo da embalagem:</strong> 1 vela (número)</li></ul>
<p><strong>🚚 Frete e prazo</strong></p><p>Calcule o frete e o prazo de entrega informando seu CEP antes de finalizar a compra.</p><p><strong>💡 Dica</strong></p><p>Combine com outros artigos de festa para uma mesa completa e harmoniosa.</p><p><strong>❤️ Garanta o seu</strong></p><p>Garanta agora <strong>Vela Neon Glitter - Rosa Bebê</strong> e deixe sua festa ou evento ainda mais especial!</p>",Vela decorativa com efeito neon e glitter. Ideal para bolos de aniversário e comemorações especiais.,,"media://products/1-29.png,media://products/2-30.png,media://products/3-30.png,media://products/4-29.png,media://products/5-30.png,media://products/6-30.png,media://products/7-30.png,media://products/8-28.png,media://products/9-23.png,media://products/10-23.png,media://products/11-18.png",,,,,,1,,Artigos de Festa,Velas,Velas de Número,,,10,,Número,9,,,
 9839149,,28607697,,,,,,,,Vela Neon Glitter Rosa Bebê,Vela neon glitter para bolo com números decorativos. Ideal para aniversários e comemorações especiais.,"vela para bolo, vela neon glitter, vela de aniversário, vela número, decoração de bolo","<p><strong>✨ Descrição completa — Vela Neon Glitter - Rosa Bebê</strong></p><p>A <strong>Vela Neon Glitter Rosa Bebê</strong> é perfeita para destacar o bolo e deixar a comemoração ainda mais especial.</p>
<p>Com acabamento em <strong>glitter</strong> e cores vibrantes, traz um visual moderno e alegre, ideal para aniversários, festas temáticas e celebrações especiais.</p>
<p>Disponível em diversos números e cores, permite personalizar o bolo de acordo com a idade ou ocasião.</p><h3>Características</h3><ul><li>Acabamento com efeito glitter</li><li>Cores vibrantes e modernas</li><li>Ideal para bolos de aniversário</li><li>Fácil de usar</li></ul><p><strong>📋 Especificações do produto</strong></p><ul><li><strong>Material:</strong> Parafina</li><li><strong>Tipo:</strong> Vela decorativa para bolo</li><li><strong>Conteúdo da embalagem:</strong> 1 vela (número)</li></ul>
<p><strong>🚚 Frete e prazo</strong></p><p>Calcule o frete e o prazo de entrega informando seu CEP antes de finalizar a compra.</p><p><strong>💡 Dica</strong></p><p>Combine com outros artigos de festa para uma mesa completa e harmoniosa.</p><p><strong>❤️ Garanta o seu</strong></p><p>Garanta agora <strong>Vela Neon Glitter - Rosa Bebê</strong> e deixe sua festa ou evento ainda mais especial!</p>",Vela decorativa com efeito neon e glitter. Ideal para bolos de aniversário e comemorações especiais.,,"media://products/1-29.png,media://products/2-30.png,media://products/3-30.png,media://products/4-29.png,media://products/5-30.png,media://products/6-30.png,media://products/7-30.png,media://products/8-28.png,media://products/9-23.png,media://products/10-23.png,media://products/11-18.png",,,,,,1,,Artigos de Festa,Velas,Velas de Número,,,10,,Número,?,,,
9839145,,,,Vela Neon Glitter - Roxo,/vela-neon-glitter-roxo,"3,030",2.00,4.00,10.00,Vela Neon Glitter - Roxo | Decoração para Festa,"Vela Neon Glitter - Roxo para bolo. Efeito neon e glitter, visual moderno e fácil de usar. Ideal para aniversários e festas temáticas.","vela para bolo, vela neon glitter, vela de aniversário, vela número, decoração de bolo","<p><strong>✨ Descrição completa — Vela Neon Glitter - Roxo</strong></p><p>A <strong>Vela Neon Glitter Roxo</strong> é perfeita para destacar o bolo e deixar a comemoração ainda mais especial.</p>
<p>Com acabamento em <strong>glitter</strong> e cores vibrantes, traz um visual moderno e alegre, ideal para aniversários, festas temáticas e celebrações especiais.</p>
<p>Disponível em diversos números e cores, permite personalizar o bolo de acordo com a idade ou ocasião.</p><h3>Características</h3><ul><li>Acabamento com efeito glitter</li><li>Cores vibrantes e modernas</li><li>Ideal para bolos de aniversário</li><li>Fácil de usar</li></ul><p><strong>📋 Especificações do produto</strong></p><ul><li><strong>Material:</strong> Parafina</li><li><strong>Tipo:</strong> Vela decorativa para bolo</li><li><strong>Conteúdo da embalagem:</strong> 1 vela (número)</li></ul>
<p><strong>🚚 Frete e prazo</strong></p><p>Calcule o frete e o prazo de entrega informando seu CEP antes de finalizar a compra.</p><p><strong>💡 Dica</strong></p><p>Combine com outros artigos de festa para uma mesa completa e harmoniosa.</p><p><strong>❤️ Garanta o seu</strong></p><p>Garanta agora <strong>Vela Neon Glitter - Roxo</strong> e deixe sua festa ou evento ainda mais especial!</p>",Vela decorativa com efeito neon e glitter. Ideal para bolos de aniversário e comemorações especiais.,,"media://products/1-28.png,media://products/2-29.png,media://products/3-29.png,media://products/4-28.png,media://products/5-29.png,media://products/6-29.png,media://products/7-29.png,media://products/8-27.png,media://products/9-22.png,media://products/10-22.png,media://products/11-17.png",9.90,,,,,1,,Artigos de Festa,Velas,Velas de Número,,,10,,,,,,
 9839145,,28607671,,,,,,,,Vela Neon Glitter - Roxo | Decoração para Festa,"Vela Neon Glitter - Roxo para bolo. Efeito neon e glitter, visual moderno e fácil de usar. Ideal para aniversários e festas temáticas.","vela para bolo, vela neon glitter, vela de aniversário, vela número, decoração de bolo","<p><strong>✨ Descrição completa — Vela Neon Glitter - Roxo</strong></p><p>A <strong>Vela Neon Glitter Roxo</strong> é perfeita para destacar o bolo e deixar a comemoração ainda mais especial.</p>
<p>Com acabamento em <strong>glitter</strong> e cores vibrantes, traz um visual moderno e alegre, ideal para aniversários, festas temáticas e celebrações especiais.</p>
<p>Disponível em diversos números e cores, permite personalizar o bolo de acordo com a idade ou ocasião.</p><h3>Características</h3><ul><li>Acabamento com efeito glitter</li><li>Cores vibrantes e modernas</li><li>Ideal para bolos de aniversário</li><li>Fácil de usar</li></ul><p><strong>📋 Especificações do produto</strong></p><ul><li><strong>Material:</strong> Parafina</li><li><strong>Tipo:</strong> Vela decorativa para bolo</li><li><strong>Conteúdo da embalagem:</strong> 1 vela (número)</li></ul>
<p><strong>🚚 Frete e prazo</strong></p><p>Calcule o frete e o prazo de entrega informando seu CEP antes de finalizar a compra.</p><p><strong>💡 Dica</strong></p><p>Combine com outros artigos de festa para uma mesa completa e harmoniosa.</p><p><strong>❤️ Garanta o seu</strong></p><p>Garanta agora <strong>Vela Neon Glitter - Roxo</strong> e deixe sua festa ou evento ainda mais especial!</p>",Vela decorativa com efeito neon e glitter. Ideal para bolos de aniversário e comemorações especiais.,,"media://products/1-28.png,media://products/2-29.png,media://products/3-29.png,media://products/4-28.png,media://products/5-29.png,media://products/6-29.png,media://products/7-29.png,media://products/8-27.png,media://products/9-22.png,media://products/10-22.png,media://products/11-17.png",,,,,,1,,Artigos de Festa,Velas,Velas de Número,,,10,,Número,0,,,
 9839145,,28607672,,,,,,,,Vela Neon Glitter - Roxo | Decoração para Festa,"Vela Neon Glitter - Roxo para bolo. Efeito neon e glitter, visual moderno e fácil de usar. Ideal para aniversários e festas temáticas.","vela para bolo, vela neon glitter, vela de aniversário, vela número, decoração de bolo","<p><strong>✨ Descrição completa — Vela Neon Glitter - Roxo</strong></p><p>A <strong>Vela Neon Glitter Roxo</strong> é perfeita para destacar o bolo e deixar a comemoração ainda mais especial.</p>
<p>Com acabamento em <strong>glitter</strong> e cores vibrantes, traz um visual moderno e alegre, ideal para aniversários, festas temáticas e celebrações especiais.</p>
<p>Disponível em diversos números e cores, permite personalizar o bolo de acordo com a idade ou ocasião.</p><h3>Características</h3><ul><li>Acabamento com efeito glitter</li><li>Cores vibrantes e modernas</li><li>Ideal para bolos de aniversário</li><li>Fácil de usar</li></ul><p><strong>📋 Especificações do produto</strong></p><ul><li><strong>Material:</strong> Parafina</li><li><strong>Tipo:</strong> Vela decorativa para bolo</li><li><strong>Conteúdo da embalagem:</strong> 1 vela (número)</li></ul>
<p><strong>🚚 Frete e prazo</strong></p><p>Calcule o frete e o prazo de entrega informando seu CEP antes de finalizar a compra.</p><p><strong>💡 Dica</strong></p><p>Combine com outros artigos de festa para uma mesa completa e harmoniosa.</p><p><strong>❤️ Garanta o seu</strong></p><p>Garanta agora <strong>Vela Neon Glitter - Roxo</strong> e deixe sua festa ou evento ainda mais especial!</p>",Vela decorativa com efeito neon e glitter. Ideal para bolos de aniversário e comemorações especiais.,,"media://products/1-28.png,media://products/2-29.png,media://products/3-29.png,media://products/4-28.png,media://products/5-29.png,media://products/6-29.png,media://products/7-29.png,media://products/8-27.png,media://products/9-22.png,media://products/10-22.png,media://products/11-17.png",,,,,,1,,Artigos de Festa,Velas,Velas de Número,,,10,,Número,1,,,
 9839145,,28607673,,,,,,,,Vela Neon Glitter - Roxo | Decoração para Festa,"Vela Neon Glitter - Roxo para bolo. Efeito neon e glitter, visual moderno e fácil de usar. Ideal para aniversários e festas temáticas.","vela para bolo, vela neon glitter, vela de aniversário, vela número, decoração de bolo","<p><strong>✨ Descrição completa — Vela Neon Glitter - Roxo</strong></p><p>A <strong>Vela Neon Glitter Roxo</strong> é perfeita para destacar o bolo e deixar a comemoração ainda mais especial.</p>
<p>Com acabamento em <strong>glitter</strong> e cores vibrantes, traz um visual moderno e alegre, ideal para aniversários, festas temáticas e celebrações especiais.</p>
<p>Disponível em diversos números e cores, permite personalizar o bolo de acordo com a idade ou ocasião.</p><h3>Características</h3><ul><li>Acabamento com efeito glitter</li><li>Cores vibrantes e modernas</li><li>Ideal para bolos de aniversário</li><li>Fácil de usar</li></ul><p><strong>📋 Especificações do produto</strong></p><ul><li><strong>Material:</strong> Parafina</li><li><strong>Tipo:</strong> Vela decorativa para bolo</li><li><strong>Conteúdo da embalagem:</strong> 1 vela (número)</li></ul>
<p><strong>🚚 Frete e prazo</strong></p><p>Calcule o frete e o prazo de entrega informando seu CEP antes de finalizar a compra.</p><p><strong>💡 Dica</strong></p><p>Combine com outros artigos de festa para uma mesa completa e harmoniosa.</p><p><strong>❤️ Garanta o seu</strong></p><p>Garanta agora <strong>Vela Neon Glitter - Roxo</strong> e deixe sua festa ou evento ainda mais especial!</p>",Vela decorativa com efeito neon e glitter. Ideal para bolos de aniversário e comemorações especiais.,,"media://products/1-28.png,media://products/2-29.png,media://products/3-29.png,media://products/4-28.png,media://products/5-29.png,media://products/6-29.png,media://products/7-29.png,media://products/8-27.png,media://products/9-22.png,media://products/10-22.png,media://products/11-17.png",,,,,,1,,Artigos de Festa,Velas,Velas de Número,,,10,,Número,2,,,
 9839145,,28607674,,,,,,,,Vela Neon Glitter - Roxo | Decoração para Festa,"Vela Neon Glitter - Roxo para bolo. Efeito neon e glitter, visual moderno e fácil de usar. Ideal para aniversários e festas temáticas.","vela para bolo, vela neon glitter, vela de aniversário, vela número, decoração de bolo","<p><strong>✨ Descrição completa — Vela Neon Glitter - Roxo</strong></p><p>A <strong>Vela Neon Glitter Roxo</strong> é perfeita para destacar o bolo e deixar a comemoração ainda mais especial.</p>
<p>Com acabamento em <strong>glitter</strong> e cores vibrantes, traz um visual moderno e alegre, ideal para aniversários, festas temáticas e celebrações especiais.</p>
<p>Disponível em diversos números e cores, permite personalizar o bolo de acordo com a idade ou ocasião.</p><h3>Características</h3><ul><li>Acabamento com efeito glitter</li><li>Cores vibrantes e modernas</li><li>Ideal para bolos de aniversário</li><li>Fácil de usar</li></ul><p><strong>📋 Especificações do produto</strong></p><ul><li><strong>Material:</strong> Parafina</li><li><strong>Tipo:</strong> Vela decorativa para bolo</li><li><strong>Conteúdo da embalagem:</strong> 1 vela (número)</li></ul>
<p><strong>🚚 Frete e prazo</strong></p><p>Calcule o frete e o prazo de entrega informando seu CEP antes de finalizar a compra.</p><p><strong>💡 Dica</strong></p><p>Combine com outros artigos de festa para uma mesa completa e harmoniosa.</p><p><strong>❤️ Garanta o seu</strong></p><p>Garanta agora <strong>Vela Neon Glitter - Roxo</strong> e deixe sua festa ou evento ainda mais especial!</p>",Vela decorativa com efeito neon e glitter. Ideal para bolos de aniversário e comemorações especiais.,,"media://products/1-28.png,media://products/2-29.png,media://products/3-29.png,media://products/4-28.png,media://products/5-29.png,media://products/6-29.png,media://products/7-29.png,media://products/8-27.png,media://products/9-22.png,media://products/10-22.png,media://products/11-17.png",,,,,,1,,Artigos de Festa,Velas,Velas de Número,,,10,,Número,3,,,
 9839145,,28607675,,,,,,,,Vela Neon Glitter - Roxo | Decoração para Festa,"Vela Neon Glitter - Roxo para bolo. Efeito neon e glitter, visual moderno e fácil de usar. Ideal para aniversários e festas temáticas.","vela para bolo, vela neon glitter, vela de aniversário, vela número, decoração de bolo","<p><strong>✨ Descrição completa — Vela Neon Glitter - Roxo</strong></p><p>A <strong>Vela Neon Glitter Roxo</strong> é perfeita para destacar o bolo e deixar a comemoração ainda mais especial.</p>
<p>Com acabamento em <strong>glitter</strong> e cores vibrantes, traz um visual moderno e alegre, ideal para aniversários, festas temáticas e celebrações especiais.</p>
<p>Disponível em diversos números e cores, permite personalizar o bolo de acordo com a idade ou ocasião.</p><h3>Características</h3><ul><li>Acabamento com efeito glitter</li><li>Cores vibrantes e modernas</li><li>Ideal para bolos de aniversário</li><li>Fácil de usar</li></ul><p><strong>📋 Especificações do produto</strong></p><ul><li><strong>Material:</strong> Parafina</li><li><strong>Tipo:</strong> Vela decorativa para bolo</li><li><strong>Conteúdo da embalagem:</strong> 1 vela (número)</li></ul>
<p><strong>🚚 Frete e prazo</strong></p><p>Calcule o frete e o prazo de entrega informando seu CEP antes de finalizar a compra.</p><p><strong>💡 Dica</strong></p><p>Combine com outros artigos de festa para uma mesa completa e harmoniosa.</p><p><strong>❤️ Garanta o seu</strong></p><p>Garanta agora <strong>Vela Neon Glitter - Roxo</strong> e deixe sua festa ou evento ainda mais especial!</p>",Vela decorativa com efeito neon e glitter. Ideal para bolos de aniversário e comemorações especiais.,,"media://products/1-28.png,media://products/2-29.png,media://products/3-29.png,media://products/4-28.png,media://products/5-29.png,media://products/6-29.png,media://products/7-29.png,media://products/8-27.png,media://products/9-22.png,media://products/10-22.png,media://products/11-17.png",,,,,,1,,Artigos de Festa,Velas,Velas de Número,,,10,,Número,4,,,
 9839145,,28607676,,,,,,,,Vela Neon Glitter - Roxo | Decoração para Festa,"Vela Neon Glitter - Roxo para bolo. Efeito neon e glitter, visual moderno e fácil de usar. Ideal para aniversários e festas temáticas.","vela para bolo, vela neon glitter, vela de aniversário, vela número, decoração de bolo","<p><strong>✨ Descrição completa — Vela Neon Glitter - Roxo</strong></p><p>A <strong>Vela Neon Glitter Roxo</strong> é perfeita para destacar o bolo e deixar a comemoração ainda mais especial.</p>
<p>Com acabamento em <strong>glitter</strong> e cores vibrantes, traz um visual moderno e alegre, ideal para aniversários, festas temáticas e celebrações especiais.</p>
<p>Disponível em diversos números e cores, permite personalizar o bolo de acordo com a idade ou ocasião.</p><h3>Características</h3><ul><li>Acabamento com efeito glitter</li><li>Cores vibrantes e modernas</li><li>Ideal para bolos de aniversário</li><li>Fácil de usar</li></ul><p><strong>📋 Especificações do produto</strong></p><ul><li><strong>Material:</strong> Parafina</li><li><strong>Tipo:</strong> Vela decorativa para bolo</li><li><strong>Conteúdo da embalagem:</strong> 1 vela (número)</li></ul>
<p><strong>🚚 Frete e prazo</strong></p><p>Calcule o frete e o prazo de entrega informando seu CEP antes de finalizar a compra.</p><p><strong>💡 Dica</strong></p><p>Combine com outros artigos de festa para uma mesa completa e harmoniosa.</p><p><strong>❤️ Garanta o seu</strong></p><p>Garanta agora <strong>Vela Neon Glitter - Roxo</strong> e deixe sua festa ou evento ainda mais especial!</p>",Vela decorativa com efeito neon e glitter. Ideal para bolos de aniversário e comemorações especiais.,,"media://products/1-28.png,media://products/2-29.png,media://products/3-29.png,media://products/4-28.png,media://products/5-29.png,media://products/6-29.png,media://products/7-29.png,media://products/8-27.png,media://products/9-22.png,media://products/10-22.png,media://products/11-17.png",,,,,,1,,Artigos de Festa,Velas,Velas de Número,,,10,,Número,5,,,
 9839145,,28607677,,,,,,,,Vela Neon Glitter - Roxo | Decoração para Festa,"Vela Neon Glitter - Roxo para bolo. Efeito neon e glitter, visual moderno e fácil de usar. Ideal para aniversários e festas temáticas.","vela para bolo, vela neon glitter, vela de aniversário, vela número, decoração de bolo","<p><strong>✨ Descrição completa — Vela Neon Glitter - Roxo</strong></p><p>A <strong>Vela Neon Glitter Roxo</strong> é perfeita para destacar o bolo e deixar a comemoração ainda mais especial.</p>
<p>Com acabamento em <strong>glitter</strong> e cores vibrantes, traz um visual moderno e alegre, ideal para aniversários, festas temáticas e celebrações especiais.</p>
<p>Disponível em diversos números e cores, permite personalizar o bolo de acordo com a idade ou ocasião.</p><h3>Características</h3><ul><li>Acabamento com efeito glitter</li><li>Cores vibrantes e modernas</li><li>Ideal para bolos de aniversário</li><li>Fácil de usar</li></ul><p><strong>📋 Especificações do produto</strong></p><ul><li><strong>Material:</strong> Parafina</li><li><strong>Tipo:</strong> Vela decorativa para bolo</li><li><strong>Conteúdo da embalagem:</strong> 1 vela (número)</li></ul>
<p><strong>🚚 Frete e prazo</strong></p><p>Calcule o frete e o prazo de entrega informando seu CEP antes de finalizar a compra.</p><p><strong>💡 Dica</strong></p><p>Combine com outros artigos de festa para uma mesa completa e harmoniosa.</p><p><strong>❤️ Garanta o seu</strong></p><p>Garanta agora <strong>Vela Neon Glitter - Roxo</strong> e deixe sua festa ou evento ainda mais especial!</p>",Vela decorativa com efeito neon e glitter. Ideal para bolos de aniversário e comemorações especiais.,,"media://products/1-28.png,media://products/2-29.png,media://products/3-29.png,media://products/4-28.png,media://products/5-29.png,media://products/6-29.png,media://products/7-29.png,media://products/8-27.png,media://products/9-22.png,media://products/10-22.png,media://products/11-17.png",,,,,,1,,Artigos de Festa,Velas,Velas de Número,,,10,,Número,6,,,
 9839145,,28607678,,,,,,,,Vela Neon Glitter - Roxo | Decoração para Festa,"Vela Neon Glitter - Roxo para bolo. Efeito neon e glitter, visual moderno e fácil de usar. Ideal para aniversários e festas temáticas.","vela para bolo, vela neon glitter, vela de aniversário, vela número, decoração de bolo","<p><strong>✨ Descrição completa — Vela Neon Glitter - Roxo</strong></p><p>A <strong>Vela Neon Glitter Roxo</strong> é perfeita para destacar o bolo e deixar a comemoração ainda mais especial.</p>
<p>Com acabamento em <strong>glitter</strong> e cores vibrantes, traz um visual moderno e alegre, ideal para aniversários, festas temáticas e celebrações especiais.</p>
<p>Disponível em diversos números e cores, permite personalizar o bolo de acordo com a idade ou ocasião.</p><h3>Características</h3><ul><li>Acabamento com efeito glitter</li><li>Cores vibrantes e modernas</li><li>Ideal para bolos de aniversário</li><li>Fácil de usar</li></ul><p><strong>📋 Especificações do produto</strong></p><ul><li><strong>Material:</strong> Parafina</li><li><strong>Tipo:</strong> Vela decorativa para bolo</li><li><strong>Conteúdo da embalagem:</strong> 1 vela (número)</li></ul>
<p><strong>🚚 Frete e prazo</strong></p><p>Calcule o frete e o prazo de entrega informando seu CEP antes de finalizar a compra.</p><p><strong>💡 Dica</strong></p><p>Combine com outros artigos de festa para uma mesa completa e harmoniosa.</p><p><strong>❤️ Garanta o seu</strong></p><p>Garanta agora <strong>Vela Neon Glitter - Roxo</strong> e deixe sua festa ou evento ainda mais especial!</p>",Vela decorativa com efeito neon e glitter. Ideal para bolos de aniversário e comemorações especiais.,,"media://products/1-28.png,media://products/2-29.png,media://products/3-29.png,media://products/4-28.png,media://products/5-29.png,media://products/6-29.png,media://products/7-29.png,media://products/8-27.png,media://products/9-22.png,media://products/10-22.png,media://products/11-17.png",,,,,,1,,Artigos de Festa,Velas,Velas de Número,,,10,,Número,7,,,
 9839145,,28607679,,,,,,,,Vela Neon Glitter - Roxo | Decoração para Festa,"Vela Neon Glitter - Roxo para bolo. Efeito neon e glitter, visual moderno e fácil de usar. Ideal para aniversários e festas temáticas.","vela para bolo, vela neon glitter, vela de aniversário, vela número, decoração de bolo","<p><strong>✨ Descrição completa — Vela Neon Glitter - Roxo</strong></p><p>A <strong>Vela Neon Glitter Roxo</strong> é perfeita para destacar o bolo e deixar a comemoração ainda mais especial.</p>
<p>Com acabamento em <strong>glitter</strong> e cores vibrantes, traz um visual moderno e alegre, ideal para aniversários, festas temáticas e celebrações especiais.</p>
<p>Disponível em diversos números e cores, permite personalizar o bolo de acordo com a idade ou ocasião.</p><h3>Características</h3><ul><li>Acabamento com efeito glitter</li><li>Cores vibrantes e modernas</li><li>Ideal para bolos de aniversário</li><li>Fácil de usar</li></ul><p><strong>📋 Especificações do produto</strong></p><ul><li><strong>Material:</strong> Parafina</li><li><strong>Tipo:</strong> Vela decorativa para bolo</li><li><strong>Conteúdo da embalagem:</strong> 1 vela (número)</li></ul>
<p><strong>🚚 Frete e prazo</strong></p><p>Calcule o frete e o prazo de entrega informando seu CEP antes de finalizar a compra.</p><p><strong>💡 Dica</strong></p><p>Combine com outros artigos de festa para uma mesa completa e harmoniosa.</p><p><strong>❤️ Garanta o seu</strong></p><p>Garanta agora <strong>Vela Neon Glitter - Roxo</strong> e deixe sua festa ou evento ainda mais especial!</p>",Vela decorativa com efeito neon e glitter. Ideal para bolos de aniversário e comemorações especiais.,,"media://products/1-28.png,media://products/2-29.png,media://products/3-29.png,media://products/4-28.png,media://products/5-29.png,media://products/6-29.png,media://products/7-29.png,media://products/8-27.png,media://products/9-22.png,media://products/10-22.png,media://products/11-17.png",,,,,,1,,Artigos de Festa,Velas,Velas de Número,,,10,,Número,8,,,
 9839145,,28607680,,,,,,,,Vela Neon Glitter - Roxo | Decoração para Festa,"Vela Neon Glitter - Roxo para bolo. Efeito neon e glitter, visual moderno e fácil de usar. Ideal para aniversários e festas temáticas.","vela para bolo, vela neon glitter, vela de aniversário, vela número, decoração de bolo","<p><strong>✨ Descrição completa — Vela Neon Glitter - Roxo</strong></p><p>A <strong>Vela Neon Glitter Roxo</strong> é perfeita para destacar o bolo e deixar a comemoração ainda mais especial.</p>
<p>Com acabamento em <strong>glitter</strong> e cores vibrantes, traz um visual moderno e alegre, ideal para aniversários, festas temáticas e celebrações especiais.</p>
<p>Disponível em diversos números e cores, permite personalizar o bolo de acordo com a idade ou ocasião.</p><h3>Características</h3><ul><li>Acabamento com efeito glitter</li><li>Cores vibrantes e modernas</li><li>Ideal para bolos de aniversário</li><li>Fácil de usar</li></ul><p><strong>📋 Especificações do produto</strong></p><ul><li><strong>Material:</strong> Parafina</li><li><strong>Tipo:</strong> Vela decorativa para bolo</li><li><strong>Conteúdo da embalagem:</strong> 1 vela (número)</li></ul>
<p><strong>🚚 Frete e prazo</strong></p><p>Calcule o frete e o prazo de entrega informando seu CEP antes de finalizar a compra.</p><p><strong>💡 Dica</strong></p><p>Combine com outros artigos de festa para uma mesa completa e harmoniosa.</p><p><strong>❤️ Garanta o seu</strong></p><p>Garanta agora <strong>Vela Neon Glitter - Roxo</strong> e deixe sua festa ou evento ainda mais especial!</p>",Vela decorativa com efeito neon e glitter. Ideal para bolos de aniversário e comemorações especiais.,,"media://products/1-28.png,media://products/2-29.png,media://products/3-29.png,media://products/4-28.png,media://products/5-29.png,media://products/6-29.png,media://products/7-29.png,media://products/8-27.png,media://products/9-22.png,media://products/10-22.png,media://products/11-17.png",,,,,,1,,Artigos de Festa,Velas,Velas de Número,,,10,,Número,9,,,
 9839145,,28607681,,,,,,,,Vela Neon Glitter - Roxo | Decoração para Festa,"Vela Neon Glitter - Roxo para bolo. Efeito neon e glitter, visual moderno e fácil de usar. Ideal para aniversários e festas temáticas.","vela para bolo, vela neon glitter, vela de aniversário, vela número, decoração de bolo","<p><strong>✨ Descrição completa — Vela Neon Glitter - Roxo</strong></p><p>A <strong>Vela Neon Glitter Roxo</strong> é perfeita para destacar o bolo e deixar a comemoração ainda mais especial.</p>
<p>Com acabamento em <strong>glitter</strong> e cores vibrantes, traz um visual moderno e alegre, ideal para aniversários, festas temáticas e celebrações especiais.</p>
<p>Disponível em diversos números e cores, permite personalizar o bolo de acordo com a idade ou ocasião.</p><h3>Características</h3><ul><li>Acabamento com efeito glitter</li><li>Cores vibrantes e modernas</li><li>Ideal para bolos de aniversário</li><li>Fácil de usar</li></ul><p><strong>📋 Especificações do produto</strong></p><ul><li><strong>Material:</strong> Parafina</li><li><strong>Tipo:</strong> Vela decorativa para bolo</li><li><strong>Conteúdo da embalagem:</strong> 1 vela (número)</li></ul>
<p><strong>🚚 Frete e prazo</strong></p><p>Calcule o frete e o prazo de entrega informando seu CEP antes de finalizar a compra.</p><p><strong>💡 Dica</strong></p><p>Combine com outros artigos de festa para uma mesa completa e harmoniosa.</p><p><strong>❤️ Garanta o seu</strong></p><p>Garanta agora <strong>Vela Neon Glitter - Roxo</strong> e deixe sua festa ou evento ainda mais especial!</p>",Vela decorativa com efeito neon e glitter. Ideal para bolos de aniversário e comemorações especiais.,,"media://products/1-28.png,media://products/2-29.png,media://products/3-29.png,media://products/4-28.png,media://products/5-29.png,media://products/6-29.png,media://products/7-29.png,media://products/8-27.png,media://products/9-22.png,media://products/10-22.png,media://products/11-17.png",,,,,,1,,Artigos de Festa,Velas,Velas de Número,,,10,,Número,?,,,
9839155,,,,Vela Neon Glitter - Verde,/vela-neon-glitter-verde,"3,030",2.00,4.00,10.00,Vela Neon Glitter - Verde | Decoração para Festa,"Vela Neon Glitter - Verde para bolo. Efeito neon e glitter, visual moderno e fácil de usar. Ideal para aniversários e festas temáticas.","vela para bolo, vela neon glitter, vela de aniversário, vela número, decoração de bolo","<p><strong>✨ Descrição completa — Vela Neon Glitter - Verde</strong></p><p>A <strong>Vela Neon Glitter Verde</strong> é perfeita para destacar o bolo e deixar a comemoração ainda mais especial.</p>
<p>Com acabamento em <strong>glitter</strong> e cores vibrantes, traz um visual moderno e alegre, ideal para aniversários, festas temáticas e celebrações especiais.</p>
<p>Disponível em diversos números e cores, permite personalizar o bolo de acordo com a idade ou ocasião.</p><h3>Características</h3><ul><li>Acabamento com efeito glitter</li><li>Cores vibrantes e modernas</li><li>Ideal para bolos de aniversário</li><li>Fácil de usar</li></ul><p><strong>📋 Especificações do produto</strong></p><ul><li><strong>Material:</strong> Parafina</li><li><strong>Tipo:</strong> Vela decorativa para bolo</li><li><strong>Conteúdo da embalagem:</strong> 1 vela (número)</li></ul>
<p><strong>🚚 Frete e prazo</strong></p><p>Calcule o frete e o prazo de entrega informando seu CEP antes de finalizar a compra.</p><p><strong>💡 Dica</strong></p><p>Combine com outros artigos de festa para uma mesa completa e harmoniosa.</p><p><strong>❤️ Garanta o seu</strong></p><p>Garanta agora <strong>Vela Neon Glitter - Verde</strong> e deixe sua festa ou evento ainda mais especial!</p>",Vela decorativa com efeito neon e glitter. Ideal para bolos de aniversário e comemorações especiais.,,"media://products/1-30.png,media://products/2-31.png,media://products/3-31.png,media://products/4-30.png,media://products/5-31.png,media://products/6-31.png,media://products/7-31.png,media://products/8-29.png,media://products/9-24.png,media://products/10-24.png,media://products/11-19.png",9.90,,,,,1,,Artigos de Festa,Velas,Velas de Número,,,10,,,,,,
 9839155,,28607706,,,,,,,,Vela Neon Glitter - Verde | Decoração para Festa,"Vela Neon Glitter - Verde para bolo. Efeito neon e glitter, visual moderno e fácil de usar. Ideal para aniversários e festas temáticas.","vela para bolo, vela neon glitter, vela de aniversário, vela número, decoração de bolo","<p><strong>✨ Descrição completa — Vela Neon Glitter - Verde</strong></p><p>A <strong>Vela Neon Glitter Verde</strong> é perfeita para destacar o bolo e deixar a comemoração ainda mais especial.</p>
<p>Com acabamento em <strong>glitter</strong> e cores vibrantes, traz um visual moderno e alegre, ideal para aniversários, festas temáticas e celebrações especiais.</p>
<p>Disponível em diversos números e cores, permite personalizar o bolo de acordo com a idade ou ocasião.</p><h3>Características</h3><ul><li>Acabamento com efeito glitter</li><li>Cores vibrantes e modernas</li><li>Ideal para bolos de aniversário</li><li>Fácil de usar</li></ul><p><strong>📋 Especificações do produto</strong></p><ul><li><strong>Material:</strong> Parafina</li><li><strong>Tipo:</strong> Vela decorativa para bolo</li><li><strong>Conteúdo da embalagem:</strong> 1 vela (número)</li></ul>
<p><strong>🚚 Frete e prazo</strong></p><p>Calcule o frete e o prazo de entrega informando seu CEP antes de finalizar a compra.</p><p><strong>💡 Dica</strong></p><p>Combine com outros artigos de festa para uma mesa completa e harmoniosa.</p><p><strong>❤️ Garanta o seu</strong></p><p>Garanta agora <strong>Vela Neon Glitter - Verde</strong> e deixe sua festa ou evento ainda mais especial!</p>",Vela decorativa com efeito neon e glitter. Ideal para bolos de aniversário e comemorações especiais.,,"media://products/1-30.png,media://products/2-31.png,media://products/3-31.png,media://products/4-30.png,media://products/5-31.png,media://products/6-31.png,media://products/7-31.png,media://products/8-29.png,media://products/9-24.png,media://products/10-24.png,media://products/11-19.png",,,,,,1,,Artigos de Festa,Velas,Velas de Número,,,10,,Número,0,,,
 9839155,,28607707,,,,,,,,Vela Neon Glitter - Verde | Decoração para Festa,"Vela Neon Glitter - Verde para bolo. Efeito neon e glitter, visual moderno e fácil de usar. Ideal para aniversários e festas temáticas.","vela para bolo, vela neon glitter, vela de aniversário, vela número, decoração de bolo","<p><strong>✨ Descrição completa — Vela Neon Glitter - Verde</strong></p><p>A <strong>Vela Neon Glitter Verde</strong> é perfeita para destacar o bolo e deixar a comemoração ainda mais especial.</p>
<p>Com acabamento em <strong>glitter</strong> e cores vibrantes, traz um visual moderno e alegre, ideal para aniversários, festas temáticas e celebrações especiais.</p>
<p>Disponível em diversos números e cores, permite personalizar o bolo de acordo com a idade ou ocasião.</p><h3>Características</h3><ul><li>Acabamento com efeito glitter</li><li>Cores vibrantes e modernas</li><li>Ideal para bolos de aniversário</li><li>Fácil de usar</li></ul><p><strong>📋 Especificações do produto</strong></p><ul><li><strong>Material:</strong> Parafina</li><li><strong>Tipo:</strong> Vela decorativa para bolo</li><li><strong>Conteúdo da embalagem:</strong> 1 vela (número)</li></ul>
<p><strong>🚚 Frete e prazo</strong></p><p>Calcule o frete e o prazo de entrega informando seu CEP antes de finalizar a compra.</p><p><strong>💡 Dica</strong></p><p>Combine com outros artigos de festa para uma mesa completa e harmoniosa.</p><p><strong>❤️ Garanta o seu</strong></p><p>Garanta agora <strong>Vela Neon Glitter - Verde</strong> e deixe sua festa ou evento ainda mais especial!</p>",Vela decorativa com efeito neon e glitter. Ideal para bolos de aniversário e comemorações especiais.,,"media://products/1-30.png,media://products/2-31.png,media://products/3-31.png,media://products/4-30.png,media://products/5-31.png,media://products/6-31.png,media://products/7-31.png,media://products/8-29.png,media://products/9-24.png,media://products/10-24.png,media://products/11-19.png",,,,,,1,,Artigos de Festa,Velas,Velas de Número,,,10,,Número,1,,,
 9839155,,28607708,,,,,,,,Vela Neon Glitter - Verde | Decoração para Festa,"Vela Neon Glitter - Verde para bolo. Efeito neon e glitter, visual moderno e fácil de usar. Ideal para aniversários e festas temáticas.","vela para bolo, vela neon glitter, vela de aniversário, vela número, decoração de bolo","<p><strong>✨ Descrição completa — Vela Neon Glitter - Verde</strong></p><p>A <strong>Vela Neon Glitter Verde</strong> é perfeita para destacar o bolo e deixar a comemoração ainda mais especial.</p>
<p>Com acabamento em <strong>glitter</strong> e cores vibrantes, traz um visual moderno e alegre, ideal para aniversários, festas temáticas e celebrações especiais.</p>
<p>Disponível em diversos números e cores, permite personalizar o bolo de acordo com a idade ou ocasião.</p><h3>Características</h3><ul><li>Acabamento com efeito glitter</li><li>Cores vibrantes e modernas</li><li>Ideal para bolos de aniversário</li><li>Fácil de usar</li></ul><p><strong>📋 Especificações do produto</strong></p><ul><li><strong>Material:</strong> Parafina</li><li><strong>Tipo:</strong> Vela decorativa para bolo</li><li><strong>Conteúdo da embalagem:</strong> 1 vela (número)</li></ul>
<p><strong>🚚 Frete e prazo</strong></p><p>Calcule o frete e o prazo de entrega informando seu CEP antes de finalizar a compra.</p><p><strong>💡 Dica</strong></p><p>Combine com outros artigos de festa para uma mesa completa e harmoniosa.</p><p><strong>❤️ Garanta o seu</strong></p><p>Garanta agora <strong>Vela Neon Glitter - Verde</strong> e deixe sua festa ou evento ainda mais especial!</p>",Vela decorativa com efeito neon e glitter. Ideal para bolos de aniversário e comemorações especiais.,,"media://products/1-30.png,media://products/2-31.png,media://products/3-31.png,media://products/4-30.png,media://products/5-31.png,media://products/6-31.png,media://products/7-31.png,media://products/8-29.png,media://products/9-24.png,media://products/10-24.png,media://products/11-19.png",,,,,,1,,Artigos de Festa,Velas,Velas de Número,,,10,,Número,2,,,
 9839155,,28607709,,,,,,,,Vela Neon Glitter - Verde | Decoração para Festa,"Vela Neon Glitter - Verde para bolo. Efeito neon e glitter, visual moderno e fácil de usar. Ideal para aniversários e festas temáticas.","vela para bolo, vela neon glitter, vela de aniversário, vela número, decoração de bolo","<p><strong>✨ Descrição completa — Vela Neon Glitter - Verde</strong></p><p>A <strong>Vela Neon Glitter Verde</strong> é perfeita para destacar o bolo e deixar a comemoração ainda mais especial.</p>
<p>Com acabamento em <strong>glitter</strong> e cores vibrantes, traz um visual moderno e alegre, ideal para aniversários, festas temáticas e celebrações especiais.</p>
<p>Disponível em diversos números e cores, permite personalizar o bolo de acordo com a idade ou ocasião.</p><h3>Características</h3><ul><li>Acabamento com efeito glitter</li><li>Cores vibrantes e modernas</li><li>Ideal para bolos de aniversário</li><li>Fácil de usar</li></ul><p><strong>📋 Especificações do produto</strong></p><ul><li><strong>Material:</strong> Parafina</li><li><strong>Tipo:</strong> Vela decorativa para bolo</li><li><strong>Conteúdo da embalagem:</strong> 1 vela (número)</li></ul>
<p><strong>🚚 Frete e prazo</strong></p><p>Calcule o frete e o prazo de entrega informando seu CEP antes de finalizar a compra.</p><p><strong>💡 Dica</strong></p><p>Combine com outros artigos de festa para uma mesa completa e harmoniosa.</p><p><strong>❤️ Garanta o seu</strong></p><p>Garanta agora <strong>Vela Neon Glitter - Verde</strong> e deixe sua festa ou evento ainda mais especial!</p>",Vela decorativa com efeito neon e glitter. Ideal para bolos de aniversário e comemorações especiais.,,"media://products/1-30.png,media://products/2-31.png,media://products/3-31.png,media://products/4-30.png,media://products/5-31.png,media://products/6-31.png,media://products/7-31.png,media://products/8-29.png,media://products/9-24.png,media://products/10-24.png,media://products/11-19.png",,,,,,1,,Artigos de Festa,Velas,Velas de Número,,,10,,Número,3,,,
 9839155,,28607710,,,,,,,,Vela Neon Glitter - Verde | Decoração para Festa,"Vela Neon Glitter - Verde para bolo. Efeito neon e glitter, visual moderno e fácil de usar. Ideal para aniversários e festas temáticas.","vela para bolo, vela neon glitter, vela de aniversário, vela número, decoração de bolo","<p><strong>✨ Descrição completa — Vela Neon Glitter - Verde</strong></p><p>A <strong>Vela Neon Glitter Verde</strong> é perfeita para destacar o bolo e deixar a comemoração ainda mais especial.</p>
<p>Com acabamento em <strong>glitter</strong> e cores vibrantes, traz um visual moderno e alegre, ideal para aniversários, festas temáticas e celebrações especiais.</p>
<p>Disponível em diversos números e cores, permite personalizar o bolo de acordo com a idade ou ocasião.</p><h3>Características</h3><ul><li>Acabamento com efeito glitter</li><li>Cores vibrantes e modernas</li><li>Ideal para bolos de aniversário</li><li>Fácil de usar</li></ul><p><strong>📋 Especificações do produto</strong></p><ul><li><strong>Material:</strong> Parafina</li><li><strong>Tipo:</strong> Vela decorativa para bolo</li><li><strong>Conteúdo da embalagem:</strong> 1 vela (número)</li></ul>
<p><strong>🚚 Frete e prazo</strong></p><p>Calcule o frete e o prazo de entrega informando seu CEP antes de finalizar a compra.</p><p><strong>💡 Dica</strong></p><p>Combine com outros artigos de festa para uma mesa completa e harmoniosa.</p><p><strong>❤️ Garanta o seu</strong></p><p>Garanta agora <strong>Vela Neon Glitter - Verde</strong> e deixe sua festa ou evento ainda mais especial!</p>",Vela decorativa com efeito neon e glitter. Ideal para bolos de aniversário e comemorações especiais.,,"media://products/1-30.png,media://products/2-31.png,media://products/3-31.png,media://products/4-30.png,media://products/5-31.png,media://products/6-31.png,media://products/7-31.png,media://products/8-29.png,media://products/9-24.png,media://products/10-24.png,media://products/11-19.png",,,,,,1,,Artigos de Festa,Velas,Velas de Número,,,10,,Número,4,,,
 9839155,,28607711,,,,,,,,Vela Neon Glitter - Verde | Decoração para Festa,"Vela Neon Glitter - Verde para bolo. Efeito neon e glitter, visual moderno e fácil de usar. Ideal para aniversários e festas temáticas.","vela para bolo, vela neon glitter, vela de aniversário, vela número, decoração de bolo","<p><strong>✨ Descrição completa — Vela Neon Glitter - Verde</strong></p><p>A <strong>Vela Neon Glitter Verde</strong> é perfeita para destacar o bolo e deixar a comemoração ainda mais especial.</p>
<p>Com acabamento em <strong>glitter</strong> e cores vibrantes, traz um visual moderno e alegre, ideal para aniversários, festas temáticas e celebrações especiais.</p>
<p>Disponível em diversos números e cores, permite personalizar o bolo de acordo com a idade ou ocasião.</p><h3>Características</h3><ul><li>Acabamento com efeito glitter</li><li>Cores vibrantes e modernas</li><li>Ideal para bolos de aniversário</li><li>Fácil de usar</li></ul><p><strong>📋 Especificações do produto</strong></p><ul><li><strong>Material:</strong> Parafina</li><li><strong>Tipo:</strong> Vela decorativa para bolo</li><li><strong>Conteúdo da embalagem:</strong> 1 vela (número)</li></ul>
<p><strong>🚚 Frete e prazo</strong></p><p>Calcule o frete e o prazo de entrega informando seu CEP antes de finalizar a compra.</p><p><strong>💡 Dica</strong></p><p>Combine com outros artigos de festa para uma mesa completa e harmoniosa.</p><p><strong>❤️ Garanta o seu</strong></p><p>Garanta agora <strong>Vela Neon Glitter - Verde</strong> e deixe sua festa ou evento ainda mais especial!</p>",Vela decorativa com efeito neon e glitter. Ideal para bolos de aniversário e comemorações especiais.,,"media://products/1-30.png,media://products/2-31.png,media://products/3-31.png,media://products/4-30.png,media://products/5-31.png,media://products/6-31.png,media://products/7-31.png,media://products/8-29.png,media://products/9-24.png,media://products/10-24.png,media://products/11-19.png",,,,,,1,,Artigos de Festa,Velas,Velas de Número,,,10,,Número,5,,,
 9839155,,28607713,,,,,,,,Vela Neon Glitter - Verde | Decoração para Festa,"Vela Neon Glitter - Verde para bolo. Efeito neon e glitter, visual moderno e fácil de usar. Ideal para aniversários e festas temáticas.","vela para bolo, vela neon glitter, vela de aniversário, vela número, decoração de bolo","<p><strong>✨ Descrição completa — Vela Neon Glitter - Verde</strong></p><p>A <strong>Vela Neon Glitter Verde</strong> é perfeita para destacar o bolo e deixar a comemoração ainda mais especial.</p>
<p>Com acabamento em <strong>glitter</strong> e cores vibrantes, traz um visual moderno e alegre, ideal para aniversários, festas temáticas e celebrações especiais.</p>
<p>Disponível em diversos números e cores, permite personalizar o bolo de acordo com a idade ou ocasião.</p><h3>Características</h3><ul><li>Acabamento com efeito glitter</li><li>Cores vibrantes e modernas</li><li>Ideal para bolos de aniversário</li><li>Fácil de usar</li></ul><p><strong>📋 Especificações do produto</strong></p><ul><li><strong>Material:</strong> Parafina</li><li><strong>Tipo:</strong> Vela decorativa para bolo</li><li><strong>Conteúdo da embalagem:</strong> 1 vela (número)</li></ul>
<p><strong>🚚 Frete e prazo</strong></p><p>Calcule o frete e o prazo de entrega informando seu CEP antes de finalizar a compra.</p><p><strong>💡 Dica</strong></p><p>Combine com outros artigos de festa para uma mesa completa e harmoniosa.</p><p><strong>❤️ Garanta o seu</strong></p><p>Garanta agora <strong>Vela Neon Glitter - Verde</strong> e deixe sua festa ou evento ainda mais especial!</p>",Vela decorativa com efeito neon e glitter. Ideal para bolos de aniversário e comemorações especiais.,,"media://products/1-30.png,media://products/2-31.png,media://products/3-31.png,media://products/4-30.png,media://products/5-31.png,media://products/6-31.png,media://products/7-31.png,media://products/8-29.png,media://products/9-24.png,media://products/10-24.png,media://products/11-19.png",,,,,,1,,Artigos de Festa,Velas,Velas de Número,,,10,,Número,6,,,
 9839155,,28607714,,,,,,,,Vela Neon Glitter - Verde | Decoração para Festa,"Vela Neon Glitter - Verde para bolo. Efeito neon e glitter, visual moderno e fácil de usar. Ideal para aniversários e festas temáticas.","vela para bolo, vela neon glitter, vela de aniversário, vela número, decoração de bolo","<p><strong>✨ Descrição completa — Vela Neon Glitter - Verde</strong></p><p>A <strong>Vela Neon Glitter Verde</strong> é perfeita para destacar o bolo e deixar a comemoração ainda mais especial.</p>
<p>Com acabamento em <strong>glitter</strong> e cores vibrantes, traz um visual moderno e alegre, ideal para aniversários, festas temáticas e celebrações especiais.</p>
<p>Disponível em diversos números e cores, permite personalizar o bolo de acordo com a idade ou ocasião.</p><h3>Características</h3><ul><li>Acabamento com efeito glitter</li><li>Cores vibrantes e modernas</li><li>Ideal para bolos de aniversário</li><li>Fácil de usar</li></ul><p><strong>📋 Especificações do produto</strong></p><ul><li><strong>Material:</strong> Parafina</li><li><strong>Tipo:</strong> Vela decorativa para bolo</li><li><strong>Conteúdo da embalagem:</strong> 1 vela (número)</li></ul>
<p><strong>🚚 Frete e prazo</strong></p><p>Calcule o frete e o prazo de entrega informando seu CEP antes de finalizar a compra.</p><p><strong>💡 Dica</strong></p><p>Combine com outros artigos de festa para uma mesa completa e harmoniosa.</p><p><strong>❤️ Garanta o seu</strong></p><p>Garanta agora <strong>Vela Neon Glitter - Verde</strong> e deixe sua festa ou evento ainda mais especial!</p>",Vela decorativa com efeito neon e glitter. Ideal para bolos de aniversário e comemorações especiais.,,"media://products/1-30.png,media://products/2-31.png,media://products/3-31.png,media://products/4-30.png,media://products/5-31.png,media://products/6-31.png,media://products/7-31.png,media://products/8-29.png,media://products/9-24.png,media://products/10-24.png,media://products/11-19.png",,,,,,1,,Artigos de Festa,Velas,Velas de Número,,,10,,Número,7,,,
 9839155,,28607715,,,,,,,,Vela Neon Glitter - Verde | Decoração para Festa,"Vela Neon Glitter - Verde para bolo. Efeito neon e glitter, visual moderno e fácil de usar. Ideal para aniversários e festas temáticas.","vela para bolo, vela neon glitter, vela de aniversário, vela número, decoração de bolo","<p><strong>✨ Descrição completa — Vela Neon Glitter - Verde</strong></p><p>A <strong>Vela Neon Glitter Verde</strong> é perfeita para destacar o bolo e deixar a comemoração ainda mais especial.</p>
<p>Com acabamento em <strong>glitter</strong> e cores vibrantes, traz um visual moderno e alegre, ideal para aniversários, festas temáticas e celebrações especiais.</p>
<p>Disponível em diversos números e cores, permite personalizar o bolo de acordo com a idade ou ocasião.</p><h3>Características</h3><ul><li>Acabamento com efeito glitter</li><li>Cores vibrantes e modernas</li><li>Ideal para bolos de aniversário</li><li>Fácil de usar</li></ul><p><strong>📋 Especificações do produto</strong></p><ul><li><strong>Material:</strong> Parafina</li><li><strong>Tipo:</strong> Vela decorativa para bolo</li><li><strong>Conteúdo da embalagem:</strong> 1 vela (número)</li></ul>
<p><strong>🚚 Frete e prazo</strong></p><p>Calcule o frete e o prazo de entrega informando seu CEP antes de finalizar a compra.</p><p><strong>💡 Dica</strong></p><p>Combine com outros artigos de festa para uma mesa completa e harmoniosa.</p><p><strong>❤️ Garanta o seu</strong></p><p>Garanta agora <strong>Vela Neon Glitter - Verde</strong> e deixe sua festa ou evento ainda mais especial!</p>",Vela decorativa com efeito neon e glitter. Ideal para bolos de aniversário e comemorações especiais.,,"media://products/1-30.png,media://products/2-31.png,media://products/3-31.png,media://products/4-30.png,media://products/5-31.png,media://products/6-31.png,media://products/7-31.png,media://products/8-29.png,media://products/9-24.png,media://products/10-24.png,media://products/11-19.png",,,,,,1,,Artigos de Festa,Velas,Velas de Número,,,10,,Número,8,,,
 9839155,,28607716,,,,,,,,Vela Neon Glitter - Verde | Decoração para Festa,"Vela Neon Glitter - Verde para bolo. Efeito neon e glitter, visual moderno e fácil de usar. Ideal para aniversários e festas temáticas.","vela para bolo, vela neon glitter, vela de aniversário, vela número, decoração de bolo","<p><strong>✨ Descrição completa — Vela Neon Glitter - Verde</strong></p><p>A <strong>Vela Neon Glitter Verde</strong> é perfeita para destacar o bolo e deixar a comemoração ainda mais especial.</p>
<p>Com acabamento em <strong>glitter</strong> e cores vibrantes, traz um visual moderno e alegre, ideal para aniversários, festas temáticas e celebrações especiais.</p>
<p>Disponível em diversos números e cores, permite personalizar o bolo de acordo com a idade ou ocasião.</p><h3>Características</h3><ul><li>Acabamento com efeito glitter</li><li>Cores vibrantes e modernas</li><li>Ideal para bolos de aniversário</li><li>Fácil de usar</li></ul><p><strong>📋 Especificações do produto</strong></p><ul><li><strong>Material:</strong> Parafina</li><li><strong>Tipo:</strong> Vela decorativa para bolo</li><li><strong>Conteúdo da embalagem:</strong> 1 vela (número)</li></ul>
<p><strong>🚚 Frete e prazo</strong></p><p>Calcule o frete e o prazo de entrega informando seu CEP antes de finalizar a compra.</p><p><strong>💡 Dica</strong></p><p>Combine com outros artigos de festa para uma mesa completa e harmoniosa.</p><p><strong>❤️ Garanta o seu</strong></p><p>Garanta agora <strong>Vela Neon Glitter - Verde</strong> e deixe sua festa ou evento ainda mais especial!</p>",Vela decorativa com efeito neon e glitter. Ideal para bolos de aniversário e comemorações especiais.,,"media://products/1-30.png,media://products/2-31.png,media://products/3-31.png,media://products/4-30.png,media://products/5-31.png,media://products/6-31.png,media://products/7-31.png,media://products/8-29.png,media://products/9-24.png,media://products/10-24.png,media://products/11-19.png",,,,,,1,,Artigos de Festa,Velas,Velas de Número,,,10,,Número,9,,,
 9839155,,28607717,,,,,,,,Vela Neon Glitter - Verde | Decoração para Festa,"Vela Neon Glitter - Verde para bolo. Efeito neon e glitter, visual moderno e fácil de usar. Ideal para aniversários e festas temáticas.","vela para bolo, vela neon glitter, vela de aniversário, vela número, decoração de bolo","<p><strong>✨ Descrição completa — Vela Neon Glitter - Verde</strong></p><p>A <strong>Vela Neon Glitter Verde</strong> é perfeita para destacar o bolo e deixar a comemoração ainda mais especial.</p>
<p>Com acabamento em <strong>glitter</strong> e cores vibrantes, traz um visual moderno e alegre, ideal para aniversários, festas temáticas e celebrações especiais.</p>
<p>Disponível em diversos números e cores, permite personalizar o bolo de acordo com a idade ou ocasião.</p><h3>Características</h3><ul><li>Acabamento com efeito glitter</li><li>Cores vibrantes e modernas</li><li>Ideal para bolos de aniversário</li><li>Fácil de usar</li></ul><p><strong>📋 Especificações do produto</strong></p><ul><li><strong>Material:</strong> Parafina</li><li><strong>Tipo:</strong> Vela decorativa para bolo</li><li><strong>Conteúdo da embalagem:</strong> 1 vela (número)</li></ul>
<p><strong>🚚 Frete e prazo</strong></p><p>Calcule o frete e o prazo de entrega informando seu CEP antes de finalizar a compra.</p><p><strong>💡 Dica</strong></p><p>Combine com outros artigos de festa para uma mesa completa e harmoniosa.</p><p><strong>❤️ Garanta o seu</strong></p><p>Garanta agora <strong>Vela Neon Glitter - Verde</strong> e deixe sua festa ou evento ainda mais especial!</p>",Vela decorativa com efeito neon e glitter. Ideal para bolos de aniversário e comemorações especiais.,,"media://products/1-30.png,media://products/2-31.png,media://products/3-31.png,media://products/4-30.png,media://products/5-31.png,media://products/6-31.png,media://products/7-31.png,media://products/8-29.png,media://products/9-24.png,media://products/10-24.png,media://products/11-19.png",,,,,,1,,Artigos de Festa,Velas,Velas de Número,,,10,,Número,?,,,
9839160,,,,Vela Neon Glitter - Vermelho - N0,/vela-neon-glitter-vermelho,"30,000",2.00,4.00,10.00,Vela Neon Glitter - Vermelho N0 | Decoração para Festa,"Vela Neon Glitter - Vermelho para bolo. Efeito neon e glitter, visual moderno e fácil de usar. Ideal para aniversários e festas temáticas.","vela para bolo, vela neon glitter, vela de aniversário, vela número, decoração de bolo","<p><strong>✨ Descrição completa — Vela Neon Glitter - Vermelho - N0</strong></p><p>A <strong>Vela Neon Glitter Vermelho</strong> é perfeita para destacar o bolo e deixar a comemoração ainda mais especial.</p>
<p>Com acabamento em <strong>glitter</strong> e cores vibrantes, traz um visual moderno e alegre, ideal para aniversários, festas temáticas e celebrações especiais.</p>
<p>Disponível em diversos números e cores, permite personalizar o bolo de acordo com a idade ou ocasião.</p><h3>Características</h3><ul><li>Acabamento com efeito glitter</li><li>Cores vibrantes e modernas</li><li>Ideal para bolos de aniversário</li><li>Fácil de usar</li></ul><p><strong>📋 Especificações do produto</strong></p><ul><li><strong>Material:</strong> Parafina</li><li><strong>Tipo:</strong> Vela decorativa para bolo</li><li><strong>Conteúdo da embalagem:</strong> 1 vela (número)</li></ul>
<p><strong>🚚 Frete e prazo</strong></p><p>Calcule o frete e o prazo de entrega informando seu CEP antes de finalizar a compra.</p><p><strong>💡 Dica</strong></p><p>Combine com outros artigos de festa para uma mesa completa e harmoniosa.</p><p><strong>❤️ Garanta o seu</strong></p><p>Garanta agora <strong>Vela Neon Glitter - Vermelho - N0</strong> e deixe sua festa ou evento ainda mais especial!</p>",Vela decorativa com efeito neon e glitter. Ideal para bolos de aniversário e comemorações especiais.,,media://products/10-25.png,9.90,,,,,1,,Artigos de Festa,Velas,Velas de Número,,,0,,,,,,
 9839160,,28607734,,,,,,,,Vela Neon Glitter - Vermelho N0 | Decoração para Festa,"Vela Neon Glitter - Vermelho para bolo. Efeito neon e glitter, visual moderno e fácil de usar. Ideal para aniversários e festas temáticas.","vela para bolo, vela neon glitter, vela de aniversário, vela número, decoração de bolo","<p><strong>✨ Descrição completa — Vela Neon Glitter - Vermelho - N0</strong></p><p>A <strong>Vela Neon Glitter Vermelho</strong> é perfeita para destacar o bolo e deixar a comemoração ainda mais especial.</p>
<p>Com acabamento em <strong>glitter</strong> e cores vibrantes, traz um visual moderno e alegre, ideal para aniversários, festas temáticas e celebrações especiais.</p>
<p>Disponível em diversos números e cores, permite personalizar o bolo de acordo com a idade ou ocasião.</p><h3>Características</h3><ul><li>Acabamento com efeito glitter</li><li>Cores vibrantes e modernas</li><li>Ideal para bolos de aniversário</li><li>Fácil de usar</li></ul><p><strong>📋 Especificações do produto</strong></p><ul><li><strong>Material:</strong> Parafina</li><li><strong>Tipo:</strong> Vela decorativa para bolo</li><li><strong>Conteúdo da embalagem:</strong> 1 vela (número)</li></ul>
<p><strong>🚚 Frete e prazo</strong></p><p>Calcule o frete e o prazo de entrega informando seu CEP antes de finalizar a compra.</p><p><strong>💡 Dica</strong></p><p>Combine com outros artigos de festa para uma mesa completa e harmoniosa.</p><p><strong>❤️ Garanta o seu</strong></p><p>Garanta agora <strong>Vela Neon Glitter - Vermelho - N0</strong> e deixe sua festa ou evento ainda mais especial!</p>",Vela decorativa com efeito neon e glitter. Ideal para bolos de aniversário e comemorações especiais.,,media://products/10-25.png,,,,,,1,,Artigos de Festa,Velas,Velas de Número,,,0,Vermelho,,,,,
9902156,,,,Vela Neon Glitter - Vermelho - ?,/vela-neon-glitter-vermelho-1,"0,030",2.00,4.00,10.00,Vela Neon Glitter - Vermelho N2 | Decoração para Festa,"Vela Neon Glitter - Vermelho para bolo. Efeito neon e glitter, visual moderno e fácil de usar. Ideal para aniversários e festas temáticas.","vela para bolo, vela neon glitter, vela de aniversário, vela número, decoração de bolo","<p><strong>✨ Descrição completa — Vela Neon Glitter - Vermelho - ?</strong></p><p>A <strong>Vela Neon Glitter Vermelho</strong> é perfeita para destacar o bolo e deixar a comemoração ainda mais especial.</p>
<p>Com acabamento em <strong>glitter</strong> e cores vibrantes, traz um visual moderno e alegre, ideal para aniversários, festas temáticas e celebrações especiais.</p>
<p>Disponível em diversos números e cores, permite personalizar o bolo de acordo com a idade ou ocasião.</p><h3>Características</h3><ul><li>Acabamento com efeito glitter</li><li>Cores vibrantes e modernas</li><li>Ideal para bolos de aniversário</li><li>Fácil de usar</li></ul><p><strong>📋 Especificações do produto</strong></p><ul><li><strong>Material:</strong> Parafina</li><li><strong>Tipo:</strong> Vela decorativa para bolo</li><li><strong>Conteúdo da embalagem:</strong> 1 vela (número)</li></ul>
<p><strong>🚚 Frete e prazo</strong></p><p>Calcule o frete e o prazo de entrega informando seu CEP antes de finalizar a compra.</p><p><strong>💡 Dica</strong></p><p>Combine com outros artigos de festa para uma mesa completa e harmoniosa.</p><p><strong>❤️ Garanta o seu</strong></p><p>Garanta agora <strong>Vela Neon Glitter - Vermelho - ?</strong> e deixe sua festa ou evento ainda mais especial!</p>",Vela decorativa com efeito neon e glitter. Ideal para bolos de aniversário e comemorações especiais.,,media://products/11-20.png,9.90,,,,,1,,Artigos de Festa,Velas,Velas de Número,,,0,,,,,,
 9902156,,28787159,,,,,,,,Vela Neon Glitter - Vermelho N2 | Decoração para Festa,"Vela Neon Glitter - Vermelho para bolo. Efeito neon e glitter, visual moderno e fácil de usar. Ideal para aniversários e festas temáticas.","vela para bolo, vela neon glitter, vela de aniversário, vela número, decoração de bolo","<p><strong>✨ Descrição completa — Vela Neon Glitter - Vermelho - ?</strong></p><p>A <strong>Vela Neon Glitter Vermelho</strong> é perfeita para destacar o bolo e deixar a comemoração ainda mais especial.</p>
<p>Com acabamento em <strong>glitter</strong> e cores vibrantes, traz um visual moderno e alegre, ideal para aniversários, festas temáticas e celebrações especiais.</p>
<p>Disponível em diversos números e cores, permite personalizar o bolo de acordo com a idade ou ocasião.</p><h3>Características</h3><ul><li>Acabamento com efeito glitter</li><li>Cores vibrantes e modernas</li><li>Ideal para bolos de aniversário</li><li>Fácil de usar</li></ul><p><strong>📋 Especificações do produto</strong></p><ul><li><strong>Material:</strong> Parafina</li><li><strong>Tipo:</strong> Vela decorativa para bolo</li><li><strong>Conteúdo da embalagem:</strong> 1 vela (número)</li></ul>
<p><strong>🚚 Frete e prazo</strong></p><p>Calcule o frete e o prazo de entrega informando seu CEP antes de finalizar a compra.</p><p><strong>💡 Dica</strong></p><p>Combine com outros artigos de festa para uma mesa completa e harmoniosa.</p><p><strong>❤️ Garanta o seu</strong></p><p>Garanta agora <strong>Vela Neon Glitter - Vermelho - ?</strong> e deixe sua festa ou evento ainda mais especial!</p>",Vela decorativa com efeito neon e glitter. Ideal para bolos de aniversário e comemorações especiais.,,media://products/11-20.png,,,,,,1,,Artigos de Festa,Velas,Velas de Número,,,0,Vermelho,,,,,
9902048,,,,Vela Neon Glitter - Vermelho - N1,/vela-neon-glitter-vermelho-n1,"30,000",2.00,4.00,10.00,Vela Neon Glitter - Vermelho | Decoração para Festa,"Vela Neon Glitter - Vermelho para bolo. Efeito neon e glitter, visual moderno e fácil de usar. Ideal para aniversários e festas temáticas.","vela para bolo, vela neon glitter, vela de aniversário, vela número, decoração de bolo","<p><strong>✨ Descrição completa — Vela Neon Glitter - Vermelho - N1</strong></p><p>A <strong>Vela Neon Glitter Vermelho</strong> é perfeita para destacar o bolo e deixar a comemoração ainda mais especial.</p>
<p>Com acabamento em <strong>glitter</strong> e cores vibrantes, traz um visual moderno e alegre, ideal para aniversários, festas temáticas e celebrações especiais.</p>
<p>Disponível em diversos números e cores, permite personalizar o bolo de acordo com a idade ou ocasião.</p><h3>Características</h3><ul><li>Acabamento com efeito glitter</li><li>Cores vibrantes e modernas</li><li>Ideal para bolos de aniversário</li><li>Fácil de usar</li></ul><p><strong>📋 Especificações do produto</strong></p><ul><li><strong>Material:</strong> Parafina</li><li><strong>Tipo:</strong> Vela decorativa para bolo</li><li><strong>Conteúdo da embalagem:</strong> 1 vela (número)</li></ul>
<p><strong>🚚 Frete e prazo</strong></p><p>Calcule o frete e o prazo de entrega informando seu CEP antes de finalizar a compra.</p><p><strong>💡 Dica</strong></p><p>Combine com outros artigos de festa para uma mesa completa e harmoniosa.</p><p><strong>❤️ Garanta o seu</strong></p><p>Garanta agora <strong>Vela Neon Glitter - Vermelho - N1</strong> e deixe sua festa ou evento ainda mais especial!</p>",Vela decorativa com efeito neon e glitter. Ideal para bolos de aniversário e comemorações especiais.,,media://products/1-31.png,9.90,,,,,1,,Artigos de Festa,Velas,Velas de Número,,,0,,,,,,
 9902048,,28786925,,,,,,,,Vela Neon Glitter - Vermelho | Decoração para Festa,"Vela Neon Glitter - Vermelho para bolo. Efeito neon e glitter, visual moderno e fácil de usar. Ideal para aniversários e festas temáticas.","vela para bolo, vela neon glitter, vela de aniversário, vela número, decoração de bolo","<p><strong>✨ Descrição completa — Vela Neon Glitter - Vermelho - N1</strong></p><p>A <strong>Vela Neon Glitter Vermelho</strong> é perfeita para destacar o bolo e deixar a comemoração ainda mais especial.</p>
<p>Com acabamento em <strong>glitter</strong> e cores vibrantes, traz um visual moderno e alegre, ideal para aniversários, festas temáticas e celebrações especiais.</p>
<p>Disponível em diversos números e cores, permite personalizar o bolo de acordo com a idade ou ocasião.</p><h3>Características</h3><ul><li>Acabamento com efeito glitter</li><li>Cores vibrantes e modernas</li><li>Ideal para bolos de aniversário</li><li>Fácil de usar</li></ul><p><strong>📋 Especificações do produto</strong></p><ul><li><strong>Material:</strong> Parafina</li><li><strong>Tipo:</strong> Vela decorativa para bolo</li><li><strong>Conteúdo da embalagem:</strong> 1 vela (número)</li></ul>
<p><strong>🚚 Frete e prazo</strong></p><p>Calcule o frete e o prazo de entrega informando seu CEP antes de finalizar a compra.</p><p><strong>💡 Dica</strong></p><p>Combine com outros artigos de festa para uma mesa completa e harmoniosa.</p><p><strong>❤️ Garanta o seu</strong></p><p>Garanta agora <strong>Vela Neon Glitter - Vermelho - N1</strong> e deixe sua festa ou evento ainda mais especial!</p>",Vela decorativa com efeito neon e glitter. Ideal para bolos de aniversário e comemorações especiais.,,media://products/1-31.png,,,,,,1,,Artigos de Festa,Velas,Velas de Número,,,0,Vermelho,,,,,
9902076,,,,Vela Neon Glitter - Vermelho - N2,/vela-neon-glitter-vermelho-n2,"0,030",2.00,4.00,10.00,Vela Neon Glitter - Vermelho N2 | Decoração para Festa,"Vela Neon Glitter - Vermelho para bolo. Efeito neon e glitter, visual moderno e fácil de usar. Ideal para aniversários e festas temáticas.","vela para bolo, vela neon glitter, vela de aniversário, vela número, decoração de bolo","<p><strong>✨ Descrição completa — Vela Neon Glitter - Vermelho - N2</strong></p><p>A <strong>Vela Neon Glitter Vermelho</strong> é perfeita para destacar o bolo e deixar a comemoração ainda mais especial.</p>
<p>Com acabamento em <strong>glitter</strong> e cores vibrantes, traz um visual moderno e alegre, ideal para aniversários, festas temáticas e celebrações especiais.</p>
<p>Disponível em diversos números e cores, permite personalizar o bolo de acordo com a idade ou ocasião.</p><h3>Características</h3><ul><li>Acabamento com efeito glitter</li><li>Cores vibrantes e modernas</li><li>Ideal para bolos de aniversário</li><li>Fácil de usar</li></ul><p><strong>📋 Especificações do produto</strong></p><ul><li><strong>Material:</strong> Parafina</li><li><strong>Tipo:</strong> Vela decorativa para bolo</li><li><strong>Conteúdo da embalagem:</strong> 1 vela (número)</li></ul>
<p><strong>🚚 Frete e prazo</strong></p><p>Calcule o frete e o prazo de entrega informando seu CEP antes de finalizar a compra.</p><p><strong>💡 Dica</strong></p><p>Combine com outros artigos de festa para uma mesa completa e harmoniosa.</p><p><strong>❤️ Garanta o seu</strong></p><p>Garanta agora <strong>Vela Neon Glitter - Vermelho - N2</strong> e deixe sua festa ou evento ainda mais especial!</p>",Vela decorativa com efeito neon e glitter. Ideal para bolos de aniversário e comemorações especiais.,,media://products/2-32.png,9.90,,,,,1,,Artigos de Festa,Velas,Velas de Número,,,0,,,,,,
 9902076,,28786980,,,,,,,,Vela Neon Glitter - Vermelho N2 | Decoração para Festa,"Vela Neon Glitter - Vermelho para bolo. Efeito neon e glitter, visual moderno e fácil de usar. Ideal para aniversários e festas temáticas.","vela para bolo, vela neon glitter, vela de aniversário, vela número, decoração de bolo","<p><strong>✨ Descrição completa — Vela Neon Glitter - Vermelho - N2</strong></p><p>A <strong>Vela Neon Glitter Vermelho</strong> é perfeita para destacar o bolo e deixar a comemoração ainda mais especial.</p>
<p>Com acabamento em <strong>glitter</strong> e cores vibrantes, traz um visual moderno e alegre, ideal para aniversários, festas temáticas e celebrações especiais.</p>
<p>Disponível em diversos números e cores, permite personalizar o bolo de acordo com a idade ou ocasião.</p><h3>Características</h3><ul><li>Acabamento com efeito glitter</li><li>Cores vibrantes e modernas</li><li>Ideal para bolos de aniversário</li><li>Fácil de usar</li></ul><p><strong>📋 Especificações do produto</strong></p><ul><li><strong>Material:</strong> Parafina</li><li><strong>Tipo:</strong> Vela decorativa para bolo</li><li><strong>Conteúdo da embalagem:</strong> 1 vela (número)</li></ul>
<p><strong>🚚 Frete e prazo</strong></p><p>Calcule o frete e o prazo de entrega informando seu CEP antes de finalizar a compra.</p><p><strong>💡 Dica</strong></p><p>Combine com outros artigos de festa para uma mesa completa e harmoniosa.</p><p><strong>❤️ Garanta o seu</strong></p><p>Garanta agora <strong>Vela Neon Glitter - Vermelho - N2</strong> e deixe sua festa ou evento ainda mais especial!</p>",Vela decorativa com efeito neon e glitter. Ideal para bolos de aniversário e comemorações especiais.,,media://products/2-32.png,,,,,,1,,Artigos de Festa,Velas,Velas de Número,,,0,Vermelho,,,,,
9902110,,,,Vela Neon Glitter - Vermelho - N3,/vela-neon-glitter-vermelho-n3,"0,030",2.00,4.00,10.00,Vela Neon Glitter - Vermelho N2 | Decoração para Festa,"Vela Neon Glitter - Vermelho para bolo. Efeito neon e glitter, visual moderno e fácil de usar. Ideal para aniversários e festas temáticas.","vela para bolo, vela neon glitter, vela de aniversário, vela número, decoração de bolo","<p><strong>✨ Descrição completa — Vela Neon Glitter - Vermelho - N3</strong></p><p>A <strong>Vela Neon Glitter Vermelho</strong> é perfeita para destacar o bolo e deixar a comemoração ainda mais especial.</p>
<p>Com acabamento em <strong>glitter</strong> e cores vibrantes, traz um visual moderno e alegre, ideal para aniversários, festas temáticas e celebrações especiais.</p>
<p>Disponível em diversos números e cores, permite personalizar o bolo de acordo com a idade ou ocasião.</p><h3>Características</h3><ul><li>Acabamento com efeito glitter</li><li>Cores vibrantes e modernas</li><li>Ideal para bolos de aniversário</li><li>Fácil de usar</li></ul><p><strong>📋 Especificações do produto</strong></p><ul><li><strong>Material:</strong> Parafina</li><li><strong>Tipo:</strong> Vela decorativa para bolo</li><li><strong>Conteúdo da embalagem:</strong> 1 vela (número)</li></ul>
<p><strong>🚚 Frete e prazo</strong></p><p>Calcule o frete e o prazo de entrega informando seu CEP antes de finalizar a compra.</p><p><strong>💡 Dica</strong></p><p>Combine com outros artigos de festa para uma mesa completa e harmoniosa.</p><p><strong>❤️ Garanta o seu</strong></p><p>Garanta agora <strong>Vela Neon Glitter - Vermelho - N3</strong> e deixe sua festa ou evento ainda mais especial!</p>",Vela decorativa com efeito neon e glitter. Ideal para bolos de aniversário e comemorações especiais.,,media://products/3-32.png,9.90,,,,,1,,Artigos de Festa,Velas,Velas de Número,,,0,,,,,,
 9902110,,28787043,,,,,,,,Vela Neon Glitter - Vermelho N2 | Decoração para Festa,"Vela Neon Glitter - Vermelho para bolo. Efeito neon e glitter, visual moderno e fácil de usar. Ideal para aniversários e festas temáticas.","vela para bolo, vela neon glitter, vela de aniversário, vela número, decoração de bolo","<p><strong>✨ Descrição completa — Vela Neon Glitter - Vermelho - N3</strong></p><p>A <strong>Vela Neon Glitter Vermelho</strong> é perfeita para destacar o bolo e deixar a comemoração ainda mais especial.</p>
<p>Com acabamento em <strong>glitter</strong> e cores vibrantes, traz um visual moderno e alegre, ideal para aniversários, festas temáticas e celebrações especiais.</p>
<p>Disponível em diversos números e cores, permite personalizar o bolo de acordo com a idade ou ocasião.</p><h3>Características</h3><ul><li>Acabamento com efeito glitter</li><li>Cores vibrantes e modernas</li><li>Ideal para bolos de aniversário</li><li>Fácil de usar</li></ul><p><strong>📋 Especificações do produto</strong></p><ul><li><strong>Material:</strong> Parafina</li><li><strong>Tipo:</strong> Vela decorativa para bolo</li><li><strong>Conteúdo da embalagem:</strong> 1 vela (número)</li></ul>
<p><strong>🚚 Frete e prazo</strong></p><p>Calcule o frete e o prazo de entrega informando seu CEP antes de finalizar a compra.</p><p><strong>💡 Dica</strong></p><p>Combine com outros artigos de festa para uma mesa completa e harmoniosa.</p><p><strong>❤️ Garanta o seu</strong></p><p>Garanta agora <strong>Vela Neon Glitter - Vermelho - N3</strong> e deixe sua festa ou evento ainda mais especial!</p>",Vela decorativa com efeito neon e glitter. Ideal para bolos de aniversário e comemorações especiais.,,media://products/3-32.png,,,,,,1,,Artigos de Festa,Velas,Velas de Número,,,0,Vermelho,,,,,
9902114,,,,Vela Neon Glitter - Vermelho - N4,/vela-neon-glitter-vermelho-n4,"0,030",2.00,4.00,10.00,Vela Neon Glitter - Vermelho N2 | Decoração para Festa,"Vela Neon Glitter - Vermelho para bolo. Efeito neon e glitter, visual moderno e fácil de usar. Ideal para aniversários e festas temáticas.","vela para bolo, vela neon glitter, vela de aniversário, vela número, decoração de bolo","<p><strong>✨ Descrição completa — Vela Neon Glitter - Vermelho - N4</strong></p><p>A <strong>Vela Neon Glitter Vermelho</strong> é perfeita para destacar o bolo e deixar a comemoração ainda mais especial.</p>
<p>Com acabamento em <strong>glitter</strong> e cores vibrantes, traz um visual moderno e alegre, ideal para aniversários, festas temáticas e celebrações especiais.</p>
<p>Disponível em diversos números e cores, permite personalizar o bolo de acordo com a idade ou ocasião.</p><h3>Características</h3><ul><li>Acabamento com efeito glitter</li><li>Cores vibrantes e modernas</li><li>Ideal para bolos de aniversário</li><li>Fácil de usar</li></ul><p><strong>📋 Especificações do produto</strong></p><ul><li><strong>Material:</strong> Parafina</li><li><strong>Tipo:</strong> Vela decorativa para bolo</li><li><strong>Conteúdo da embalagem:</strong> 1 vela (número)</li></ul>
<p><strong>🚚 Frete e prazo</strong></p><p>Calcule o frete e o prazo de entrega informando seu CEP antes de finalizar a compra.</p><p><strong>💡 Dica</strong></p><p>Combine com outros artigos de festa para uma mesa completa e harmoniosa.</p><p><strong>❤️ Garanta o seu</strong></p><p>Garanta agora <strong>Vela Neon Glitter - Vermelho - N4</strong> e deixe sua festa ou evento ainda mais especial!</p>",Vela decorativa com efeito neon e glitter. Ideal para bolos de aniversário e comemorações especiais.,,media://products/4-31.png,9.90,,,,,1,,Artigos de Festa,Velas,Velas de Número,,,0,,,,,,
 9902114,,28787061,,,,,,,,Vela Neon Glitter - Vermelho N2 | Decoração para Festa,"Vela Neon Glitter - Vermelho para bolo. Efeito neon e glitter, visual moderno e fácil de usar. Ideal para aniversários e festas temáticas.","vela para bolo, vela neon glitter, vela de aniversário, vela número, decoração de bolo","<p><strong>✨ Descrição completa — Vela Neon Glitter - Vermelho - N4</strong></p><p>A <strong>Vela Neon Glitter Vermelho</strong> é perfeita para destacar o bolo e deixar a comemoração ainda mais especial.</p>
<p>Com acabamento em <strong>glitter</strong> e cores vibrantes, traz um visual moderno e alegre, ideal para aniversários, festas temáticas e celebrações especiais.</p>
<p>Disponível em diversos números e cores, permite personalizar o bolo de acordo com a idade ou ocasião.</p><h3>Características</h3><ul><li>Acabamento com efeito glitter</li><li>Cores vibrantes e modernas</li><li>Ideal para bolos de aniversário</li><li>Fácil de usar</li></ul><p><strong>📋 Especificações do produto</strong></p><ul><li><strong>Material:</strong> Parafina</li><li><strong>Tipo:</strong> Vela decorativa para bolo</li><li><strong>Conteúdo da embalagem:</strong> 1 vela (número)</li></ul>
<p><strong>🚚 Frete e prazo</strong></p><p>Calcule o frete e o prazo de entrega informando seu CEP antes de finalizar a compra.</p><p><strong>💡 Dica</strong></p><p>Combine com outros artigos de festa para uma mesa completa e harmoniosa.</p><p><strong>❤️ Garanta o seu</strong></p><p>Garanta agora <strong>Vela Neon Glitter - Vermelho - N4</strong> e deixe sua festa ou evento ainda mais especial!</p>",Vela decorativa com efeito neon e glitter. Ideal para bolos de aniversário e comemorações especiais.,,media://products/4-31.png,,,,,,1,,Artigos de Festa,Velas,Velas de Número,,,0,Vermelho,,,,,
9902122,,,,Vela Neon Glitter - Vermelho - N5,/vela-neon-glitter-vermelho-n5,"0,030",2.00,4.00,10.00,Vela Neon Glitter - Vermelho N2 | Decoração para Festa,"Vela Neon Glitter - Vermelho para bolo. Efeito neon e glitter, visual moderno e fácil de usar. Ideal para aniversários e festas temáticas.","vela para bolo, vela neon glitter, vela de aniversário, vela número, decoração de bolo","<p><strong>✨ Descrição completa — Vela Neon Glitter - Vermelho - N5</strong></p><p>A <strong>Vela Neon Glitter Vermelho</strong> é perfeita para destacar o bolo e deixar a comemoração ainda mais especial.</p>
<p>Com acabamento em <strong>glitter</strong> e cores vibrantes, traz um visual moderno e alegre, ideal para aniversários, festas temáticas e celebrações especiais.</p>
<p>Disponível em diversos números e cores, permite personalizar o bolo de acordo com a idade ou ocasião.</p><h3>Características</h3><ul><li>Acabamento com efeito glitter</li><li>Cores vibrantes e modernas</li><li>Ideal para bolos de aniversário</li><li>Fácil de usar</li></ul><p><strong>📋 Especificações do produto</strong></p><ul><li><strong>Material:</strong> Parafina</li><li><strong>Tipo:</strong> Vela decorativa para bolo</li><li><strong>Conteúdo da embalagem:</strong> 1 vela (número)</li></ul>
<p><strong>🚚 Frete e prazo</strong></p><p>Calcule o frete e o prazo de entrega informando seu CEP antes de finalizar a compra.</p><p><strong>💡 Dica</strong></p><p>Combine com outros artigos de festa para uma mesa completa e harmoniosa.</p><p><strong>❤️ Garanta o seu</strong></p><p>Garanta agora <strong>Vela Neon Glitter - Vermelho - N5</strong> e deixe sua festa ou evento ainda mais especial!</p>",Vela decorativa com efeito neon e glitter. Ideal para bolos de aniversário e comemorações especiais.,,"media://products/5-32.png,media://products/5-38.png",9.90,,,,,1,,Artigos de Festa,Velas,Velas de Número,,,0,,,,,,
 9902122,,28787069,,,,,,,,Vela Neon Glitter - Vermelho N2 | Decoração para Festa,"Vela Neon Glitter - Vermelho para bolo. Efeito neon e glitter, visual moderno e fácil de usar. Ideal para aniversários e festas temáticas.","vela para bolo, vela neon glitter, vela de aniversário, vela número, decoração de bolo","<p><strong>✨ Descrição completa — Vela Neon Glitter - Vermelho - N5</strong></p><p>A <strong>Vela Neon Glitter Vermelho</strong> é perfeita para destacar o bolo e deixar a comemoração ainda mais especial.</p>
<p>Com acabamento em <strong>glitter</strong> e cores vibrantes, traz um visual moderno e alegre, ideal para aniversários, festas temáticas e celebrações especiais.</p>
<p>Disponível em diversos números e cores, permite personalizar o bolo de acordo com a idade ou ocasião.</p><h3>Características</h3><ul><li>Acabamento com efeito glitter</li><li>Cores vibrantes e modernas</li><li>Ideal para bolos de aniversário</li><li>Fácil de usar</li></ul><p><strong>📋 Especificações do produto</strong></p><ul><li><strong>Material:</strong> Parafina</li><li><strong>Tipo:</strong> Vela decorativa para bolo</li><li><strong>Conteúdo da embalagem:</strong> 1 vela (número)</li></ul>
<p><strong>🚚 Frete e prazo</strong></p><p>Calcule o frete e o prazo de entrega informando seu CEP antes de finalizar a compra.</p><p><strong>💡 Dica</strong></p><p>Combine com outros artigos de festa para uma mesa completa e harmoniosa.</p><p><strong>❤️ Garanta o seu</strong></p><p>Garanta agora <strong>Vela Neon Glitter - Vermelho - N5</strong> e deixe sua festa ou evento ainda mais especial!</p>",Vela decorativa com efeito neon e glitter. Ideal para bolos de aniversário e comemorações especiais.,,"media://products/5-32.png,media://products/5-38.png",,,,,,1,,Artigos de Festa,Velas,Velas de Número,,,0,Vermelho,,,,,
9902131,,,,Vela Neon Glitter - Vermelho - N6,/vela-neon-glitter-vermelho-n6,"0,030",2.00,4.00,10.00,Vela Neon Glitter - Vermelho N2 | Decoração para Festa,"Vela Neon Glitter - Vermelho para bolo. Efeito neon e glitter, visual moderno e fácil de usar. Ideal para aniversários e festas temáticas.","vela para bolo, vela neon glitter, vela de aniversário, vela número, decoração de bolo","<p><strong>✨ Descrição completa — Vela Neon Glitter - Vermelho - N6</strong></p><p>A <strong>Vela Neon Glitter Vermelho</strong> é perfeita para destacar o bolo e deixar a comemoração ainda mais especial.</p>
<p>Com acabamento em <strong>glitter</strong> e cores vibrantes, traz um visual moderno e alegre, ideal para aniversários, festas temáticas e celebrações especiais.</p>
<p>Disponível em diversos números e cores, permite personalizar o bolo de acordo com a idade ou ocasião.</p><h3>Características</h3><ul><li>Acabamento com efeito glitter</li><li>Cores vibrantes e modernas</li><li>Ideal para bolos de aniversário</li><li>Fácil de usar</li></ul><p><strong>📋 Especificações do produto</strong></p><ul><li><strong>Material:</strong> Parafina</li><li><strong>Tipo:</strong> Vela decorativa para bolo</li><li><strong>Conteúdo da embalagem:</strong> 1 vela (número)</li></ul>
<p><strong>🚚 Frete e prazo</strong></p><p>Calcule o frete e o prazo de entrega informando seu CEP antes de finalizar a compra.</p><p><strong>💡 Dica</strong></p><p>Combine com outros artigos de festa para uma mesa completa e harmoniosa.</p><p><strong>❤️ Garanta o seu</strong></p><p>Garanta agora <strong>Vela Neon Glitter - Vermelho - N6</strong> e deixe sua festa ou evento ainda mais especial!</p>",Vela decorativa com efeito neon e glitter. Ideal para bolos de aniversário e comemorações especiais.,,media://products/6-32.png,9.90,,,,,1,,Artigos de Festa,Velas,Velas de Número,,,0,,,,,,
 9902131,,28787096,,,,,,,,Vela Neon Glitter - Vermelho N2 | Decoração para Festa,"Vela Neon Glitter - Vermelho para bolo. Efeito neon e glitter, visual moderno e fácil de usar. Ideal para aniversários e festas temáticas.","vela para bolo, vela neon glitter, vela de aniversário, vela número, decoração de bolo","<p><strong>✨ Descrição completa — Vela Neon Glitter - Vermelho - N6</strong></p><p>A <strong>Vela Neon Glitter Vermelho</strong> é perfeita para destacar o bolo e deixar a comemoração ainda mais especial.</p>
<p>Com acabamento em <strong>glitter</strong> e cores vibrantes, traz um visual moderno e alegre, ideal para aniversários, festas temáticas e celebrações especiais.</p>
<p>Disponível em diversos números e cores, permite personalizar o bolo de acordo com a idade ou ocasião.</p><h3>Características</h3><ul><li>Acabamento com efeito glitter</li><li>Cores vibrantes e modernas</li><li>Ideal para bolos de aniversário</li><li>Fácil de usar</li></ul><p><strong>📋 Especificações do produto</strong></p><ul><li><strong>Material:</strong> Parafina</li><li><strong>Tipo:</strong> Vela decorativa para bolo</li><li><strong>Conteúdo da embalagem:</strong> 1 vela (número)</li></ul>
<p><strong>🚚 Frete e prazo</strong></p><p>Calcule o frete e o prazo de entrega informando seu CEP antes de finalizar a compra.</p><p><strong>💡 Dica</strong></p><p>Combine com outros artigos de festa para uma mesa completa e harmoniosa.</p><p><strong>❤️ Garanta o seu</strong></p><p>Garanta agora <strong>Vela Neon Glitter - Vermelho - N6</strong> e deixe sua festa ou evento ainda mais especial!</p>",Vela decorativa com efeito neon e glitter. Ideal para bolos de aniversário e comemorações especiais.,,media://products/6-32.png,,,,,,1,,Artigos de Festa,Velas,Velas de Número,,,0,Vermelho,,,,,
9902139,,,,Vela Neon Glitter - Vermelho - N7,/vela-neon-glitter-vermelho-n7,"0,030",2.00,4.00,10.00,Vela Neon Glitter - Vermelho N2 | Decoração para Festa,"Vela Neon Glitter - Vermelho para bolo. Efeito neon e glitter, visual moderno e fácil de usar. Ideal para aniversários e festas temáticas.","vela para bolo, vela neon glitter, vela de aniversário, vela número, decoração de bolo","<p><strong>✨ Descrição completa — Vela Neon Glitter - Vermelho - N7</strong></p><p>A <strong>Vela Neon Glitter Vermelho</strong> é perfeita para destacar o bolo e deixar a comemoração ainda mais especial.</p>
<p>Com acabamento em <strong>glitter</strong> e cores vibrantes, traz um visual moderno e alegre, ideal para aniversários, festas temáticas e celebrações especiais.</p>
<p>Disponível em diversos números e cores, permite personalizar o bolo de acordo com a idade ou ocasião.</p><h3>Características</h3><ul><li>Acabamento com efeito glitter</li><li>Cores vibrantes e modernas</li><li>Ideal para bolos de aniversário</li><li>Fácil de usar</li></ul><p><strong>📋 Especificações do produto</strong></p><ul><li><strong>Material:</strong> Parafina</li><li><strong>Tipo:</strong> Vela decorativa para bolo</li><li><strong>Conteúdo da embalagem:</strong> 1 vela (número)</li></ul>
<p><strong>🚚 Frete e prazo</strong></p><p>Calcule o frete e o prazo de entrega informando seu CEP antes de finalizar a compra.</p><p><strong>💡 Dica</strong></p><p>Combine com outros artigos de festa para uma mesa completa e harmoniosa.</p><p><strong>❤️ Garanta o seu</strong></p><p>Garanta agora <strong>Vela Neon Glitter - Vermelho - N7</strong> e deixe sua festa ou evento ainda mais especial!</p>",Vela decorativa com efeito neon e glitter. Ideal para bolos de aniversário e comemorações especiais.,,media://products/7-32.png,9.90,,,,,1,,Artigos de Festa,Velas,Velas de Número,,,0,,,,,,
 9902139,,28787114,,,,,,,,Vela Neon Glitter - Vermelho N2 | Decoração para Festa,"Vela Neon Glitter - Vermelho para bolo. Efeito neon e glitter, visual moderno e fácil de usar. Ideal para aniversários e festas temáticas.","vela para bolo, vela neon glitter, vela de aniversário, vela número, decoração de bolo","<p><strong>✨ Descrição completa — Vela Neon Glitter - Vermelho - N7</strong></p><p>A <strong>Vela Neon Glitter Vermelho</strong> é perfeita para destacar o bolo e deixar a comemoração ainda mais especial.</p>
<p>Com acabamento em <strong>glitter</strong> e cores vibrantes, traz um visual moderno e alegre, ideal para aniversários, festas temáticas e celebrações especiais.</p>
<p>Disponível em diversos números e cores, permite personalizar o bolo de acordo com a idade ou ocasião.</p><h3>Características</h3><ul><li>Acabamento com efeito glitter</li><li>Cores vibrantes e modernas</li><li>Ideal para bolos de aniversário</li><li>Fácil de usar</li></ul><p><strong>📋 Especificações do produto</strong></p><ul><li><strong>Material:</strong> Parafina</li><li><strong>Tipo:</strong> Vela decorativa para bolo</li><li><strong>Conteúdo da embalagem:</strong> 1 vela (número)</li></ul>
<p><strong>🚚 Frete e prazo</strong></p><p>Calcule o frete e o prazo de entrega informando seu CEP antes de finalizar a compra.</p><p><strong>💡 Dica</strong></p><p>Combine com outros artigos de festa para uma mesa completa e harmoniosa.</p><p><strong>❤️ Garanta o seu</strong></p><p>Garanta agora <strong>Vela Neon Glitter - Vermelho - N7</strong> e deixe sua festa ou evento ainda mais especial!</p>",Vela decorativa com efeito neon e glitter. Ideal para bolos de aniversário e comemorações especiais.,,media://products/7-32.png,,,,,,1,,Artigos de Festa,Velas,Velas de Número,,,0,Vermelho,,,,,
9902141,,,,Vela Neon Glitter - Vermelho - N8,/vela-neon-glitter-vermelho-n8,"0,030",2.00,4.00,10.00,Vela Neon Glitter - Vermelho N2 | Decoração para Festa,"Vela Neon Glitter - Vermelho para bolo. Efeito neon e glitter, visual moderno e fácil de usar. Ideal para aniversários e festas temáticas.","vela para bolo, vela neon glitter, vela de aniversário, vela número, decoração de bolo","<p><strong>✨ Descrição completa — Vela Neon Glitter - Vermelho - N8</strong></p><p>A <strong>Vela Neon Glitter Vermelho</strong> é perfeita para destacar o bolo e deixar a comemoração ainda mais especial.</p>
<p>Com acabamento em <strong>glitter</strong> e cores vibrantes, traz um visual moderno e alegre, ideal para aniversários, festas temáticas e celebrações especiais.</p>
<p>Disponível em diversos números e cores, permite personalizar o bolo de acordo com a idade ou ocasião.</p><h3>Características</h3><ul><li>Acabamento com efeito glitter</li><li>Cores vibrantes e modernas</li><li>Ideal para bolos de aniversário</li><li>Fácil de usar</li></ul><p><strong>📋 Especificações do produto</strong></p><ul><li><strong>Material:</strong> Parafina</li><li><strong>Tipo:</strong> Vela decorativa para bolo</li><li><strong>Conteúdo da embalagem:</strong> 1 vela (número)</li></ul>
<p><strong>🚚 Frete e prazo</strong></p><p>Calcule o frete e o prazo de entrega informando seu CEP antes de finalizar a compra.</p><p><strong>💡 Dica</strong></p><p>Combine com outros artigos de festa para uma mesa completa e harmoniosa.</p><p><strong>❤️ Garanta o seu</strong></p><p>Garanta agora <strong>Vela Neon Glitter - Vermelho - N8</strong> e deixe sua festa ou evento ainda mais especial!</p>",Vela decorativa com efeito neon e glitter. Ideal para bolos de aniversário e comemorações especiais.,,media://products/8-30.png,9.90,,,,,1,,Artigos de Festa,Velas,Velas de Número,,,0,,,,,,
 9902141,,28787122,,,,,,,,Vela Neon Glitter - Vermelho N2 | Decoração para Festa,"Vela Neon Glitter - Vermelho para bolo. Efeito neon e glitter, visual moderno e fácil de usar. Ideal para aniversários e festas temáticas.","vela para bolo, vela neon glitter, vela de aniversário, vela número, decoração de bolo","<p><strong>✨ Descrição completa — Vela Neon Glitter - Vermelho - N8</strong></p><p>A <strong>Vela Neon Glitter Vermelho</strong> é perfeita para destacar o bolo e deixar a comemoração ainda mais especial.</p>
<p>Com acabamento em <strong>glitter</strong> e cores vibrantes, traz um visual moderno e alegre, ideal para aniversários, festas temáticas e celebrações especiais.</p>
<p>Disponível em diversos números e cores, permite personalizar o bolo de acordo com a idade ou ocasião.</p><h3>Características</h3><ul><li>Acabamento com efeito glitter</li><li>Cores vibrantes e modernas</li><li>Ideal para bolos de aniversário</li><li>Fácil de usar</li></ul><p><strong>📋 Especificações do produto</strong></p><ul><li><strong>Material:</strong> Parafina</li><li><strong>Tipo:</strong> Vela decorativa para bolo</li><li><strong>Conteúdo da embalagem:</strong> 1 vela (número)</li></ul>
<p><strong>🚚 Frete e prazo</strong></p><p>Calcule o frete e o prazo de entrega informando seu CEP antes de finalizar a compra.</p><p><strong>💡 Dica</strong></p><p>Combine com outros artigos de festa para uma mesa completa e harmoniosa.</p><p><strong>❤️ Garanta o seu</strong></p><p>Garanta agora <strong>Vela Neon Glitter - Vermelho - N8</strong> e deixe sua festa ou evento ainda mais especial!</p>",Vela decorativa com efeito neon e glitter. Ideal para bolos de aniversário e comemorações especiais.,,media://products/8-30.png,,,,,,1,,Artigos de Festa,Velas,Velas de Número,,,0,Vermelho,,,,,
9902147,,,,Vela Neon Glitter - Vermelho - N9,/vela-neon-glitter-vermelho-n9,"0,030",2.00,4.00,10.00,Vela Neon Glitter - Vermelho N2 | Decoração para Festa,"Vela Neon Glitter - Vermelho para bolo. Efeito neon e glitter, visual moderno e fácil de usar. Ideal para aniversários e festas temáticas.","vela para bolo, vela neon glitter, vela de aniversário, vela número, decoração de bolo","<p><strong>✨ Descrição completa — Vela Neon Glitter - Vermelho - N9</strong></p><p>A <strong>Vela Neon Glitter Vermelho</strong> é perfeita para destacar o bolo e deixar a comemoração ainda mais especial.</p>
<p>Com acabamento em <strong>glitter</strong> e cores vibrantes, traz um visual moderno e alegre, ideal para aniversários, festas temáticas e celebrações especiais.</p>
<p>Disponível em diversos números e cores, permite personalizar o bolo de acordo com a idade ou ocasião.</p><h3>Características</h3><ul><li>Acabamento com efeito glitter</li><li>Cores vibrantes e modernas</li><li>Ideal para bolos de aniversário</li><li>Fácil de usar</li></ul><p><strong>📋 Especificações do produto</strong></p><ul><li><strong>Material:</strong> Parafina</li><li><strong>Tipo:</strong> Vela decorativa para bolo</li><li><strong>Conteúdo da embalagem:</strong> 1 vela (número)</li></ul>
<p><strong>🚚 Frete e prazo</strong></p><p>Calcule o frete e o prazo de entrega informando seu CEP antes de finalizar a compra.</p><p><strong>💡 Dica</strong></p><p>Combine com outros artigos de festa para uma mesa completa e harmoniosa.</p><p><strong>❤️ Garanta o seu</strong></p><p>Garanta agora <strong>Vela Neon Glitter - Vermelho - N9</strong> e deixe sua festa ou evento ainda mais especial!</p>",Vela decorativa com efeito neon e glitter. Ideal para bolos de aniversário e comemorações especiais.,,media://products/9-25.png,9.90,,,,,1,,Artigos de Festa,Velas,Velas de Número,,,0,,,,,,
 9902147,,28787137,,,,,,,,Vela Neon Glitter - Vermelho N2 | Decoração para Festa,"Vela Neon Glitter - Vermelho para bolo. Efeito neon e glitter, visual moderno e fácil de usar. Ideal para aniversários e festas temáticas.","vela para bolo, vela neon glitter, vela de aniversário, vela número, decoração de bolo","<p><strong>✨ Descrição completa — Vela Neon Glitter - Vermelho - N9</strong></p><p>A <strong>Vela Neon Glitter Vermelho</strong> é perfeita para destacar o bolo e deixar a comemoração ainda mais especial.</p>
<p>Com acabamento em <strong>glitter</strong> e cores vibrantes, traz um visual moderno e alegre, ideal para aniversários, festas temáticas e celebrações especiais.</p>
<p>Disponível em diversos números e cores, permite personalizar o bolo de acordo com a idade ou ocasião.</p><h3>Características</h3><ul><li>Acabamento com efeito glitter</li><li>Cores vibrantes e modernas</li><li>Ideal para bolos de aniversário</li><li>Fácil de usar</li></ul><p><strong>📋 Especificações do produto</strong></p><ul><li><strong>Material:</strong> Parafina</li><li><strong>Tipo:</strong> Vela decorativa para bolo</li><li><strong>Conteúdo da embalagem:</strong> 1 vela (número)</li></ul>
<p><strong>🚚 Frete e prazo</strong></p><p>Calcule o frete e o prazo de entrega informando seu CEP antes de finalizar a compra.</p><p><strong>💡 Dica</strong></p><p>Combine com outros artigos de festa para uma mesa completa e harmoniosa.</p><p><strong>❤️ Garanta o seu</strong></p><p>Garanta agora <strong>Vela Neon Glitter - Vermelho - N9</strong> e deixe sua festa ou evento ainda mais especial!</p>",Vela decorativa com efeito neon e glitter. Ideal para bolos de aniversário e comemorações especiais.,,media://products/9-25.png,,,,,,1,,Artigos de Festa,Velas,Velas de Número,,,0,Vermelho,,,,,
9863892,,,,Vela Palito Decorada,/vela-palito-decorada,"0,060",2.00,4.00,10.00,Vela Palito Decorada | Festa e Aniversário,Vela palito decorada para bolo com combinação de cores. Ideal para aniversários e festas.,"vela decorada, vela palito, vela para bolo, vela aniversário, decoração de festa","<p><strong>✨ Descrição completa — Vela Palito Decorada</strong></p><p>A <strong>Vela Palito Decorada</strong> é perfeita para quem busca um toque especial e elegante na decoração do bolo.</p>
<p>Com combinação de cores harmoniosas e acabamento decorativo, é ideal para aniversários, festas infantis e comemorações especiais.</p>
<p>Seu design delicado valoriza o bolo e combina facilmente com diferentes temas de festa.</p><h3>Características</h3><ul><li>Design decorado e elegante</li><li>Combinação de cores modernas</li><li>Ideal para bolos de aniversário</li><li>Fácil de usar</li></ul><p><strong>📋 Especificações do produto</strong></p><ul><li><strong>Material:</strong> Parafina</li><li><strong>Tipo:</strong> Vela decorativa palito</li><li><strong>Conteúdo da embalagem:</strong> 6 velas</li></ul>
<p><strong>🚚 Frete e prazo</strong></p><p>Calcule o frete e o prazo de entrega informando seu CEP antes de finalizar a compra.</p><p><strong>💡 Dica</strong></p><p>Combine com outros artigos de festa para uma mesa completa e harmoniosa.</p><p><strong>❤️ Garanta o seu</strong></p><p>Garanta agora <strong>Vela Palito Decorada</strong> e deixe sua festa ou evento ainda mais especial!</p>",Vela palito decorada com combinação de cores. Ideal para bolos de aniversário e comemorações.,,"media://products/12-5.png,media://products/13.png",11.90,,,,,1,,Artigos de Festa,Velas,Velas Decorativas,,,10,,,,,,
 9863892,,28679815,,,,,,,,Vela Palito Decorada | Festa e Aniversário,Vela palito decorada para bolo com combinação de cores. Ideal para aniversários e festas.,"vela decorada, vela palito, vela para bolo, vela aniversário, decoração de festa","<p><strong>✨ Descrição completa — Vela Palito Decorada</strong></p><p>A <strong>Vela Palito Decorada</strong> é perfeita para quem busca um toque especial e elegante na decoração do bolo.</p>
<p>Com combinação de cores harmoniosas e acabamento decorativo, é ideal para aniversários, festas infantis e comemorações especiais.</p>
<p>Seu design delicado valoriza o bolo e combina facilmente com diferentes temas de festa.</p><h3>Características</h3><ul><li>Design decorado e elegante</li><li>Combinação de cores modernas</li><li>Ideal para bolos de aniversário</li><li>Fácil de usar</li></ul><p><strong>📋 Especificações do produto</strong></p><ul><li><strong>Material:</strong> Parafina</li><li><strong>Tipo:</strong> Vela decorativa palito</li><li><strong>Conteúdo da embalagem:</strong> 6 velas</li></ul>
<p><strong>🚚 Frete e prazo</strong></p><p>Calcule o frete e o prazo de entrega informando seu CEP antes de finalizar a compra.</p><p><strong>💡 Dica</strong></p><p>Combine com outros artigos de festa para uma mesa completa e harmoniosa.</p><p><strong>❤️ Garanta o seu</strong></p><p>Garanta agora <strong>Vela Palito Decorada</strong> e deixe sua festa ou evento ainda mais especial!</p>",Vela palito decorada com combinação de cores. Ideal para bolos de aniversário e comemorações.,,"media://products/12-5.png,media://products/13.png",,,,,,1,,Artigos de Festa,Velas,Velas Decorativas,,,10,,Vela Multi Cores,Rosa e Dourada,,,
 9863892,,28680066,,,,,,,,Vela Palito Decorada | Festa e Aniversário,Vela palito decorada para bolo com combinação de cores. Ideal para aniversários e festas.,"vela decorada, vela palito, vela para bolo, vela aniversário, decoração de festa","<p><strong>✨ Descrição completa — Vela Palito Decorada</strong></p><p>A <strong>Vela Palito Decorada</strong> é perfeita para quem busca um toque especial e elegante na decoração do bolo.</p>
<p>Com combinação de cores harmoniosas e acabamento decorativo, é ideal para aniversários, festas infantis e comemorações especiais.</p>
<p>Seu design delicado valoriza o bolo e combina facilmente com diferentes temas de festa.</p><h3>Características</h3><ul><li>Design decorado e elegante</li><li>Combinação de cores modernas</li><li>Ideal para bolos de aniversário</li><li>Fácil de usar</li></ul><p><strong>📋 Especificações do produto</strong></p><ul><li><strong>Material:</strong> Parafina</li><li><strong>Tipo:</strong> Vela decorativa palito</li><li><strong>Conteúdo da embalagem:</strong> 6 velas</li></ul>
<p><strong>🚚 Frete e prazo</strong></p><p>Calcule o frete e o prazo de entrega informando seu CEP antes de finalizar a compra.</p><p><strong>💡 Dica</strong></p><p>Combine com outros artigos de festa para uma mesa completa e harmoniosa.</p><p><strong>❤️ Garanta o seu</strong></p><p>Garanta agora <strong>Vela Palito Decorada</strong> e deixe sua festa ou evento ainda mais especial!</p>",Vela palito decorada com combinação de cores. Ideal para bolos de aniversário e comemorações.,,"media://products/12-5.png,media://products/13.png",,,,,,1,,Artigos de Festa,Velas,Velas Decorativas,,,10,,Vela Multi Cores,Azul e Prata,,,
9864147,,,,Vela Palito Espiral Branca Metalizada,/vela-palito-espiral-branca-metalizada,"0,100",3.00,5.00,10.00,Vela Palito Espiral Branca Metalizada | Decoração de Festa,Vela palito espiral branca metalizada para bolo. Ideal para festas elegantes e comemorações especiais.,,"<p><strong>✨ Descrição completa — Vela Palito Espiral Branca Metalizada</strong></p><p>A <strong>Vela Palito Espiral Branca Metalizada</strong> é perfeita para quem busca uma decoração elegante e discreta para bolos.</p>
<p>Com formato espiral e acabamento metalizado na cor branca, proporciona um visual sofisticado que combina com diversos estilos de festa.</p>
<p>Ideal para aniversários, comemorações especiais e eventos que pedem um toque clássico.</p><h3>Características</h3><ul><li>Formato espiral decorativo</li><li>Acabamento metalizado branco</li><li>Visual elegante e clássico</li><li>Ideal para bolos de aniversário</li></ul><p><strong>📋 Especificações do produto</strong></p><ul><li><strong>Material:</strong> Parafina</li><li><strong>Tipo:</strong> Vela decorativa palito espiral</li><li><strong>Cor:</strong> Branca</li><li><strong>Conteúdo da embalagem:</strong> 8 velas</li></ul>
<p><strong>🚚 Frete e prazo</strong></p><p>Calcule o frete e o prazo de entrega informando seu CEP antes de finalizar a compra.</p><p><strong>💡 Dica</strong></p><p>Combine com outros artigos de festa para uma mesa completa e harmoniosa.</p><p><strong>❤️ Garanta o seu</strong></p><p>Garanta agora <strong>Vela Palito Espiral Branca Metalizada</strong> e deixe sua festa ou evento ainda mais especial!</p>",Vela palito espiral branca metalizada para bolo. Elegância e sofisticação na decoração.,,media://products/1-35.png,15.90,,,,,1,,Artigos de Festa,Velas,Velas Decorativas,,,10,,,,,,
 9864147,,28680609,,,,,,,,Vela Palito Espiral Branca Metalizada | Decoração de Festa,Vela palito espiral branca metalizada para bolo. Ideal para festas elegantes e comemorações especiais.,,"<p><strong>✨ Descrição completa — Vela Palito Espiral Branca Metalizada</strong></p><p>A <strong>Vela Palito Espiral Branca Metalizada</strong> é perfeita para quem busca uma decoração elegante e discreta para bolos.</p>
<p>Com formato espiral e acabamento metalizado na cor branca, proporciona um visual sofisticado que combina com diversos estilos de festa.</p>
<p>Ideal para aniversários, comemorações especiais e eventos que pedem um toque clássico.</p><h3>Características</h3><ul><li>Formato espiral decorativo</li><li>Acabamento metalizado branco</li><li>Visual elegante e clássico</li><li>Ideal para bolos de aniversário</li></ul><p><strong>📋 Especificações do produto</strong></p><ul><li><strong>Material:</strong> Parafina</li><li><strong>Tipo:</strong> Vela decorativa palito espiral</li><li><strong>Cor:</strong> Branca</li><li><strong>Conteúdo da embalagem:</strong> 8 velas</li></ul>
<p><strong>🚚 Frete e prazo</strong></p><p>Calcule o frete e o prazo de entrega informando seu CEP antes de finalizar a compra.</p><p><strong>💡 Dica</strong></p><p>Combine com outros artigos de festa para uma mesa completa e harmoniosa.</p><p><strong>❤️ Garanta o seu</strong></p><p>Garanta agora <strong>Vela Palito Espiral Branca Metalizada</strong> e deixe sua festa ou evento ainda mais especial!</p>",Vela palito espiral branca metalizada para bolo. Elegância e sofisticação na decoração.,,media://products/1-35.png,,,,,,1,,Artigos de Festa,Velas,Velas Decorativas,,,10,,,,,,
9864120,,,,Vela Palito Espiral Candy Color,/vela-palito-espiral-candy-color,"0,070",2.00,4.00,10.00,Vela Palito Espiral Candy Color | Decoração de Festa,"Vela palito espiral candy color para bolo. Ideal para aniversários, chás e festas delicadas.","vela candy color, vela espiral, vela palito, vela para bolo, decoração delicada","<p><strong>✨ Descrição completa — Vela Palito Espiral Candy Color</strong></p><p>A <strong>Vela Palito Espiral Candy Color</strong> é perfeita para quem busca uma decoração delicada e moderna para bolos.</p>
<p>Com formato espiral e cores suaves no estilo <em>candy color</em>, traz um visual leve e encantador, ideal para aniversários infantis, chás e comemorações especiais.</p>
<p>Seu design combina facilmente com temas delicados e decorações em tons pastel.</p><h3>Características</h3><ul><li>Formato espiral decorativo</li><li>Cores suaves estilo candy color</li><li>Visual delicado e moderno</li><li>Ideal para bolos de aniversário</li></ul><p><strong>📋 Especificações do produto</strong></p><ul><li><strong>Material:</strong> Parafina</li><li><strong>Tipo:</strong> Vela decorativa palito espiral</li><li><strong>Conteúdo da embalagem:</strong> 6 velas</li></ul>
<p><strong>🚚 Frete e prazo</strong></p><p>Calcule o frete e o prazo de entrega informando seu CEP antes de finalizar a compra.</p><p><strong>💡 Dica</strong></p><p>Combine com outros artigos de festa para uma mesa completa e harmoniosa.</p><p><strong>❤️ Garanta o seu</strong></p><p>Garanta agora <strong>Vela Palito Espiral Candy Color</strong> e deixe sua festa ou evento ainda mais especial!</p>",Vela palito espiral candy color para bolo. Ideal para decorações delicadas e aniversários.,,"media://products/16.png,media://products/20.png",18.90,,,,,1,,Artigos de Festa,Velas,Velas Decorativas,,,10,,,,,,
 9864120,,28680494,,,,,,,,Vela Palito Espiral Candy Color | Decoração de Festa,"Vela palito espiral candy color para bolo. Ideal para aniversários, chás e festas delicadas.","vela candy color, vela espiral, vela palito, vela para bolo, decoração delicada","<p><strong>✨ Descrição completa — Vela Palito Espiral Candy Color</strong></p><p>A <strong>Vela Palito Espiral Candy Color</strong> é perfeita para quem busca uma decoração delicada e moderna para bolos.</p>
<p>Com formato espiral e cores suaves no estilo <em>candy color</em>, traz um visual leve e encantador, ideal para aniversários infantis, chás e comemorações especiais.</p>
<p>Seu design combina facilmente com temas delicados e decorações em tons pastel.</p><h3>Características</h3><ul><li>Formato espiral decorativo</li><li>Cores suaves estilo candy color</li><li>Visual delicado e moderno</li><li>Ideal para bolos de aniversário</li></ul><p><strong>📋 Especificações do produto</strong></p><ul><li><strong>Material:</strong> Parafina</li><li><strong>Tipo:</strong> Vela decorativa palito espiral</li><li><strong>Conteúdo da embalagem:</strong> 6 velas</li></ul>
<p><strong>🚚 Frete e prazo</strong></p><p>Calcule o frete e o prazo de entrega informando seu CEP antes de finalizar a compra.</p><p><strong>💡 Dica</strong></p><p>Combine com outros artigos de festa para uma mesa completa e harmoniosa.</p><p><strong>❤️ Garanta o seu</strong></p><p>Garanta agora <strong>Vela Palito Espiral Candy Color</strong> e deixe sua festa ou evento ainda mais especial!</p>",Vela palito espiral candy color para bolo. Ideal para decorações delicadas e aniversários.,,"media://products/16.png,media://products/20.png",,,,,,1,,Artigos de Festa,Velas,Velas Decorativas,,,10,,Modelo Candy Color,A,,,
 9864120,,28680521,,,,,,,,Vela Palito Espiral Candy Color | Decoração de Festa,"Vela palito espiral candy color para bolo. Ideal para aniversários, chás e festas delicadas.","vela candy color, vela espiral, vela palito, vela para bolo, decoração delicada","<p><strong>✨ Descrição completa — Vela Palito Espiral Candy Color</strong></p><p>A <strong>Vela Palito Espiral Candy Color</strong> é perfeita para quem busca uma decoração delicada e moderna para bolos.</p>
<p>Com formato espiral e cores suaves no estilo <em>candy color</em>, traz um visual leve e encantador, ideal para aniversários infantis, chás e comemorações especiais.</p>
<p>Seu design combina facilmente com temas delicados e decorações em tons pastel.</p><h3>Características</h3><ul><li>Formato espiral decorativo</li><li>Cores suaves estilo candy color</li><li>Visual delicado e moderno</li><li>Ideal para bolos de aniversário</li></ul><p><strong>📋 Especificações do produto</strong></p><ul><li><strong>Material:</strong> Parafina</li><li><strong>Tipo:</strong> Vela decorativa palito espiral</li><li><strong>Conteúdo da embalagem:</strong> 6 velas</li></ul>
<p><strong>🚚 Frete e prazo</strong></p><p>Calcule o frete e o prazo de entrega informando seu CEP antes de finalizar a compra.</p><p><strong>💡 Dica</strong></p><p>Combine com outros artigos de festa para uma mesa completa e harmoniosa.</p><p><strong>❤️ Garanta o seu</strong></p><p>Garanta agora <strong>Vela Palito Espiral Candy Color</strong> e deixe sua festa ou evento ainda mais especial!</p>",Vela palito espiral candy color para bolo. Ideal para decorações delicadas e aniversários.,,"media://products/16.png,media://products/20.png",,,,,,1,,Artigos de Festa,Velas,Velas Decorativas,,,10,,Modelo Candy Color,B,,,
9864133,,,,Vela Palito Espiral Metalizada Candy Color,/vela-palito-espiral-metalizada-candy-color,"0,070",2.00,4.00,10.00,Vela Palito Espiral Metalizada Candy Color | Decoração de Festa,Vela palito espiral metalizada candy color para bolo. Ideal para aniversários e festas elegantes.,"vela metalizada, vela candy color, vela espiral, vela palito, decoração de bolo","<p><strong>✨ Descrição completa — Vela Palito Espiral Metalizada Candy Color</strong></p><p>A <strong>Vela Palito Espiral Metalizada Candy Color</strong> é ideal para quem busca um toque sofisticado e delicado na decoração do bolo.</p>
<p>Com formato espiral e acabamento <strong>metalizado</strong> em tons suaves estilo <em>candy color</em>, traz brilho na medida certa para aniversários e comemorações especiais.</p>
<p>Perfeita para compor decorações modernas, elegantes e harmoniosas.</p><h3>Características</h3><ul><li>Formato espiral decorativo</li><li>Acabamento metalizado</li><li>Cores suaves estilo candy color</li><li>Visual elegante e moderno</li></ul><p><strong>📋 Especificações do produto</strong></p><ul><li><strong>Material:</strong> Parafina</li><li><strong>Tipo:</strong> Vela decorativa palito espiral</li><li><strong>Conteúdo da embalagem:</strong> 6 velas</li></ul>
<p><strong>🚚 Frete e prazo</strong></p><p>Calcule o frete e o prazo de entrega informando seu CEP antes de finalizar a compra.</p><p><strong>💡 Dica</strong></p><p>Combine com outros artigos de festa para uma mesa completa e harmoniosa.</p><p><strong>❤️ Garanta o seu</strong></p><p>Garanta agora <strong>Vela Palito Espiral Metalizada Candy Color</strong> e deixe sua festa ou evento ainda mais especial!</p>",Vela palito espiral metalizada candy color para bolo. Elegância e brilho na decoração.,,"media://products/18.png,media://products/17.png,media://products/19.png,media://products/22.png,media://products/23.png,media://products/21.png",18.90,,,,,1,,Artigos de Festa,Velas,Velas Decorativas,,,10,,,,,,
 9864133,,28680549,,,,,,,,Vela Palito Espiral Metalizada Candy Color | Decoração de Festa,Vela palito espiral metalizada candy color para bolo. Ideal para aniversários e festas elegantes.,"vela metalizada, vela candy color, vela espiral, vela palito, decoração de bolo","<p><strong>✨ Descrição completa — Vela Palito Espiral Metalizada Candy Color</strong></p><p>A <strong>Vela Palito Espiral Metalizada Candy Color</strong> é ideal para quem busca um toque sofisticado e delicado na decoração do bolo.</p>
<p>Com formato espiral e acabamento <strong>metalizado</strong> em tons suaves estilo <em>candy color</em>, traz brilho na medida certa para aniversários e comemorações especiais.</p>
<p>Perfeita para compor decorações modernas, elegantes e harmoniosas.</p><h3>Características</h3><ul><li>Formato espiral decorativo</li><li>Acabamento metalizado</li><li>Cores suaves estilo candy color</li><li>Visual elegante e moderno</li></ul><p><strong>📋 Especificações do produto</strong></p><ul><li><strong>Material:</strong> Parafina</li><li><strong>Tipo:</strong> Vela decorativa palito espiral</li><li><strong>Conteúdo da embalagem:</strong> 6 velas</li></ul>
<p><strong>🚚 Frete e prazo</strong></p><p>Calcule o frete e o prazo de entrega informando seu CEP antes de finalizar a compra.</p><p><strong>💡 Dica</strong></p><p>Combine com outros artigos de festa para uma mesa completa e harmoniosa.</p><p><strong>❤️ Garanta o seu</strong></p><p>Garanta agora <strong>Vela Palito Espiral Metalizada Candy Color</strong> e deixe sua festa ou evento ainda mais especial!</p>",Vela palito espiral metalizada candy color para bolo. Elegância e brilho na decoração.,,"media://products/18.png,media://products/17.png,media://products/19.png,media://products/22.png,media://products/23.png,media://products/21.png",,,,,,1,,Artigos de Festa,Velas,Velas Decorativas,,,10,,Modelo Candy Color,A,,,
 9864133,,28680554,,,,,,,,Vela Palito Espiral Metalizada Candy Color | Decoração de Festa,Vela palito espiral metalizada candy color para bolo. Ideal para aniversários e festas elegantes.,"vela metalizada, vela candy color, vela espiral, vela palito, decoração de bolo","<p><strong>✨ Descrição completa — Vela Palito Espiral Metalizada Candy Color</strong></p><p>A <strong>Vela Palito Espiral Metalizada Candy Color</strong> é ideal para quem busca um toque sofisticado e delicado na decoração do bolo.</p>
<p>Com formato espiral e acabamento <strong>metalizado</strong> em tons suaves estilo <em>candy color</em>, traz brilho na medida certa para aniversários e comemorações especiais.</p>
<p>Perfeita para compor decorações modernas, elegantes e harmoniosas.</p><h3>Características</h3><ul><li>Formato espiral decorativo</li><li>Acabamento metalizado</li><li>Cores suaves estilo candy color</li><li>Visual elegante e moderno</li></ul><p><strong>📋 Especificações do produto</strong></p><ul><li><strong>Material:</strong> Parafina</li><li><strong>Tipo:</strong> Vela decorativa palito espiral</li><li><strong>Conteúdo da embalagem:</strong> 6 velas</li></ul>
<p><strong>🚚 Frete e prazo</strong></p><p>Calcule o frete e o prazo de entrega informando seu CEP antes de finalizar a compra.</p><p><strong>💡 Dica</strong></p><p>Combine com outros artigos de festa para uma mesa completa e harmoniosa.</p><p><strong>❤️ Garanta o seu</strong></p><p>Garanta agora <strong>Vela Palito Espiral Metalizada Candy Color</strong> e deixe sua festa ou evento ainda mais especial!</p>",Vela palito espiral metalizada candy color para bolo. Elegância e brilho na decoração.,,"media://products/18.png,media://products/17.png,media://products/19.png,media://products/22.png,media://products/23.png,media://products/21.png",,,,,,1,,Artigos de Festa,Velas,Velas Decorativas,,,10,,Modelo Candy Color,B,,,
 9864133,,28680555,,,,,,,,Vela Palito Espiral Metalizada Candy Color | Decoração de Festa,Vela palito espiral metalizada candy color para bolo. Ideal para aniversários e festas elegantes.,"vela metalizada, vela candy color, vela espiral, vela palito, decoração de bolo","<p><strong>✨ Descrição completa — Vela Palito Espiral Metalizada Candy Color</strong></p><p>A <strong>Vela Palito Espiral Metalizada Candy Color</strong> é ideal para quem busca um toque sofisticado e delicado na decoração do bolo.</p>
<p>Com formato espiral e acabamento <strong>metalizado</strong> em tons suaves estilo <em>candy color</em>, traz brilho na medida certa para aniversários e comemorações especiais.</p>
<p>Perfeita para compor decorações modernas, elegantes e harmoniosas.</p><h3>Características</h3><ul><li>Formato espiral decorativo</li><li>Acabamento metalizado</li><li>Cores suaves estilo candy color</li><li>Visual elegante e moderno</li></ul><p><strong>📋 Especificações do produto</strong></p><ul><li><strong>Material:</strong> Parafina</li><li><strong>Tipo:</strong> Vela decorativa palito espiral</li><li><strong>Conteúdo da embalagem:</strong> 6 velas</li></ul>
<p><strong>🚚 Frete e prazo</strong></p><p>Calcule o frete e o prazo de entrega informando seu CEP antes de finalizar a compra.</p><p><strong>💡 Dica</strong></p><p>Combine com outros artigos de festa para uma mesa completa e harmoniosa.</p><p><strong>❤️ Garanta o seu</strong></p><p>Garanta agora <strong>Vela Palito Espiral Metalizada Candy Color</strong> e deixe sua festa ou evento ainda mais especial!</p>",Vela palito espiral metalizada candy color para bolo. Elegância e brilho na decoração.,,"media://products/18.png,media://products/17.png,media://products/19.png,media://products/22.png,media://products/23.png,media://products/21.png",,,,,,1,,Artigos de Festa,Velas,Velas Decorativas,,,10,,Modelo Candy Color,C,,,
 9864133,,28680556,,,,,,,,Vela Palito Espiral Metalizada Candy Color | Decoração de Festa,Vela palito espiral metalizada candy color para bolo. Ideal para aniversários e festas elegantes.,"vela metalizada, vela candy color, vela espiral, vela palito, decoração de bolo","<p><strong>✨ Descrição completa — Vela Palito Espiral Metalizada Candy Color</strong></p><p>A <strong>Vela Palito Espiral Metalizada Candy Color</strong> é ideal para quem busca um toque sofisticado e delicado na decoração do bolo.</p>
<p>Com formato espiral e acabamento <strong>metalizado</strong> em tons suaves estilo <em>candy color</em>, traz brilho na medida certa para aniversários e comemorações especiais.</p>
<p>Perfeita para compor decorações modernas, elegantes e harmoniosas.</p><h3>Características</h3><ul><li>Formato espiral decorativo</li><li>Acabamento metalizado</li><li>Cores suaves estilo candy color</li><li>Visual elegante e moderno</li></ul><p><strong>📋 Especificações do produto</strong></p><ul><li><strong>Material:</strong> Parafina</li><li><strong>Tipo:</strong> Vela decorativa palito espiral</li><li><strong>Conteúdo da embalagem:</strong> 6 velas</li></ul>
<p><strong>🚚 Frete e prazo</strong></p><p>Calcule o frete e o prazo de entrega informando seu CEP antes de finalizar a compra.</p><p><strong>💡 Dica</strong></p><p>Combine com outros artigos de festa para uma mesa completa e harmoniosa.</p><p><strong>❤️ Garanta o seu</strong></p><p>Garanta agora <strong>Vela Palito Espiral Metalizada Candy Color</strong> e deixe sua festa ou evento ainda mais especial!</p>",Vela palito espiral metalizada candy color para bolo. Elegância e brilho na decoração.,,"media://products/18.png,media://products/17.png,media://products/19.png,media://products/22.png,media://products/23.png,media://products/21.png",,,,,,1,,Artigos de Festa,Velas,Velas Decorativas,,,10,,Modelo Candy Color,D,,,
 9864133,,28680557,,,,,,,,Vela Palito Espiral Metalizada Candy Color | Decoração de Festa,Vela palito espiral metalizada candy color para bolo. Ideal para aniversários e festas elegantes.,"vela metalizada, vela candy color, vela espiral, vela palito, decoração de bolo","<p><strong>✨ Descrição completa — Vela Palito Espiral Metalizada Candy Color</strong></p><p>A <strong>Vela Palito Espiral Metalizada Candy Color</strong> é ideal para quem busca um toque sofisticado e delicado na decoração do bolo.</p>
<p>Com formato espiral e acabamento <strong>metalizado</strong> em tons suaves estilo <em>candy color</em>, traz brilho na medida certa para aniversários e comemorações especiais.</p>
<p>Perfeita para compor decorações modernas, elegantes e harmoniosas.</p><h3>Características</h3><ul><li>Formato espiral decorativo</li><li>Acabamento metalizado</li><li>Cores suaves estilo candy color</li><li>Visual elegante e moderno</li></ul><p><strong>📋 Especificações do produto</strong></p><ul><li><strong>Material:</strong> Parafina</li><li><strong>Tipo:</strong> Vela decorativa palito espiral</li><li><strong>Conteúdo da embalagem:</strong> 6 velas</li></ul>
<p><strong>🚚 Frete e prazo</strong></p><p>Calcule o frete e o prazo de entrega informando seu CEP antes de finalizar a compra.</p><p><strong>💡 Dica</strong></p><p>Combine com outros artigos de festa para uma mesa completa e harmoniosa.</p><p><strong>❤️ Garanta o seu</strong></p><p>Garanta agora <strong>Vela Palito Espiral Metalizada Candy Color</strong> e deixe sua festa ou evento ainda mais especial!</p>",Vela palito espiral metalizada candy color para bolo. Elegância e brilho na decoração.,,"media://products/18.png,media://products/17.png,media://products/19.png,media://products/22.png,media://products/23.png,media://products/21.png",,,,,,1,,Artigos de Festa,Velas,Velas Decorativas,,,10,,Modelo Candy Color,E,,,
 9864133,,28680558,,,,,,,,Vela Palito Espiral Metalizada Candy Color | Decoração de Festa,Vela palito espiral metalizada candy color para bolo. Ideal para aniversários e festas elegantes.,"vela metalizada, vela candy color, vela espiral, vela palito, decoração de bolo","<p><strong>✨ Descrição completa — Vela Palito Espiral Metalizada Candy Color</strong></p><p>A <strong>Vela Palito Espiral Metalizada Candy Color</strong> é ideal para quem busca um toque sofisticado e delicado na decoração do bolo.</p>
<p>Com formato espiral e acabamento <strong>metalizado</strong> em tons suaves estilo <em>candy color</em>, traz brilho na medida certa para aniversários e comemorações especiais.</p>
<p>Perfeita para compor decorações modernas, elegantes e harmoniosas.</p><h3>Características</h3><ul><li>Formato espiral decorativo</li><li>Acabamento metalizado</li><li>Cores suaves estilo candy color</li><li>Visual elegante e moderno</li></ul><p><strong>📋 Especificações do produto</strong></p><ul><li><strong>Material:</strong> Parafina</li><li><strong>Tipo:</strong> Vela decorativa palito espiral</li><li><strong>Conteúdo da embalagem:</strong> 6 velas</li></ul>
<p><strong>🚚 Frete e prazo</strong></p><p>Calcule o frete e o prazo de entrega informando seu CEP antes de finalizar a compra.</p><p><strong>💡 Dica</strong></p><p>Combine com outros artigos de festa para uma mesa completa e harmoniosa.</p><p><strong>❤️ Garanta o seu</strong></p><p>Garanta agora <strong>Vela Palito Espiral Metalizada Candy Color</strong> e deixe sua festa ou evento ainda mais especial!</p>",Vela palito espiral metalizada candy color para bolo. Elegância e brilho na decoração.,,"media://products/18.png,media://products/17.png,media://products/19.png,media://products/22.png,media://products/23.png,media://products/21.png",,,,,,1,,Artigos de Festa,Velas,Velas Decorativas,,,10,,Modelo Candy Color,F,,,
9864163,,,,Vela Palito Gigante - Metalizada branca,/vela-palito-gigante-metalizada-branca-18cm,"0,180",4.00,6.00,20.00,Vela Palito Gigante Metalizada Branca 18 cm | Decoração de Festa,Vela palito gigante metalizada branca 18 cm para bolo. Ideal para festas elegantes e decorações clássicas.,,"<p><strong>✨ Descrição completa — Vela Palito Gigante - Metalizada branca</strong></p><p>A <strong>Vela Palito Gigante Metalizada Branca 18 cm</strong> é perfeita para quem quer um destaque maior e elegante na decoração do bolo.</p>
<p>Com tamanho alongado e acabamento <strong>metalizado</strong> na cor branca, traz um visual sofisticado e moderno, ideal para aniversários, festas clássicas e comemorações especiais.</p>
<p>Uma ótima escolha para decorações clean, minimalistas ou com tema branco e dourado/prata.</p><h3>Características</h3><ul><li>Tamanho gigante (18 cm) para maior destaque</li><li>Acabamento metalizado branco</li><li>Visual elegante e sofisticado</li><li>Ideal para bolos de aniversário</li></ul><p><strong>📋 Especificações do produto</strong></p><ul><li><strong>Material:</strong> Parafina</li><li><strong>Tipo:</strong> Vela decorativa palito gigante</li><li><strong>Altura:</strong> 18 cm</li><li><strong>Cor:</strong> Branca</li><li><strong>Conteúdo da embalagem:</strong> 8 velas</li></ul>
<p><strong>🚚 Frete e prazo</strong></p><p>Calcule o frete e o prazo de entrega informando seu CEP antes de finalizar a compra.</p><p><strong>💡 Dica</strong></p><p>Combine com outros artigos de festa para uma mesa completa e harmoniosa.</p><p><strong>❤️ Garanta o seu</strong></p><p>Garanta agora <strong>Vela Palito Gigante - Metalizada branca</strong> e deixe sua festa ou evento ainda mais especial!</p>",Vela palito gigante metalizada branca 18 cm. Elegância e destaque na decoração do bolo.,,media://products/4-35.png,21.90,,,,,1,,Artigos de Festa,Velas,Velas Decorativas,,,10,,,,,,
 9864163,,28680646,,,,,,,,Vela Palito Gigante Metalizada Branca 18 cm | Decoração de Festa,Vela palito gigante metalizada branca 18 cm para bolo. Ideal para festas elegantes e decorações clássicas.,,"<p><strong>✨ Descrição completa — Vela Palito Gigante - Metalizada branca</strong></p><p>A <strong>Vela Palito Gigante Metalizada Branca 18 cm</strong> é perfeita para quem quer um destaque maior e elegante na decoração do bolo.</p>
<p>Com tamanho alongado e acabamento <strong>metalizado</strong> na cor branca, traz um visual sofisticado e moderno, ideal para aniversários, festas clássicas e comemorações especiais.</p>
<p>Uma ótima escolha para decorações clean, minimalistas ou com tema branco e dourado/prata.</p><h3>Características</h3><ul><li>Tamanho gigante (18 cm) para maior destaque</li><li>Acabamento metalizado branco</li><li>Visual elegante e sofisticado</li><li>Ideal para bolos de aniversário</li></ul><p><strong>📋 Especificações do produto</strong></p><ul><li><strong>Material:</strong> Parafina</li><li><strong>Tipo:</strong> Vela decorativa palito gigante</li><li><strong>Altura:</strong> 18 cm</li><li><strong>Cor:</strong> Branca</li><li><strong>Conteúdo da embalagem:</strong> 8 velas</li></ul>
<p><strong>🚚 Frete e prazo</strong></p><p>Calcule o frete e o prazo de entrega informando seu CEP antes de finalizar a compra.</p><p><strong>💡 Dica</strong></p><p>Combine com outros artigos de festa para uma mesa completa e harmoniosa.</p><p><strong>❤️ Garanta o seu</strong></p><p>Garanta agora <strong>Vela Palito Gigante - Metalizada branca</strong> e deixe sua festa ou evento ainda mais especial!</p>",Vela palito gigante metalizada branca 18 cm. Elegância e destaque na decoração do bolo.,,media://products/4-35.png,,,,,,1,,Artigos de Festa,Velas,Velas Decorativas,,,10,,,,,,
9864003,,,,Vela Palito Gigante - Neon colorida,/vela-palito-gigante-neon-colorida,"0,250",4.00,6.00,18.00,Vela Palito Gigante Neon Colorida | Decoração de Festa,Vela palito gigante neon colorida para bolo. Destaque garantido em aniversários e festas.,"vela gigante, vela neon, vela palito, vela para bolo, decoração de festa","<p><strong>✨ Descrição completa — Vela Palito Gigante - Neon colorida</strong></p><p>A <strong>Vela Palito Gigante Neon Colorida</strong> é ideal para quem quer um destaque maior na decoração do bolo.</p>
<p>Com tamanho alongado e cores neon vibrantes, proporciona um visual moderno e impactante, perfeito para aniversários, festas infantis e comemorações especiais.</p>
<p>Seu formato gigante valoriza o bolo e cria um efeito visual marcante na celebração.</p><h3>Características</h3><ul><li>Tamanho gigante para maior destaque</li><li>Cores neon vibrantes</li><li>Visual moderno e chamativo</li><li>Ideal para bolos de aniversário</li></ul><p><strong>📋 Especificações do produto</strong></p><ul><li><strong>Material:</strong> Parafina</li><li><strong>Tipo:</strong> Vela decorativa palito</li><li><strong>Altura:</strong> 16,5 cm</li><li><strong>Conteúdo da embalagem:</strong> 24 velas</li></ul>
<p><strong>🚚 Frete e prazo</strong></p><p>Calcule o frete e o prazo de entrega informando seu CEP antes de finalizar a compra.</p><p><strong>💡 Dica</strong></p><p>Combine com outros artigos de festa para uma mesa completa e harmoniosa.</p><p><strong>❤️ Garanta o seu</strong></p><p>Garanta agora <strong>Vela Palito Gigante - Neon colorida</strong> e deixe sua festa ou evento ainda mais especial!</p>",Vela palito gigante neon colorida para bolo. Ideal para festas e aniversários.,,media://products/14.png,19.90,,,,,1,,Artigos de Festa,Velas,Velas Decorativas,,,0,,,,,,
 9864003,,28680105,,,,,,,,Vela Palito Gigante Neon Colorida | Decoração de Festa,Vela palito gigante neon colorida para bolo. Destaque garantido em aniversários e festas.,"vela gigante, vela neon, vela palito, vela para bolo, decoração de festa","<p><strong>✨ Descrição completa — Vela Palito Gigante - Neon colorida</strong></p><p>A <strong>Vela Palito Gigante Neon Colorida</strong> é ideal para quem quer um destaque maior na decoração do bolo.</p>
<p>Com tamanho alongado e cores neon vibrantes, proporciona um visual moderno e impactante, perfeito para aniversários, festas infantis e comemorações especiais.</p>
<p>Seu formato gigante valoriza o bolo e cria um efeito visual marcante na celebração.</p><h3>Características</h3><ul><li>Tamanho gigante para maior destaque</li><li>Cores neon vibrantes</li><li>Visual moderno e chamativo</li><li>Ideal para bolos de aniversário</li></ul><p><strong>📋 Especificações do produto</strong></p><ul><li><strong>Material:</strong> Parafina</li><li><strong>Tipo:</strong> Vela decorativa palito</li><li><strong>Altura:</strong> 16,5 cm</li><li><strong>Conteúdo da embalagem:</strong> 24 velas</li></ul>
<p><strong>🚚 Frete e prazo</strong></p><p>Calcule o frete e o prazo de entrega informando seu CEP antes de finalizar a compra.</p><p><strong>💡 Dica</strong></p><p>Combine com outros artigos de festa para uma mesa completa e harmoniosa.</p><p><strong>❤️ Garanta o seu</strong></p><p>Garanta agora <strong>Vela Palito Gigante - Neon colorida</strong> e deixe sua festa ou evento ainda mais especial!</p>",Vela palito gigante neon colorida para bolo. Ideal para festas e aniversários.,,media://products/14.png,,,,,,1,,Artigos de Festa,Velas,Velas Decorativas,,,0,,,,,,
9840812,,,,Vela Palito - Lisa Colorida,/vela-palito-lisa-colorida,"0,060",2.00,4.00,10.00,Vela Palito Lisa Colorida | Festa e Aniversário,"Vela palito lisa colorida para bolo. Ideal para aniversários, festas e comemorações especiais.","vela palito, vela para bolo, vela colorida, vela aniversário, decoração de festa","<p><strong>✨ Descrição completa — Vela Palito - Lisa Colorida</strong></p><p>A <strong>Vela Palito Lisa Colorida</strong> é um item clássico e indispensável na decoração de bolos de aniversário.</p>
<p>Com design simples e elegante, é ideal para compor bolos de festas infantis, aniversários e comemorações em geral, combinando facilmente com diversos temas.</p>
<p>Disponível em cores variadas, oferece praticidade e um visual alegre para a celebração.</p><h3>Características</h3><ul><li>Design liso e tradicional</li><li>Cores vibrantes</li><li>Ideal para bolos de aniversário</li><li>Fácil de usar</li></ul><p><strong>📋 Especificações do produto</strong></p><ul><li><strong>Material:</strong> Parafina</li><li><strong>Tipo:</strong> Vela decorativa palito</li><li><strong>Conteúdo da embalagem:</strong> 6 velas</li></ul>
<p><strong>🚚 Frete e prazo</strong></p><p>Calcule o frete e o prazo de entrega informando seu CEP antes de finalizar a compra.</p><p><strong>💡 Dica</strong></p><p>Combine com outros artigos de festa para uma mesa completa e harmoniosa.</p><p><strong>❤️ Garanta o seu</strong></p><p>Garanta agora <strong>Vela Palito - Lisa Colorida</strong> e deixe sua festa ou evento ainda mais especial!</p>",Vela palito lisa colorida para bolo. Ideal para aniversários e comemorações.,,"media://products/8-34.png,media://products/9-28.png,media://products/10-28.png",18.90,,,,,1,,Artigos de Festa,Velas,Velas Decorativas,,,10,,,,,,
 9840812,,28613441,,,,,,,,Vela Palito Lisa Colorida | Festa e Aniversário,"Vela palito lisa colorida para bolo. Ideal para aniversários, festas e comemorações especiais.","vela palito, vela para bolo, vela colorida, vela aniversário, decoração de festa","<p><strong>✨ Descrição completa — Vela Palito - Lisa Colorida</strong></p><p>A <strong>Vela Palito Lisa Colorida</strong> é um item clássico e indispensável na decoração de bolos de aniversário.</p>
<p>Com design simples e elegante, é ideal para compor bolos de festas infantis, aniversários e comemorações em geral, combinando facilmente com diversos temas.</p>
<p>Disponível em cores variadas, oferece praticidade e um visual alegre para a celebração.</p><h3>Características</h3><ul><li>Design liso e tradicional</li><li>Cores vibrantes</li><li>Ideal para bolos de aniversário</li><li>Fácil de usar</li></ul><p><strong>📋 Especificações do produto</strong></p><ul><li><strong>Material:</strong> Parafina</li><li><strong>Tipo:</strong> Vela decorativa palito</li><li><strong>Conteúdo da embalagem:</strong> 6 velas</li></ul>
<p><strong>🚚 Frete e prazo</strong></p><p>Calcule o frete e o prazo de entrega informando seu CEP antes de finalizar a compra.</p><p><strong>💡 Dica</strong></p><p>Combine com outros artigos de festa para uma mesa completa e harmoniosa.</p><p><strong>❤️ Garanta o seu</strong></p><p>Garanta agora <strong>Vela Palito - Lisa Colorida</strong> e deixe sua festa ou evento ainda mais especial!</p>",Vela palito lisa colorida para bolo. Ideal para aniversários e comemorações.,,"media://products/8-34.png,media://products/9-28.png,media://products/10-28.png",,,,,,1,,Artigos de Festa,Velas,Velas Decorativas,,,10,Rosa,,,,,
 9840812,,28613489,,,,,,,,Vela Palito Lisa Colorida | Festa e Aniversário,"Vela palito lisa colorida para bolo. Ideal para aniversários, festas e comemorações especiais.","vela palito, vela para bolo, vela colorida, vela aniversário, decoração de festa","<p><strong>✨ Descrição completa — Vela Palito - Lisa Colorida</strong></p><p>A <strong>Vela Palito Lisa Colorida</strong> é um item clássico e indispensável na decoração de bolos de aniversário.</p>
<p>Com design simples e elegante, é ideal para compor bolos de festas infantis, aniversários e comemorações em geral, combinando facilmente com diversos temas.</p>
<p>Disponível em cores variadas, oferece praticidade e um visual alegre para a celebração.</p><h3>Características</h3><ul><li>Design liso e tradicional</li><li>Cores vibrantes</li><li>Ideal para bolos de aniversário</li><li>Fácil de usar</li></ul><p><strong>📋 Especificações do produto</strong></p><ul><li><strong>Material:</strong> Parafina</li><li><strong>Tipo:</strong> Vela decorativa palito</li><li><strong>Conteúdo da embalagem:</strong> 6 velas</li></ul>
<p><strong>🚚 Frete e prazo</strong></p><p>Calcule o frete e o prazo de entrega informando seu CEP antes de finalizar a compra.</p><p><strong>💡 Dica</strong></p><p>Combine com outros artigos de festa para uma mesa completa e harmoniosa.</p><p><strong>❤️ Garanta o seu</strong></p><p>Garanta agora <strong>Vela Palito - Lisa Colorida</strong> e deixe sua festa ou evento ainda mais especial!</p>",Vela palito lisa colorida para bolo. Ideal para aniversários e comemorações.,,"media://products/8-34.png,media://products/9-28.png,media://products/10-28.png",,,,,,1,,Artigos de Festa,Velas,Velas Decorativas,,,10,Azul,,,,,
 9840812,,28613491,,,,,,,,Vela Palito Lisa Colorida | Festa e Aniversário,"Vela palito lisa colorida para bolo. Ideal para aniversários, festas e comemorações especiais.","vela palito, vela para bolo, vela colorida, vela aniversário, decoração de festa","<p><strong>✨ Descrição completa — Vela Palito - Lisa Colorida</strong></p><p>A <strong>Vela Palito Lisa Colorida</strong> é um item clássico e indispensável na decoração de bolos de aniversário.</p>
<p>Com design simples e elegante, é ideal para compor bolos de festas infantis, aniversários e comemorações em geral, combinando facilmente com diversos temas.</p>
<p>Disponível em cores variadas, oferece praticidade e um visual alegre para a celebração.</p><h3>Características</h3><ul><li>Design liso e tradicional</li><li>Cores vibrantes</li><li>Ideal para bolos de aniversário</li><li>Fácil de usar</li></ul><p><strong>📋 Especificações do produto</strong></p><ul><li><strong>Material:</strong> Parafina</li><li><strong>Tipo:</strong> Vela decorativa palito</li><li><strong>Conteúdo da embalagem:</strong> 6 velas</li></ul>
<p><strong>🚚 Frete e prazo</strong></p><p>Calcule o frete e o prazo de entrega informando seu CEP antes de finalizar a compra.</p><p><strong>💡 Dica</strong></p><p>Combine com outros artigos de festa para uma mesa completa e harmoniosa.</p><p><strong>❤️ Garanta o seu</strong></p><p>Garanta agora <strong>Vela Palito - Lisa Colorida</strong> e deixe sua festa ou evento ainda mais especial!</p>",Vela palito lisa colorida para bolo. Ideal para aniversários e comemorações.,,"media://products/8-34.png,media://products/9-28.png,media://products/10-28.png",,,,,,1,,Artigos de Festa,Velas,Velas Decorativas,,,10,Colorida,,,,,
9839209,,,,Vela Pick Metalizada - Azul Tifany - N0,/vela-pick-metalizada-azul-tifany,"0,030",2.00,4.00,10.00,,Vela pick metalizada para bolo com números decorativos. Ideal para aniversários e comemorações especiais.,"vela pick, vela metalizada, vela de número, vela para bolo, decoração de festa","<p><strong>✨ Descrição completa — Vela Pick Metalizada - Azul Tifany - N0</strong></p><p>A <strong>Vela Pick Metalizada - Azul Tifany</strong> é ideal para dar um toque sofisticado e delicado à decoração do bolo.</p>
<p>Com acabamento metalizado em cores suaves e modernas, é perfeita para aniversários, festas infantis, chás e comemorações especiais.</p>
<p>Disponível em diversos números e cores, permite personalizar o bolo de forma elegante e harmoniosa.</p><h3>Características</h3><ul><li>Acabamento metalizado</li><li>Cores delicadas estilo candy color</li><li>Ideal para bolos de aniversário</li><li>Fácil de usar</li></ul><p><strong>📋 Especificações do produto</strong></p><ul><li><strong>Material:</strong> Parafina</li><li><strong>Tipo:</strong> Vela decorativa tipo pick</li><li><strong>Conteúdo da embalagem:</strong> 1 vela (número)</li></ul>
<p><strong>🚚 Frete e prazo</strong></p><p>Calcule o frete e o prazo de entrega informando seu CEP antes de finalizar a compra.</p><p><strong>💡 Dica</strong></p><p>Combine com outros artigos de festa para uma mesa completa e harmoniosa.</p><p><strong>❤️ Garanta o seu</strong></p><p>Garanta agora <strong>Vela Pick Metalizada - Azul Tifany - N0</strong> e deixe sua festa ou evento ainda mais especial!</p>",Vela pick metalizada com números decorativos. Ideal para bolos de aniversário e comemorações especiais.,,media://products/10-27.png,8.90,,,,,1,,Artigos de Festa,Velas,Velas de Número,,,0,,,,,,
 9839209,,28607835,,,,,,,,,Vela pick metalizada para bolo com números decorativos. Ideal para aniversários e comemorações especiais.,"vela pick, vela metalizada, vela de número, vela para bolo, decoração de festa","<p><strong>✨ Descrição completa — Vela Pick Metalizada - Azul Tifany - N0</strong></p><p>A <strong>Vela Pick Metalizada - Azul Tifany</strong> é ideal para dar um toque sofisticado e delicado à decoração do bolo.</p>
<p>Com acabamento metalizado em cores suaves e modernas, é perfeita para aniversários, festas infantis, chás e comemorações especiais.</p>
<p>Disponível em diversos números e cores, permite personalizar o bolo de forma elegante e harmoniosa.</p><h3>Características</h3><ul><li>Acabamento metalizado</li><li>Cores delicadas estilo candy color</li><li>Ideal para bolos de aniversário</li><li>Fácil de usar</li></ul><p><strong>📋 Especificações do produto</strong></p><ul><li><strong>Material:</strong> Parafina</li><li><strong>Tipo:</strong> Vela decorativa tipo pick</li><li><strong>Conteúdo da embalagem:</strong> 1 vela (número)</li></ul>
<p><strong>🚚 Frete e prazo</strong></p><p>Calcule o frete e o prazo de entrega informando seu CEP antes de finalizar a compra.</p><p><strong>💡 Dica</strong></p><p>Combine com outros artigos de festa para uma mesa completa e harmoniosa.</p><p><strong>❤️ Garanta o seu</strong></p><p>Garanta agora <strong>Vela Pick Metalizada - Azul Tifany - N0</strong> e deixe sua festa ou evento ainda mais especial!</p>",Vela pick metalizada com números decorativos. Ideal para bolos de aniversário e comemorações especiais.,,media://products/10-27.png,,,,,,1,,Artigos de Festa,Velas,Velas de Número,,,0,Azul Tifany,,,,,
9902327,,,,Vela Pick Metalizada - Azul Tifany - ?,/vela-pick-metalizada-azul-tifany-1,"0,030",2.00,4.00,10.00,,Vela pick metalizada para bolo com números decorativos. Ideal para aniversários e comemorações especiais.,"vela pick, vela metalizada, vela de número, vela para bolo, decoração de festa","<p><strong>✨ Descrição completa — Vela Pick Metalizada - Azul Tifany - ?</strong></p><p>A <strong>Vela Pick Metalizada - Azul Tifany</strong> é ideal para dar um toque sofisticado e delicado à decoração do bolo.</p>
<p>Com acabamento metalizado em cores suaves e modernas, é perfeita para aniversários, festas infantis, chás e comemorações especiais.</p>
<p>Disponível em diversos números e cores, permite personalizar o bolo de forma elegante e harmoniosa.</p><h3>Características</h3><ul><li>Acabamento metalizado</li><li>Cores delicadas estilo candy color</li><li>Ideal para bolos de aniversário</li><li>Fácil de usar</li></ul><p><strong>📋 Especificações do produto</strong></p><ul><li><strong>Material:</strong> Parafina</li><li><strong>Tipo:</strong> Vela decorativa tipo pick</li><li><strong>Conteúdo da embalagem:</strong> 1 vela (número)</li></ul>
<p><strong>🚚 Frete e prazo</strong></p><p>Calcule o frete e o prazo de entrega informando seu CEP antes de finalizar a compra.</p><p><strong>💡 Dica</strong></p><p>Combine com outros artigos de festa para uma mesa completa e harmoniosa.</p><p><strong>❤️ Garanta o seu</strong></p><p>Garanta agora <strong>Vela Pick Metalizada - Azul Tifany - ?</strong> e deixe sua festa ou evento ainda mais especial!</p>",Vela pick metalizada com números decorativos. Ideal para bolos de aniversário e comemorações especiais.,,media://products/11-22.png,8.90,,,,,1,,Artigos de Festa,Velas,Velas de Número,,,0,,,,,,
 9902327,,28787905,,,,,,,,,Vela pick metalizada para bolo com números decorativos. Ideal para aniversários e comemorações especiais.,"vela pick, vela metalizada, vela de número, vela para bolo, decoração de festa","<p><strong>✨ Descrição completa — Vela Pick Metalizada - Azul Tifany - ?</strong></p><p>A <strong>Vela Pick Metalizada - Azul Tifany</strong> é ideal para dar um toque sofisticado e delicado à decoração do bolo.</p>
<p>Com acabamento metalizado em cores suaves e modernas, é perfeita para aniversários, festas infantis, chás e comemorações especiais.</p>
<p>Disponível em diversos números e cores, permite personalizar o bolo de forma elegante e harmoniosa.</p><h3>Características</h3><ul><li>Acabamento metalizado</li><li>Cores delicadas estilo candy color</li><li>Ideal para bolos de aniversário</li><li>Fácil de usar</li></ul><p><strong>📋 Especificações do produto</strong></p><ul><li><strong>Material:</strong> Parafina</li><li><strong>Tipo:</strong> Vela decorativa tipo pick</li><li><strong>Conteúdo da embalagem:</strong> 1 vela (número)</li></ul>
<p><strong>🚚 Frete e prazo</strong></p><p>Calcule o frete e o prazo de entrega informando seu CEP antes de finalizar a compra.</p><p><strong>💡 Dica</strong></p><p>Combine com outros artigos de festa para uma mesa completa e harmoniosa.</p><p><strong>❤️ Garanta o seu</strong></p><p>Garanta agora <strong>Vela Pick Metalizada - Azul Tifany - ?</strong> e deixe sua festa ou evento ainda mais especial!</p>",Vela pick metalizada com números decorativos. Ideal para bolos de aniversário e comemorações especiais.,,media://products/11-22.png,,,,,,1,,Artigos de Festa,Velas,Velas de Número,,,0,Azul Tifany,,,,,
9902269,,,,Vela Pick Metalizada - Azul Tifany - N1,/vela-pick-metalizada-azul-tifany-n1,"0,030",2.00,4.00,10.00,,Vela pick metalizada para bolo com números decorativos. Ideal para aniversários e comemorações especiais.,"vela pick, vela metalizada, vela de número, vela para bolo, decoração de festa","<p><strong>✨ Descrição completa — Vela Pick Metalizada - Azul Tifany - N1</strong></p><p>A <strong>Vela Pick Metalizada - Azul Tifany</strong> é ideal para dar um toque sofisticado e delicado à decoração do bolo.</p>
<p>Com acabamento metalizado em cores suaves e modernas, é perfeita para aniversários, festas infantis, chás e comemorações especiais.</p>
<p>Disponível em diversos números e cores, permite personalizar o bolo de forma elegante e harmoniosa.</p><h3>Características</h3><ul><li>Acabamento metalizado</li><li>Cores delicadas estilo candy color</li><li>Ideal para bolos de aniversário</li><li>Fácil de usar</li></ul><p><strong>📋 Especificações do produto</strong></p><ul><li><strong>Material:</strong> Parafina</li><li><strong>Tipo:</strong> Vela decorativa tipo pick</li><li><strong>Conteúdo da embalagem:</strong> 1 vela (número)</li></ul>
<p><strong>🚚 Frete e prazo</strong></p><p>Calcule o frete e o prazo de entrega informando seu CEP antes de finalizar a compra.</p><p><strong>💡 Dica</strong></p><p>Combine com outros artigos de festa para uma mesa completa e harmoniosa.</p><p><strong>❤️ Garanta o seu</strong></p><p>Garanta agora <strong>Vela Pick Metalizada - Azul Tifany - N1</strong> e deixe sua festa ou evento ainda mais especial!</p>",Vela pick metalizada com números decorativos. Ideal para bolos de aniversário e comemorações especiais.,,media://products/1-33.png,8.90,,,,,1,,Artigos de Festa,Velas,Velas de Número,,,0,,,,,,
 9902269,,28787604,,,,,,,,,Vela pick metalizada para bolo com números decorativos. Ideal para aniversários e comemorações especiais.,"vela pick, vela metalizada, vela de número, vela para bolo, decoração de festa","<p><strong>✨ Descrição completa — Vela Pick Metalizada - Azul Tifany - N1</strong></p><p>A <strong>Vela Pick Metalizada - Azul Tifany</strong> é ideal para dar um toque sofisticado e delicado à decoração do bolo.</p>
<p>Com acabamento metalizado em cores suaves e modernas, é perfeita para aniversários, festas infantis, chás e comemorações especiais.</p>
<p>Disponível em diversos números e cores, permite personalizar o bolo de forma elegante e harmoniosa.</p><h3>Características</h3><ul><li>Acabamento metalizado</li><li>Cores delicadas estilo candy color</li><li>Ideal para bolos de aniversário</li><li>Fácil de usar</li></ul><p><strong>📋 Especificações do produto</strong></p><ul><li><strong>Material:</strong> Parafina</li><li><strong>Tipo:</strong> Vela decorativa tipo pick</li><li><strong>Conteúdo da embalagem:</strong> 1 vela (número)</li></ul>
<p><strong>🚚 Frete e prazo</strong></p><p>Calcule o frete e o prazo de entrega informando seu CEP antes de finalizar a compra.</p><p><strong>💡 Dica</strong></p><p>Combine com outros artigos de festa para uma mesa completa e harmoniosa.</p><p><strong>❤️ Garanta o seu</strong></p><p>Garanta agora <strong>Vela Pick Metalizada - Azul Tifany - N1</strong> e deixe sua festa ou evento ainda mais especial!</p>",Vela pick metalizada com números decorativos. Ideal para bolos de aniversário e comemorações especiais.,,media://products/1-33.png,,,,,,1,,Artigos de Festa,Velas,Velas de Número,,,0,Azul Tifany,,,,,
9902285,,,,Vela Pick Metalizada - Azul Tifany - N2,/vela-pick-metalizada-azul-tifany-n2,"0,030",2.00,4.00,10.00,,Vela pick metalizada para bolo com números decorativos. Ideal para aniversários e comemorações especiais.,"vela pick, vela metalizada, vela de número, vela para bolo, decoração de festa","<p><strong>✨ Descrição completa — Vela Pick Metalizada - Azul Tifany - N2</strong></p><p>A <strong>Vela Pick Metalizada - Azul Tifany</strong> é ideal para dar um toque sofisticado e delicado à decoração do bolo.</p>
<p>Com acabamento metalizado em cores suaves e modernas, é perfeita para aniversários, festas infantis, chás e comemorações especiais.</p>
<p>Disponível em diversos números e cores, permite personalizar o bolo de forma elegante e harmoniosa.</p><h3>Características</h3><ul><li>Acabamento metalizado</li><li>Cores delicadas estilo candy color</li><li>Ideal para bolos de aniversário</li><li>Fácil de usar</li></ul><p><strong>📋 Especificações do produto</strong></p><ul><li><strong>Material:</strong> Parafina</li><li><strong>Tipo:</strong> Vela decorativa tipo pick</li><li><strong>Conteúdo da embalagem:</strong> 1 vela (número)</li></ul>
<p><strong>🚚 Frete e prazo</strong></p><p>Calcule o frete e o prazo de entrega informando seu CEP antes de finalizar a compra.</p><p><strong>💡 Dica</strong></p><p>Combine com outros artigos de festa para uma mesa completa e harmoniosa.</p><p><strong>❤️ Garanta o seu</strong></p><p>Garanta agora <strong>Vela Pick Metalizada - Azul Tifany - N2</strong> e deixe sua festa ou evento ainda mais especial!</p>",Vela pick metalizada com números decorativos. Ideal para bolos de aniversário e comemorações especiais.,,media://products/2-34.png,8.90,,,,,1,,Artigos de Festa,Velas,Velas de Número,,,0,,,,,,
 9902285,,28787666,,,,,,,,,Vela pick metalizada para bolo com números decorativos. Ideal para aniversários e comemorações especiais.,"vela pick, vela metalizada, vela de número, vela para bolo, decoração de festa","<p><strong>✨ Descrição completa — Vela Pick Metalizada - Azul Tifany - N2</strong></p><p>A <strong>Vela Pick Metalizada - Azul Tifany</strong> é ideal para dar um toque sofisticado e delicado à decoração do bolo.</p>
<p>Com acabamento metalizado em cores suaves e modernas, é perfeita para aniversários, festas infantis, chás e comemorações especiais.</p>
<p>Disponível em diversos números e cores, permite personalizar o bolo de forma elegante e harmoniosa.</p><h3>Características</h3><ul><li>Acabamento metalizado</li><li>Cores delicadas estilo candy color</li><li>Ideal para bolos de aniversário</li><li>Fácil de usar</li></ul><p><strong>📋 Especificações do produto</strong></p><ul><li><strong>Material:</strong> Parafina</li><li><strong>Tipo:</strong> Vela decorativa tipo pick</li><li><strong>Conteúdo da embalagem:</strong> 1 vela (número)</li></ul>
<p><strong>🚚 Frete e prazo</strong></p><p>Calcule o frete e o prazo de entrega informando seu CEP antes de finalizar a compra.</p><p><strong>💡 Dica</strong></p><p>Combine com outros artigos de festa para uma mesa completa e harmoniosa.</p><p><strong>❤️ Garanta o seu</strong></p><p>Garanta agora <strong>Vela Pick Metalizada - Azul Tifany - N2</strong> e deixe sua festa ou evento ainda mais especial!</p>",Vela pick metalizada com números decorativos. Ideal para bolos de aniversário e comemorações especiais.,,media://products/2-34.png,,,,,,1,,Artigos de Festa,Velas,Velas de Número,,,0,Azul Tifany,,,,,
9902290,,,,Vela Pick Metalizada - Azul Tifany - N3,/vela-pick-metalizada-azul-tifany-n3,"0,030",2.00,4.00,10.00,,Vela pick metalizada para bolo com números decorativos. Ideal para aniversários e comemorações especiais.,"vela pick, vela metalizada, vela de número, vela para bolo, decoração de festa","<p><strong>✨ Descrição completa — Vela Pick Metalizada - Azul Tifany - N3</strong></p><p>A <strong>Vela Pick Metalizada - Azul Tifany</strong> é ideal para dar um toque sofisticado e delicado à decoração do bolo.</p>
<p>Com acabamento metalizado em cores suaves e modernas, é perfeita para aniversários, festas infantis, chás e comemorações especiais.</p>
<p>Disponível em diversos números e cores, permite personalizar o bolo de forma elegante e harmoniosa.</p><h3>Características</h3><ul><li>Acabamento metalizado</li><li>Cores delicadas estilo candy color</li><li>Ideal para bolos de aniversário</li><li>Fácil de usar</li></ul><p><strong>📋 Especificações do produto</strong></p><ul><li><strong>Material:</strong> Parafina</li><li><strong>Tipo:</strong> Vela decorativa tipo pick</li><li><strong>Conteúdo da embalagem:</strong> 1 vela (número)</li></ul>
<p><strong>🚚 Frete e prazo</strong></p><p>Calcule o frete e o prazo de entrega informando seu CEP antes de finalizar a compra.</p><p><strong>💡 Dica</strong></p><p>Combine com outros artigos de festa para uma mesa completa e harmoniosa.</p><p><strong>❤️ Garanta o seu</strong></p><p>Garanta agora <strong>Vela Pick Metalizada - Azul Tifany - N3</strong> e deixe sua festa ou evento ainda mais especial!</p>",Vela pick metalizada com números decorativos. Ideal para bolos de aniversário e comemorações especiais.,,media://products/3-34.png,8.90,,,,,1,,Artigos de Festa,Velas,Velas de Número,,,0,,,,,,
 9902290,,28787711,,,,,,,,,Vela pick metalizada para bolo com números decorativos. Ideal para aniversários e comemorações especiais.,"vela pick, vela metalizada, vela de número, vela para bolo, decoração de festa","<p><strong>✨ Descrição completa — Vela Pick Metalizada - Azul Tifany - N3</strong></p><p>A <strong>Vela Pick Metalizada - Azul Tifany</strong> é ideal para dar um toque sofisticado e delicado à decoração do bolo.</p>
<p>Com acabamento metalizado em cores suaves e modernas, é perfeita para aniversários, festas infantis, chás e comemorações especiais.</p>
<p>Disponível em diversos números e cores, permite personalizar o bolo de forma elegante e harmoniosa.</p><h3>Características</h3><ul><li>Acabamento metalizado</li><li>Cores delicadas estilo candy color</li><li>Ideal para bolos de aniversário</li><li>Fácil de usar</li></ul><p><strong>📋 Especificações do produto</strong></p><ul><li><strong>Material:</strong> Parafina</li><li><strong>Tipo:</strong> Vela decorativa tipo pick</li><li><strong>Conteúdo da embalagem:</strong> 1 vela (número)</li></ul>
<p><strong>🚚 Frete e prazo</strong></p><p>Calcule o frete e o prazo de entrega informando seu CEP antes de finalizar a compra.</p><p><strong>💡 Dica</strong></p><p>Combine com outros artigos de festa para uma mesa completa e harmoniosa.</p><p><strong>❤️ Garanta o seu</strong></p><p>Garanta agora <strong>Vela Pick Metalizada - Azul Tifany - N3</strong> e deixe sua festa ou evento ainda mais especial!</p>",Vela pick metalizada com números decorativos. Ideal para bolos de aniversário e comemorações especiais.,,media://products/3-34.png,,,,,,1,,Artigos de Festa,Velas,Velas de Número,,,0,Azul Tifany,,,,,
9902298,,,,Vela Pick Metalizada - Azul Tifany - N4,/vela-pick-metalizada-azul-tifany-n4,"0,030",2.00,4.00,10.00,,Vela pick metalizada para bolo com números decorativos. Ideal para aniversários e comemorações especiais.,"vela pick, vela metalizada, vela de número, vela para bolo, decoração de festa","<p><strong>✨ Descrição completa — Vela Pick Metalizada - Azul Tifany - N4</strong></p><p>A <strong>Vela Pick Metalizada - Azul Tifany</strong> é ideal para dar um toque sofisticado e delicado à decoração do bolo.</p>
<p>Com acabamento metalizado em cores suaves e modernas, é perfeita para aniversários, festas infantis, chás e comemorações especiais.</p>
<p>Disponível em diversos números e cores, permite personalizar o bolo de forma elegante e harmoniosa.</p><h3>Características</h3><ul><li>Acabamento metalizado</li><li>Cores delicadas estilo candy color</li><li>Ideal para bolos de aniversário</li><li>Fácil de usar</li></ul><p><strong>📋 Especificações do produto</strong></p><ul><li><strong>Material:</strong> Parafina</li><li><strong>Tipo:</strong> Vela decorativa tipo pick</li><li><strong>Conteúdo da embalagem:</strong> 1 vela (número)</li></ul>
<p><strong>🚚 Frete e prazo</strong></p><p>Calcule o frete e o prazo de entrega informando seu CEP antes de finalizar a compra.</p><p><strong>💡 Dica</strong></p><p>Combine com outros artigos de festa para uma mesa completa e harmoniosa.</p><p><strong>❤️ Garanta o seu</strong></p><p>Garanta agora <strong>Vela Pick Metalizada - Azul Tifany - N4</strong> e deixe sua festa ou evento ainda mais especial!</p>",Vela pick metalizada com números decorativos. Ideal para bolos de aniversário e comemorações especiais.,,media://products/4-33.png,8.90,,,,,1,,Artigos de Festa,Velas,Velas de Número,,,0,,,,,,
 9902298,,28787745,,,,,,,,,Vela pick metalizada para bolo com números decorativos. Ideal para aniversários e comemorações especiais.,"vela pick, vela metalizada, vela de número, vela para bolo, decoração de festa","<p><strong>✨ Descrição completa — Vela Pick Metalizada - Azul Tifany - N4</strong></p><p>A <strong>Vela Pick Metalizada - Azul Tifany</strong> é ideal para dar um toque sofisticado e delicado à decoração do bolo.</p>
<p>Com acabamento metalizado em cores suaves e modernas, é perfeita para aniversários, festas infantis, chás e comemorações especiais.</p>
<p>Disponível em diversos números e cores, permite personalizar o bolo de forma elegante e harmoniosa.</p><h3>Características</h3><ul><li>Acabamento metalizado</li><li>Cores delicadas estilo candy color</li><li>Ideal para bolos de aniversário</li><li>Fácil de usar</li></ul><p><strong>📋 Especificações do produto</strong></p><ul><li><strong>Material:</strong> Parafina</li><li><strong>Tipo:</strong> Vela decorativa tipo pick</li><li><strong>Conteúdo da embalagem:</strong> 1 vela (número)</li></ul>
<p><strong>🚚 Frete e prazo</strong></p><p>Calcule o frete e o prazo de entrega informando seu CEP antes de finalizar a compra.</p><p><strong>💡 Dica</strong></p><p>Combine com outros artigos de festa para uma mesa completa e harmoniosa.</p><p><strong>❤️ Garanta o seu</strong></p><p>Garanta agora <strong>Vela Pick Metalizada - Azul Tifany - N4</strong> e deixe sua festa ou evento ainda mais especial!</p>",Vela pick metalizada com números decorativos. Ideal para bolos de aniversário e comemorações especiais.,,media://products/4-33.png,,,,,,1,,Artigos de Festa,Velas,Velas de Número,,,0,Azul Tifany,,,,,
9902304,,,,Vela Pick Metalizada - Azul Tifany - N5,/vela-pick-metalizada-azul-tifany-n5,"0,030",2.00,4.00,10.00,,Vela pick metalizada para bolo com números decorativos. Ideal para aniversários e comemorações especiais.,"vela pick, vela metalizada, vela de número, vela para bolo, decoração de festa","<p><strong>✨ Descrição completa — Vela Pick Metalizada - Azul Tifany - N5</strong></p><p>A <strong>Vela Pick Metalizada - Azul Tifany</strong> é ideal para dar um toque sofisticado e delicado à decoração do bolo.</p>
<p>Com acabamento metalizado em cores suaves e modernas, é perfeita para aniversários, festas infantis, chás e comemorações especiais.</p>
<p>Disponível em diversos números e cores, permite personalizar o bolo de forma elegante e harmoniosa.</p><h3>Características</h3><ul><li>Acabamento metalizado</li><li>Cores delicadas estilo candy color</li><li>Ideal para bolos de aniversário</li><li>Fácil de usar</li></ul><p><strong>📋 Especificações do produto</strong></p><ul><li><strong>Material:</strong> Parafina</li><li><strong>Tipo:</strong> Vela decorativa tipo pick</li><li><strong>Conteúdo da embalagem:</strong> 1 vela (número)</li></ul>
<p><strong>🚚 Frete e prazo</strong></p><p>Calcule o frete e o prazo de entrega informando seu CEP antes de finalizar a compra.</p><p><strong>💡 Dica</strong></p><p>Combine com outros artigos de festa para uma mesa completa e harmoniosa.</p><p><strong>❤️ Garanta o seu</strong></p><p>Garanta agora <strong>Vela Pick Metalizada - Azul Tifany - N5</strong> e deixe sua festa ou evento ainda mais especial!</p>",Vela pick metalizada com números decorativos. Ideal para bolos de aniversário e comemorações especiais.,,media://products/5-34.png,8.90,,,,,1,,Artigos de Festa,Velas,Velas de Número,,,0,,,,,,
 9902304,,28787784,,,,,,,,,Vela pick metalizada para bolo com números decorativos. Ideal para aniversários e comemorações especiais.,"vela pick, vela metalizada, vela de número, vela para bolo, decoração de festa","<p><strong>✨ Descrição completa — Vela Pick Metalizada - Azul Tifany - N5</strong></p><p>A <strong>Vela Pick Metalizada - Azul Tifany</strong> é ideal para dar um toque sofisticado e delicado à decoração do bolo.</p>
<p>Com acabamento metalizado em cores suaves e modernas, é perfeita para aniversários, festas infantis, chás e comemorações especiais.</p>
<p>Disponível em diversos números e cores, permite personalizar o bolo de forma elegante e harmoniosa.</p><h3>Características</h3><ul><li>Acabamento metalizado</li><li>Cores delicadas estilo candy color</li><li>Ideal para bolos de aniversário</li><li>Fácil de usar</li></ul><p><strong>📋 Especificações do produto</strong></p><ul><li><strong>Material:</strong> Parafina</li><li><strong>Tipo:</strong> Vela decorativa tipo pick</li><li><strong>Conteúdo da embalagem:</strong> 1 vela (número)</li></ul>
<p><strong>🚚 Frete e prazo</strong></p><p>Calcule o frete e o prazo de entrega informando seu CEP antes de finalizar a compra.</p><p><strong>💡 Dica</strong></p><p>Combine com outros artigos de festa para uma mesa completa e harmoniosa.</p><p><strong>❤️ Garanta o seu</strong></p><p>Garanta agora <strong>Vela Pick Metalizada - Azul Tifany - N5</strong> e deixe sua festa ou evento ainda mais especial!</p>",Vela pick metalizada com números decorativos. Ideal para bolos de aniversário e comemorações especiais.,,media://products/5-34.png,,,,,,1,,Artigos de Festa,Velas,Velas de Número,,,0,Azul Tifany,,,,,
9902311,,,,Vela Pick Metalizada - Azul Tifany - N6,/vela-pick-metalizada-azul-tifany-n6,"0,030",2.00,4.00,10.00,,Vela pick metalizada para bolo com números decorativos. Ideal para aniversários e comemorações especiais.,"vela pick, vela metalizada, vela de número, vela para bolo, decoração de festa","<p><strong>✨ Descrição completa — Vela Pick Metalizada - Azul Tifany - N6</strong></p><p>A <strong>Vela Pick Metalizada - Azul Tifany</strong> é ideal para dar um toque sofisticado e delicado à decoração do bolo.</p>
<p>Com acabamento metalizado em cores suaves e modernas, é perfeita para aniversários, festas infantis, chás e comemorações especiais.</p>
<p>Disponível em diversos números e cores, permite personalizar o bolo de forma elegante e harmoniosa.</p><h3>Características</h3><ul><li>Acabamento metalizado</li><li>Cores delicadas estilo candy color</li><li>Ideal para bolos de aniversário</li><li>Fácil de usar</li></ul><p><strong>📋 Especificações do produto</strong></p><ul><li><strong>Material:</strong> Parafina</li><li><strong>Tipo:</strong> Vela decorativa tipo pick</li><li><strong>Conteúdo da embalagem:</strong> 1 vela (número)</li></ul>
<p><strong>🚚 Frete e prazo</strong></p><p>Calcule o frete e o prazo de entrega informando seu CEP antes de finalizar a compra.</p><p><strong>💡 Dica</strong></p><p>Combine com outros artigos de festa para uma mesa completa e harmoniosa.</p><p><strong>❤️ Garanta o seu</strong></p><p>Garanta agora <strong>Vela Pick Metalizada - Azul Tifany - N6</strong> e deixe sua festa ou evento ainda mais especial!</p>",Vela pick metalizada com números decorativos. Ideal para bolos de aniversário e comemorações especiais.,,media://products/6-34.png,8.90,,,,,1,,Artigos de Festa,Velas,Velas de Número,,,0,,,,,,
 9902311,,28787809,,,,,,,,,Vela pick metalizada para bolo com números decorativos. Ideal para aniversários e comemorações especiais.,"vela pick, vela metalizada, vela de número, vela para bolo, decoração de festa","<p><strong>✨ Descrição completa — Vela Pick Metalizada - Azul Tifany - N6</strong></p><p>A <strong>Vela Pick Metalizada - Azul Tifany</strong> é ideal para dar um toque sofisticado e delicado à decoração do bolo.</p>
<p>Com acabamento metalizado em cores suaves e modernas, é perfeita para aniversários, festas infantis, chás e comemorações especiais.</p>
<p>Disponível em diversos números e cores, permite personalizar o bolo de forma elegante e harmoniosa.</p><h3>Características</h3><ul><li>Acabamento metalizado</li><li>Cores delicadas estilo candy color</li><li>Ideal para bolos de aniversário</li><li>Fácil de usar</li></ul><p><strong>📋 Especificações do produto</strong></p><ul><li><strong>Material:</strong> Parafina</li><li><strong>Tipo:</strong> Vela decorativa tipo pick</li><li><strong>Conteúdo da embalagem:</strong> 1 vela (número)</li></ul>
<p><strong>🚚 Frete e prazo</strong></p><p>Calcule o frete e o prazo de entrega informando seu CEP antes de finalizar a compra.</p><p><strong>💡 Dica</strong></p><p>Combine com outros artigos de festa para uma mesa completa e harmoniosa.</p><p><strong>❤️ Garanta o seu</strong></p><p>Garanta agora <strong>Vela Pick Metalizada - Azul Tifany - N6</strong> e deixe sua festa ou evento ainda mais especial!</p>",Vela pick metalizada com números decorativos. Ideal para bolos de aniversário e comemorações especiais.,,media://products/6-34.png,,,,,,1,,Artigos de Festa,Velas,Velas de Número,,,0,Azul Tifany,,,,,
9902315,,,,Vela Pick Metalizada - Azul Tifany - N7,/vela-pick-metalizada-azul-tifany-n7,"0,030",2.00,4.00,10.00,,Vela pick metalizada para bolo com números decorativos. Ideal para aniversários e comemorações especiais.,"vela pick, vela metalizada, vela de número, vela para bolo, decoração de festa","<p><strong>✨ Descrição completa — Vela Pick Metalizada - Azul Tifany - N7</strong></p><p>A <strong>Vela Pick Metalizada - Azul Tifany</strong> é ideal para dar um toque sofisticado e delicado à decoração do bolo.</p>
<p>Com acabamento metalizado em cores suaves e modernas, é perfeita para aniversários, festas infantis, chás e comemorações especiais.</p>
<p>Disponível em diversos números e cores, permite personalizar o bolo de forma elegante e harmoniosa.</p><h3>Características</h3><ul><li>Acabamento metalizado</li><li>Cores delicadas estilo candy color</li><li>Ideal para bolos de aniversário</li><li>Fácil de usar</li></ul><p><strong>📋 Especificações do produto</strong></p><ul><li><strong>Material:</strong> Parafina</li><li><strong>Tipo:</strong> Vela decorativa tipo pick</li><li><strong>Conteúdo da embalagem:</strong> 1 vela (número)</li></ul>
<p><strong>🚚 Frete e prazo</strong></p><p>Calcule o frete e o prazo de entrega informando seu CEP antes de finalizar a compra.</p><p><strong>💡 Dica</strong></p><p>Combine com outros artigos de festa para uma mesa completa e harmoniosa.</p><p><strong>❤️ Garanta o seu</strong></p><p>Garanta agora <strong>Vela Pick Metalizada - Azul Tifany - N7</strong> e deixe sua festa ou evento ainda mais especial!</p>",Vela pick metalizada com números decorativos. Ideal para bolos de aniversário e comemorações especiais.,,media://products/7-34.png,8.90,,,,,1,,Artigos de Festa,Velas,Velas de Número,,,0,,,,,,
 9902315,,28787832,,,,,,,,,Vela pick metalizada para bolo com números decorativos. Ideal para aniversários e comemorações especiais.,"vela pick, vela metalizada, vela de número, vela para bolo, decoração de festa","<p><strong>✨ Descrição completa — Vela Pick Metalizada - Azul Tifany - N7</strong></p><p>A <strong>Vela Pick Metalizada - Azul Tifany</strong> é ideal para dar um toque sofisticado e delicado à decoração do bolo.</p>
<p>Com acabamento metalizado em cores suaves e modernas, é perfeita para aniversários, festas infantis, chás e comemorações especiais.</p>
<p>Disponível em diversos números e cores, permite personalizar o bolo de forma elegante e harmoniosa.</p><h3>Características</h3><ul><li>Acabamento metalizado</li><li>Cores delicadas estilo candy color</li><li>Ideal para bolos de aniversário</li><li>Fácil de usar</li></ul><p><strong>📋 Especificações do produto</strong></p><ul><li><strong>Material:</strong> Parafina</li><li><strong>Tipo:</strong> Vela decorativa tipo pick</li><li><strong>Conteúdo da embalagem:</strong> 1 vela (número)</li></ul>
<p><strong>🚚 Frete e prazo</strong></p><p>Calcule o frete e o prazo de entrega informando seu CEP antes de finalizar a compra.</p><p><strong>💡 Dica</strong></p><p>Combine com outros artigos de festa para uma mesa completa e harmoniosa.</p><p><strong>❤️ Garanta o seu</strong></p><p>Garanta agora <strong>Vela Pick Metalizada - Azul Tifany - N7</strong> e deixe sua festa ou evento ainda mais especial!</p>",Vela pick metalizada com números decorativos. Ideal para bolos de aniversário e comemorações especiais.,,media://products/7-34.png,,,,,,1,,Artigos de Festa,Velas,Velas de Número,,,0,Azul Tifany,,,,,
9902318,,,,Vela Pick Metalizada - Azul Tifany - N8,/vela-pick-metalizada-azul-tifany-n8,"0,030",2.00,4.00,10.00,,Vela pick metalizada para bolo com números decorativos. Ideal para aniversários e comemorações especiais.,"vela pick, vela metalizada, vela de número, vela para bolo, decoração de festa","<p><strong>✨ Descrição completa — Vela Pick Metalizada - Azul Tifany - N8</strong></p><p>A <strong>Vela Pick Metalizada - Azul Tifany</strong> é ideal para dar um toque sofisticado e delicado à decoração do bolo.</p>
<p>Com acabamento metalizado em cores suaves e modernas, é perfeita para aniversários, festas infantis, chás e comemorações especiais.</p>
<p>Disponível em diversos números e cores, permite personalizar o bolo de forma elegante e harmoniosa.</p><h3>Características</h3><ul><li>Acabamento metalizado</li><li>Cores delicadas estilo candy color</li><li>Ideal para bolos de aniversário</li><li>Fácil de usar</li></ul><p><strong>📋 Especificações do produto</strong></p><ul><li><strong>Material:</strong> Parafina</li><li><strong>Tipo:</strong> Vela decorativa tipo pick</li><li><strong>Conteúdo da embalagem:</strong> 1 vela (número)</li></ul>
<p><strong>🚚 Frete e prazo</strong></p><p>Calcule o frete e o prazo de entrega informando seu CEP antes de finalizar a compra.</p><p><strong>💡 Dica</strong></p><p>Combine com outros artigos de festa para uma mesa completa e harmoniosa.</p><p><strong>❤️ Garanta o seu</strong></p><p>Garanta agora <strong>Vela Pick Metalizada - Azul Tifany - N8</strong> e deixe sua festa ou evento ainda mais especial!</p>",Vela pick metalizada com números decorativos. Ideal para bolos de aniversário e comemorações especiais.,,media://products/8-32.png,8.90,,,,,1,,Artigos de Festa,Velas,Velas de Número,,,0,,,,,,
 9902318,,28787849,,,,,,,,,Vela pick metalizada para bolo com números decorativos. Ideal para aniversários e comemorações especiais.,"vela pick, vela metalizada, vela de número, vela para bolo, decoração de festa","<p><strong>✨ Descrição completa — Vela Pick Metalizada - Azul Tifany - N8</strong></p><p>A <strong>Vela Pick Metalizada - Azul Tifany</strong> é ideal para dar um toque sofisticado e delicado à decoração do bolo.</p>
<p>Com acabamento metalizado em cores suaves e modernas, é perfeita para aniversários, festas infantis, chás e comemorações especiais.</p>
<p>Disponível em diversos números e cores, permite personalizar o bolo de forma elegante e harmoniosa.</p><h3>Características</h3><ul><li>Acabamento metalizado</li><li>Cores delicadas estilo candy color</li><li>Ideal para bolos de aniversário</li><li>Fácil de usar</li></ul><p><strong>📋 Especificações do produto</strong></p><ul><li><strong>Material:</strong> Parafina</li><li><strong>Tipo:</strong> Vela decorativa tipo pick</li><li><strong>Conteúdo da embalagem:</strong> 1 vela (número)</li></ul>
<p><strong>🚚 Frete e prazo</strong></p><p>Calcule o frete e o prazo de entrega informando seu CEP antes de finalizar a compra.</p><p><strong>💡 Dica</strong></p><p>Combine com outros artigos de festa para uma mesa completa e harmoniosa.</p><p><strong>❤️ Garanta o seu</strong></p><p>Garanta agora <strong>Vela Pick Metalizada - Azul Tifany - N8</strong> e deixe sua festa ou evento ainda mais especial!</p>",Vela pick metalizada com números decorativos. Ideal para bolos de aniversário e comemorações especiais.,,media://products/8-32.png,,,,,,1,,Artigos de Festa,Velas,Velas de Número,,,0,Azul Tifany,,,,,
9902322,,,,Vela Pick Metalizada - Azul Tifany - N9,/vela-pick-metalizada-azul-tifany-n9,"0,030",2.00,4.00,10.00,,Vela pick metalizada para bolo com números decorativos. Ideal para aniversários e comemorações especiais.,"vela pick, vela metalizada, vela de número, vela para bolo, decoração de festa","<p><strong>✨ Descrição completa — Vela Pick Metalizada - Azul Tifany - N9</strong></p><p>A <strong>Vela Pick Metalizada - Azul Tifany</strong> é ideal para dar um toque sofisticado e delicado à decoração do bolo.</p>
<p>Com acabamento metalizado em cores suaves e modernas, é perfeita para aniversários, festas infantis, chás e comemorações especiais.</p>
<p>Disponível em diversos números e cores, permite personalizar o bolo de forma elegante e harmoniosa.</p><h3>Características</h3><ul><li>Acabamento metalizado</li><li>Cores delicadas estilo candy color</li><li>Ideal para bolos de aniversário</li><li>Fácil de usar</li></ul><p><strong>📋 Especificações do produto</strong></p><ul><li><strong>Material:</strong> Parafina</li><li><strong>Tipo:</strong> Vela decorativa tipo pick</li><li><strong>Conteúdo da embalagem:</strong> 1 vela (número)</li></ul>
<p><strong>🚚 Frete e prazo</strong></p><p>Calcule o frete e o prazo de entrega informando seu CEP antes de finalizar a compra.</p><p><strong>💡 Dica</strong></p><p>Combine com outros artigos de festa para uma mesa completa e harmoniosa.</p><p><strong>❤️ Garanta o seu</strong></p><p>Garanta agora <strong>Vela Pick Metalizada - Azul Tifany - N9</strong> e deixe sua festa ou evento ainda mais especial!</p>",Vela pick metalizada com números decorativos. Ideal para bolos de aniversário e comemorações especiais.,,media://products/9-27.png,8.90,,,,,1,,Artigos de Festa,Velas,Velas de Número,,,0,,,,,,
 9902322,,28787870,,,,,,,,,Vela pick metalizada para bolo com números decorativos. Ideal para aniversários e comemorações especiais.,"vela pick, vela metalizada, vela de número, vela para bolo, decoração de festa","<p><strong>✨ Descrição completa — Vela Pick Metalizada - Azul Tifany - N9</strong></p><p>A <strong>Vela Pick Metalizada - Azul Tifany</strong> é ideal para dar um toque sofisticado e delicado à decoração do bolo.</p>
<p>Com acabamento metalizado em cores suaves e modernas, é perfeita para aniversários, festas infantis, chás e comemorações especiais.</p>
<p>Disponível em diversos números e cores, permite personalizar o bolo de forma elegante e harmoniosa.</p><h3>Características</h3><ul><li>Acabamento metalizado</li><li>Cores delicadas estilo candy color</li><li>Ideal para bolos de aniversário</li><li>Fácil de usar</li></ul><p><strong>📋 Especificações do produto</strong></p><ul><li><strong>Material:</strong> Parafina</li><li><strong>Tipo:</strong> Vela decorativa tipo pick</li><li><strong>Conteúdo da embalagem:</strong> 1 vela (número)</li></ul>
<p><strong>🚚 Frete e prazo</strong></p><p>Calcule o frete e o prazo de entrega informando seu CEP antes de finalizar a compra.</p><p><strong>💡 Dica</strong></p><p>Combine com outros artigos de festa para uma mesa completa e harmoniosa.</p><p><strong>❤️ Garanta o seu</strong></p><p>Garanta agora <strong>Vela Pick Metalizada - Azul Tifany - N9</strong> e deixe sua festa ou evento ainda mais especial!</p>",Vela pick metalizada com números decorativos. Ideal para bolos de aniversário e comemorações especiais.,,media://products/9-27.png,,,,,,1,,Artigos de Festa,Velas,Velas de Número,,,0,Azul Tifany,,,,,
9839198,,,,Vela Pick Metalizada - Rosa Candy Color,/vela-pick-metalizada-rosa-candy-color,"0,030",2.00,4.00,10.00,,Vela pick metalizada para bolo com números decorativos. Ideal para aniversários e comemorações especiais.,"vela pick, vela metalizada, vela de número, vela para bolo, decoração de festa","<p><strong>✨ Descrição completa — Vela Pick Metalizada - Rosa Candy Color</strong></p><p>A <strong>Vela Pick Metalizada - Rosa Candy Color</strong> é ideal para dar um toque sofisticado e delicado à decoração do bolo.</p>
<p>Com acabamento metalizado em cores suaves e modernas, é perfeita para aniversários, festas infantis, chás e comemorações especiais.</p>
<p>Disponível em diversos números e cores, permite personalizar o bolo de forma elegante e harmoniosa.</p><h3>Características</h3><ul><li>Acabamento metalizado</li><li>Cores delicadas estilo candy color</li><li>Ideal para bolos de aniversário</li><li>Fácil de usar</li></ul><p><strong>📋 Especificações do produto</strong></p><ul><li><strong>Material:</strong> Parafina</li><li><strong>Tipo:</strong> Vela decorativa tipo pick</li><li><strong>Conteúdo da embalagem:</strong> 1 vela (número)</li></ul>
<p><strong>🚚 Frete e prazo</strong></p><p>Calcule o frete e o prazo de entrega informando seu CEP antes de finalizar a compra.</p><p><strong>💡 Dica</strong></p><p>Combine com outros artigos de festa para uma mesa completa e harmoniosa.</p><p><strong>❤️ Garanta o seu</strong></p><p>Garanta agora <strong>Vela Pick Metalizada - Rosa Candy Color</strong> e deixe sua festa ou evento ainda mais especial!</p>",Vela pick metalizada com números decorativos. Ideal para bolos de aniversário e comemorações especiais.,,"media://products/1-32.png,media://products/2-33.png,media://products/3-33.png,media://products/4-32.png,media://products/5-33.png,media://products/6-33.png,media://products/7-33.png,media://products/8-31.png,media://products/9-26.png,media://products/10-26.png,media://products/11-21.png",8.90,,,,,1,,Artigos de Festa,Velas,Velas de Número,,,10,,,,,,
 9839198,,28607806,,,,,,,,,Vela pick metalizada para bolo com números decorativos. Ideal para aniversários e comemorações especiais.,"vela pick, vela metalizada, vela de número, vela para bolo, decoração de festa","<p><strong>✨ Descrição completa — Vela Pick Metalizada - Rosa Candy Color</strong></p><p>A <strong>Vela Pick Metalizada - Rosa Candy Color</strong> é ideal para dar um toque sofisticado e delicado à decoração do bolo.</p>
<p>Com acabamento metalizado em cores suaves e modernas, é perfeita para aniversários, festas infantis, chás e comemorações especiais.</p>
<p>Disponível em diversos números e cores, permite personalizar o bolo de forma elegante e harmoniosa.</p><h3>Características</h3><ul><li>Acabamento metalizado</li><li>Cores delicadas estilo candy color</li><li>Ideal para bolos de aniversário</li><li>Fácil de usar</li></ul><p><strong>📋 Especificações do produto</strong></p><ul><li><strong>Material:</strong> Parafina</li><li><strong>Tipo:</strong> Vela decorativa tipo pick</li><li><strong>Conteúdo da embalagem:</strong> 1 vela (número)</li></ul>
<p><strong>🚚 Frete e prazo</strong></p><p>Calcule o frete e o prazo de entrega informando seu CEP antes de finalizar a compra.</p><p><strong>💡 Dica</strong></p><p>Combine com outros artigos de festa para uma mesa completa e harmoniosa.</p><p><strong>❤️ Garanta o seu</strong></p><p>Garanta agora <strong>Vela Pick Metalizada - Rosa Candy Color</strong> e deixe sua festa ou evento ainda mais especial!</p>",Vela pick metalizada com números decorativos. Ideal para bolos de aniversário e comemorações especiais.,,"media://products/1-32.png,media://products/2-33.png,media://products/3-33.png,media://products/4-32.png,media://products/5-33.png,media://products/6-33.png,media://products/7-33.png,media://products/8-31.png,media://products/9-26.png,media://products/10-26.png,media://products/11-21.png",,,,,,1,,Artigos de Festa,Velas,Velas de Número,,,10,,Número,0,,,
 9839198,,28607808,,,,,,,,,Vela pick metalizada para bolo com números decorativos. Ideal para aniversários e comemorações especiais.,"vela pick, vela metalizada, vela de número, vela para bolo, decoração de festa","<p><strong>✨ Descrição completa — Vela Pick Metalizada - Rosa Candy Color</strong></p><p>A <strong>Vela Pick Metalizada - Rosa Candy Color</strong> é ideal para dar um toque sofisticado e delicado à decoração do bolo.</p>
<p>Com acabamento metalizado em cores suaves e modernas, é perfeita para aniversários, festas infantis, chás e comemorações especiais.</p>
<p>Disponível em diversos números e cores, permite personalizar o bolo de forma elegante e harmoniosa.</p><h3>Características</h3><ul><li>Acabamento metalizado</li><li>Cores delicadas estilo candy color</li><li>Ideal para bolos de aniversário</li><li>Fácil de usar</li></ul><p><strong>📋 Especificações do produto</strong></p><ul><li><strong>Material:</strong> Parafina</li><li><strong>Tipo:</strong> Vela decorativa tipo pick</li><li><strong>Conteúdo da embalagem:</strong> 1 vela (número)</li></ul>
<p><strong>🚚 Frete e prazo</strong></p><p>Calcule o frete e o prazo de entrega informando seu CEP antes de finalizar a compra.</p><p><strong>💡 Dica</strong></p><p>Combine com outros artigos de festa para uma mesa completa e harmoniosa.</p><p><strong>❤️ Garanta o seu</strong></p><p>Garanta agora <strong>Vela Pick Metalizada - Rosa Candy Color</strong> e deixe sua festa ou evento ainda mais especial!</p>",Vela pick metalizada com números decorativos. Ideal para bolos de aniversário e comemorações especiais.,,"media://products/1-32.png,media://products/2-33.png,media://products/3-33.png,media://products/4-32.png,media://products/5-33.png,media://products/6-33.png,media://products/7-33.png,media://products/8-31.png,media://products/9-26.png,media://products/10-26.png,media://products/11-21.png",,,,,,1,,Artigos de Festa,Velas,Velas de Número,,,10,,Número,1,,,
 9839198,,28607809,,,,,,,,,Vela pick metalizada para bolo com números decorativos. Ideal para aniversários e comemorações especiais.,"vela pick, vela metalizada, vela de número, vela para bolo, decoração de festa","<p><strong>✨ Descrição completa — Vela Pick Metalizada - Rosa Candy Color</strong></p><p>A <strong>Vela Pick Metalizada - Rosa Candy Color</strong> é ideal para dar um toque sofisticado e delicado à decoração do bolo.</p>
<p>Com acabamento metalizado em cores suaves e modernas, é perfeita para aniversários, festas infantis, chás e comemorações especiais.</p>
<p>Disponível em diversos números e cores, permite personalizar o bolo de forma elegante e harmoniosa.</p><h3>Características</h3><ul><li>Acabamento metalizado</li><li>Cores delicadas estilo candy color</li><li>Ideal para bolos de aniversário</li><li>Fácil de usar</li></ul><p><strong>📋 Especificações do produto</strong></p><ul><li><strong>Material:</strong> Parafina</li><li><strong>Tipo:</strong> Vela decorativa tipo pick</li><li><strong>Conteúdo da embalagem:</strong> 1 vela (número)</li></ul>
<p><strong>🚚 Frete e prazo</strong></p><p>Calcule o frete e o prazo de entrega informando seu CEP antes de finalizar a compra.</p><p><strong>💡 Dica</strong></p><p>Combine com outros artigos de festa para uma mesa completa e harmoniosa.</p><p><strong>❤️ Garanta o seu</strong></p><p>Garanta agora <strong>Vela Pick Metalizada - Rosa Candy Color</strong> e deixe sua festa ou evento ainda mais especial!</p>",Vela pick metalizada com números decorativos. Ideal para bolos de aniversário e comemorações especiais.,,"media://products/1-32.png,media://products/2-33.png,media://products/3-33.png,media://products/4-32.png,media://products/5-33.png,media://products/6-33.png,media://products/7-33.png,media://products/8-31.png,media://products/9-26.png,media://products/10-26.png,media://products/11-21.png",,,,,,1,,Artigos de Festa,Velas,Velas de Número,,,10,,Número,2,,,
 9839198,,28607810,,,,,,,,,Vela pick metalizada para bolo com números decorativos. Ideal para aniversários e comemorações especiais.,"vela pick, vela metalizada, vela de número, vela para bolo, decoração de festa","<p><strong>✨ Descrição completa — Vela Pick Metalizada - Rosa Candy Color</strong></p><p>A <strong>Vela Pick Metalizada - Rosa Candy Color</strong> é ideal para dar um toque sofisticado e delicado à decoração do bolo.</p>
<p>Com acabamento metalizado em cores suaves e modernas, é perfeita para aniversários, festas infantis, chás e comemorações especiais.</p>
<p>Disponível em diversos números e cores, permite personalizar o bolo de forma elegante e harmoniosa.</p><h3>Características</h3><ul><li>Acabamento metalizado</li><li>Cores delicadas estilo candy color</li><li>Ideal para bolos de aniversário</li><li>Fácil de usar</li></ul><p><strong>📋 Especificações do produto</strong></p><ul><li><strong>Material:</strong> Parafina</li><li><strong>Tipo:</strong> Vela decorativa tipo pick</li><li><strong>Conteúdo da embalagem:</strong> 1 vela (número)</li></ul>
<p><strong>🚚 Frete e prazo</strong></p><p>Calcule o frete e o prazo de entrega informando seu CEP antes de finalizar a compra.</p><p><strong>💡 Dica</strong></p><p>Combine com outros artigos de festa para uma mesa completa e harmoniosa.</p><p><strong>❤️ Garanta o seu</strong></p><p>Garanta agora <strong>Vela Pick Metalizada - Rosa Candy Color</strong> e deixe sua festa ou evento ainda mais especial!</p>",Vela pick metalizada com números decorativos. Ideal para bolos de aniversário e comemorações especiais.,,"media://products/1-32.png,media://products/2-33.png,media://products/3-33.png,media://products/4-32.png,media://products/5-33.png,media://products/6-33.png,media://products/7-33.png,media://products/8-31.png,media://products/9-26.png,media://products/10-26.png,media://products/11-21.png",,,,,,1,,Artigos de Festa,Velas,Velas de Número,,,10,,Número,3,,,
 9839198,,28607811,,,,,,,,,Vela pick metalizada para bolo com números decorativos. Ideal para aniversários e comemorações especiais.,"vela pick, vela metalizada, vela de número, vela para bolo, decoração de festa","<p><strong>✨ Descrição completa — Vela Pick Metalizada - Rosa Candy Color</strong></p><p>A <strong>Vela Pick Metalizada - Rosa Candy Color</strong> é ideal para dar um toque sofisticado e delicado à decoração do bolo.</p>
<p>Com acabamento metalizado em cores suaves e modernas, é perfeita para aniversários, festas infantis, chás e comemorações especiais.</p>
<p>Disponível em diversos números e cores, permite personalizar o bolo de forma elegante e harmoniosa.</p><h3>Características</h3><ul><li>Acabamento metalizado</li><li>Cores delicadas estilo candy color</li><li>Ideal para bolos de aniversário</li><li>Fácil de usar</li></ul><p><strong>📋 Especificações do produto</strong></p><ul><li><strong>Material:</strong> Parafina</li><li><strong>Tipo:</strong> Vela decorativa tipo pick</li><li><strong>Conteúdo da embalagem:</strong> 1 vela (número)</li></ul>
<p><strong>🚚 Frete e prazo</strong></p><p>Calcule o frete e o prazo de entrega informando seu CEP antes de finalizar a compra.</p><p><strong>💡 Dica</strong></p><p>Combine com outros artigos de festa para uma mesa completa e harmoniosa.</p><p><strong>❤️ Garanta o seu</strong></p><p>Garanta agora <strong>Vela Pick Metalizada - Rosa Candy Color</strong> e deixe sua festa ou evento ainda mais especial!</p>",Vela pick metalizada com números decorativos. Ideal para bolos de aniversário e comemorações especiais.,,"media://products/1-32.png,media://products/2-33.png,media://products/3-33.png,media://products/4-32.png,media://products/5-33.png,media://products/6-33.png,media://products/7-33.png,media://products/8-31.png,media://products/9-26.png,media://products/10-26.png,media://products/11-21.png",,,,,,1,,Artigos de Festa,Velas,Velas de Número,,,10,,Número,4,,,
 9839198,,28607812,,,,,,,,,Vela pick metalizada para bolo com números decorativos. Ideal para aniversários e comemorações especiais.,"vela pick, vela metalizada, vela de número, vela para bolo, decoração de festa","<p><strong>✨ Descrição completa — Vela Pick Metalizada - Rosa Candy Color</strong></p><p>A <strong>Vela Pick Metalizada - Rosa Candy Color</strong> é ideal para dar um toque sofisticado e delicado à decoração do bolo.</p>
<p>Com acabamento metalizado em cores suaves e modernas, é perfeita para aniversários, festas infantis, chás e comemorações especiais.</p>
<p>Disponível em diversos números e cores, permite personalizar o bolo de forma elegante e harmoniosa.</p><h3>Características</h3><ul><li>Acabamento metalizado</li><li>Cores delicadas estilo candy color</li><li>Ideal para bolos de aniversário</li><li>Fácil de usar</li></ul><p><strong>📋 Especificações do produto</strong></p><ul><li><strong>Material:</strong> Parafina</li><li><strong>Tipo:</strong> Vela decorativa tipo pick</li><li><strong>Conteúdo da embalagem:</strong> 1 vela (número)</li></ul>
<p><strong>🚚 Frete e prazo</strong></p><p>Calcule o frete e o prazo de entrega informando seu CEP antes de finalizar a compra.</p><p><strong>💡 Dica</strong></p><p>Combine com outros artigos de festa para uma mesa completa e harmoniosa.</p><p><strong>❤️ Garanta o seu</strong></p><p>Garanta agora <strong>Vela Pick Metalizada - Rosa Candy Color</strong> e deixe sua festa ou evento ainda mais especial!</p>",Vela pick metalizada com números decorativos. Ideal para bolos de aniversário e comemorações especiais.,,"media://products/1-32.png,media://products/2-33.png,media://products/3-33.png,media://products/4-32.png,media://products/5-33.png,media://products/6-33.png,media://products/7-33.png,media://products/8-31.png,media://products/9-26.png,media://products/10-26.png,media://products/11-21.png",,,,,,1,,Artigos de Festa,Velas,Velas de Número,,,10,,Número,5,,,
 9839198,,28607813,,,,,,,,,Vela pick metalizada para bolo com números decorativos. Ideal para aniversários e comemorações especiais.,"vela pick, vela metalizada, vela de número, vela para bolo, decoração de festa","<p><strong>✨ Descrição completa — Vela Pick Metalizada - Rosa Candy Color</strong></p><p>A <strong>Vela Pick Metalizada - Rosa Candy Color</strong> é ideal para dar um toque sofisticado e delicado à decoração do bolo.</p>
<p>Com acabamento metalizado em cores suaves e modernas, é perfeita para aniversários, festas infantis, chás e comemorações especiais.</p>
<p>Disponível em diversos números e cores, permite personalizar o bolo de forma elegante e harmoniosa.</p><h3>Características</h3><ul><li>Acabamento metalizado</li><li>Cores delicadas estilo candy color</li><li>Ideal para bolos de aniversário</li><li>Fácil de usar</li></ul><p><strong>📋 Especificações do produto</strong></p><ul><li><strong>Material:</strong> Parafina</li><li><strong>Tipo:</strong> Vela decorativa tipo pick</li><li><strong>Conteúdo da embalagem:</strong> 1 vela (número)</li></ul>
<p><strong>🚚 Frete e prazo</strong></p><p>Calcule o frete e o prazo de entrega informando seu CEP antes de finalizar a compra.</p><p><strong>💡 Dica</strong></p><p>Combine com outros artigos de festa para uma mesa completa e harmoniosa.</p><p><strong>❤️ Garanta o seu</strong></p><p>Garanta agora <strong>Vela Pick Metalizada - Rosa Candy Color</strong> e deixe sua festa ou evento ainda mais especial!</p>",Vela pick metalizada com números decorativos. Ideal para bolos de aniversário e comemorações especiais.,,"media://products/1-32.png,media://products/2-33.png,media://products/3-33.png,media://products/4-32.png,media://products/5-33.png,media://products/6-33.png,media://products/7-33.png,media://products/8-31.png,media://products/9-26.png,media://products/10-26.png,media://products/11-21.png",,,,,,1,,Artigos de Festa,Velas,Velas de Número,,,10,,Número,6,,,
 9839198,,28607814,,,,,,,,,Vela pick metalizada para bolo com números decorativos. Ideal para aniversários e comemorações especiais.,"vela pick, vela metalizada, vela de número, vela para bolo, decoração de festa","<p><strong>✨ Descrição completa — Vela Pick Metalizada - Rosa Candy Color</strong></p><p>A <strong>Vela Pick Metalizada - Rosa Candy Color</strong> é ideal para dar um toque sofisticado e delicado à decoração do bolo.</p>
<p>Com acabamento metalizado em cores suaves e modernas, é perfeita para aniversários, festas infantis, chás e comemorações especiais.</p>
<p>Disponível em diversos números e cores, permite personalizar o bolo de forma elegante e harmoniosa.</p><h3>Características</h3><ul><li>Acabamento metalizado</li><li>Cores delicadas estilo candy color</li><li>Ideal para bolos de aniversário</li><li>Fácil de usar</li></ul><p><strong>📋 Especificações do produto</strong></p><ul><li><strong>Material:</strong> Parafina</li><li><strong>Tipo:</strong> Vela decorativa tipo pick</li><li><strong>Conteúdo da embalagem:</strong> 1 vela (número)</li></ul>
<p><strong>🚚 Frete e prazo</strong></p><p>Calcule o frete e o prazo de entrega informando seu CEP antes de finalizar a compra.</p><p><strong>💡 Dica</strong></p><p>Combine com outros artigos de festa para uma mesa completa e harmoniosa.</p><p><strong>❤️ Garanta o seu</strong></p><p>Garanta agora <strong>Vela Pick Metalizada - Rosa Candy Color</strong> e deixe sua festa ou evento ainda mais especial!</p>",Vela pick metalizada com números decorativos. Ideal para bolos de aniversário e comemorações especiais.,,"media://products/1-32.png,media://products/2-33.png,media://products/3-33.png,media://products/4-32.png,media://products/5-33.png,media://products/6-33.png,media://products/7-33.png,media://products/8-31.png,media://products/9-26.png,media://products/10-26.png,media://products/11-21.png",,,,,,1,,Artigos de Festa,Velas,Velas de Número,,,10,,Número,7,,,
 9839198,,28607815,,,,,,,,,Vela pick metalizada para bolo com números decorativos. Ideal para aniversários e comemorações especiais.,"vela pick, vela metalizada, vela de número, vela para bolo, decoração de festa","<p><strong>✨ Descrição completa — Vela Pick Metalizada - Rosa Candy Color</strong></p><p>A <strong>Vela Pick Metalizada - Rosa Candy Color</strong> é ideal para dar um toque sofisticado e delicado à decoração do bolo.</p>
<p>Com acabamento metalizado em cores suaves e modernas, é perfeita para aniversários, festas infantis, chás e comemorações especiais.</p>
<p>Disponível em diversos números e cores, permite personalizar o bolo de forma elegante e harmoniosa.</p><h3>Características</h3><ul><li>Acabamento metalizado</li><li>Cores delicadas estilo candy color</li><li>Ideal para bolos de aniversário</li><li>Fácil de usar</li></ul><p><strong>📋 Especificações do produto</strong></p><ul><li><strong>Material:</strong> Parafina</li><li><strong>Tipo:</strong> Vela decorativa tipo pick</li><li><strong>Conteúdo da embalagem:</strong> 1 vela (número)</li></ul>
<p><strong>🚚 Frete e prazo</strong></p><p>Calcule o frete e o prazo de entrega informando seu CEP antes de finalizar a compra.</p><p><strong>💡 Dica</strong></p><p>Combine com outros artigos de festa para uma mesa completa e harmoniosa.</p><p><strong>❤️ Garanta o seu</strong></p><p>Garanta agora <strong>Vela Pick Metalizada - Rosa Candy Color</strong> e deixe sua festa ou evento ainda mais especial!</p>",Vela pick metalizada com números decorativos. Ideal para bolos de aniversário e comemorações especiais.,,"media://products/1-32.png,media://products/2-33.png,media://products/3-33.png,media://products/4-32.png,media://products/5-33.png,media://products/6-33.png,media://products/7-33.png,media://products/8-31.png,media://products/9-26.png,media://products/10-26.png,media://products/11-21.png",,,,,,1,,Artigos de Festa,Velas,Velas de Número,,,10,,Número,8,,,
 9839198,,28607816,,,,,,,,,Vela pick metalizada para bolo com números decorativos. Ideal para aniversários e comemorações especiais.,"vela pick, vela metalizada, vela de número, vela para bolo, decoração de festa","<p><strong>✨ Descrição completa — Vela Pick Metalizada - Rosa Candy Color</strong></p><p>A <strong>Vela Pick Metalizada - Rosa Candy Color</strong> é ideal para dar um toque sofisticado e delicado à decoração do bolo.</p>
<p>Com acabamento metalizado em cores suaves e modernas, é perfeita para aniversários, festas infantis, chás e comemorações especiais.</p>
<p>Disponível em diversos números e cores, permite personalizar o bolo de forma elegante e harmoniosa.</p><h3>Características</h3><ul><li>Acabamento metalizado</li><li>Cores delicadas estilo candy color</li><li>Ideal para bolos de aniversário</li><li>Fácil de usar</li></ul><p><strong>📋 Especificações do produto</strong></p><ul><li><strong>Material:</strong> Parafina</li><li><strong>Tipo:</strong> Vela decorativa tipo pick</li><li><strong>Conteúdo da embalagem:</strong> 1 vela (número)</li></ul>
<p><strong>🚚 Frete e prazo</strong></p><p>Calcule o frete e o prazo de entrega informando seu CEP antes de finalizar a compra.</p><p><strong>💡 Dica</strong></p><p>Combine com outros artigos de festa para uma mesa completa e harmoniosa.</p><p><strong>❤️ Garanta o seu</strong></p><p>Garanta agora <strong>Vela Pick Metalizada - Rosa Candy Color</strong> e deixe sua festa ou evento ainda mais especial!</p>",Vela pick metalizada com números decorativos. Ideal para bolos de aniversário e comemorações especiais.,,"media://products/1-32.png,media://products/2-33.png,media://products/3-33.png,media://products/4-32.png,media://products/5-33.png,media://products/6-33.png,media://products/7-33.png,media://products/8-31.png,media://products/9-26.png,media://products/10-26.png,media://products/11-21.png",,,,,,1,,Artigos de Festa,Velas,Velas de Número,,,10,,Número,9,,,
 9839198,,28607817,,,,,,,,,Vela pick metalizada para bolo com números decorativos. Ideal para aniversários e comemorações especiais.,"vela pick, vela metalizada, vela de número, vela para bolo, decoração de festa","<p><strong>✨ Descrição completa — Vela Pick Metalizada - Rosa Candy Color</strong></p><p>A <strong>Vela Pick Metalizada - Rosa Candy Color</strong> é ideal para dar um toque sofisticado e delicado à decoração do bolo.</p>
<p>Com acabamento metalizado em cores suaves e modernas, é perfeita para aniversários, festas infantis, chás e comemorações especiais.</p>
<p>Disponível em diversos números e cores, permite personalizar o bolo de forma elegante e harmoniosa.</p><h3>Características</h3><ul><li>Acabamento metalizado</li><li>Cores delicadas estilo candy color</li><li>Ideal para bolos de aniversário</li><li>Fácil de usar</li></ul><p><strong>📋 Especificações do produto</strong></p><ul><li><strong>Material:</strong> Parafina</li><li><strong>Tipo:</strong> Vela decorativa tipo pick</li><li><strong>Conteúdo da embalagem:</strong> 1 vela (número)</li></ul>
<p><strong>🚚 Frete e prazo</strong></p><p>Calcule o frete e o prazo de entrega informando seu CEP antes de finalizar a compra.</p><p><strong>💡 Dica</strong></p><p>Combine com outros artigos de festa para uma mesa completa e harmoniosa.</p><p><strong>❤️ Garanta o seu</strong></p><p>Garanta agora <strong>Vela Pick Metalizada - Rosa Candy Color</strong> e deixe sua festa ou evento ainda mais especial!</p>",Vela pick metalizada com números decorativos. Ideal para bolos de aniversário e comemorações especiais.,,"media://products/1-32.png,media://products/2-33.png,media://products/3-33.png,media://products/4-32.png,media://products/5-33.png,media://products/6-33.png,media://products/7-33.png,media://products/8-31.png,media://products/9-26.png,media://products/10-26.png,media://products/11-21.png",,,,,,1,,Artigos de Festa,Velas,Velas de Número,,,10,,Número,?,,,
9864154,,,,Vela Tubo - Branca,/vela-tubo-branca,"0,080",2.00,4.00,10.00,Vela Tubo Branca | Decoração Moderna,"Vela tubo branca para bolo. Ideal para decorações modernas, elegantes e minimalistas.",,"<p><strong>✨ Descrição completa — Vela Tubo - Branca</strong></p><p>A <strong>Vela Tubo Branca</strong> é uma opção moderna e diferenciada para a decoração de bolos.</p><p>Com formato tubular e acabamento branco, traz um visual limpo e elegante, ideal para festas clássicas, minimalistas ou comemorações sofisticadas.</p><p>Seu design simples valoriza o bolo sem sobrecarregar a decoração.</p><h3>Características</h3><ul><li>Formato tubular moderno</li><li>Cor branca</li><li>Visual clean e elegante</li><li>Ideal para bolos de aniversário</li></ul><p><strong>📋 Especificações do produto</strong></p><ul><li><strong>Material:</strong> Parafina</li><li><strong>Tipo:</strong> Vela decorativa tubular</li><li><strong>Cor:</strong> Branca</li><li><strong>Conteúdo da embalagem:</strong> 4 velas</li></ul>
<p><strong>🚚 Frete e prazo</strong></p><p>Calcule o frete e o prazo de entrega informando seu CEP antes de finalizar a compra.</p><p><strong>💡 Dica</strong></p><p>Combine com outros artigos de festa para uma mesa completa e harmoniosa.</p><p><strong>❤️ Garanta o seu</strong></p><p>Garanta agora <strong>Vela Tubo - Branca</strong> e deixe sua festa ou evento ainda mais especial!</p>",Vela tubo branca para bolo. Design moderno e elegante para a decoração.,,media://products/2-36.png,19.90,,,,,1,,Artigos de Festa,Velas,Velas Decorativas,,,10,,,,,,
 9864154,,28680626,,,,,,,,Vela Tubo Branca | Decoração Moderna,"Vela tubo branca para bolo. Ideal para decorações modernas, elegantes e minimalistas.",,"<p><strong>✨ Descrição completa — Vela Tubo - Branca</strong></p><p>A <strong>Vela Tubo Branca</strong> é uma opção moderna e diferenciada para a decoração de bolos.</p><p>Com formato tubular e acabamento branco, traz um visual limpo e elegante, ideal para festas clássicas, minimalistas ou comemorações sofisticadas.</p><p>Seu design simples valoriza o bolo sem sobrecarregar a decoração.</p><h3>Características</h3><ul><li>Formato tubular moderno</li><li>Cor branca</li><li>Visual clean e elegante</li><li>Ideal para bolos de aniversário</li></ul><p><strong>📋 Especificações do produto</strong></p><ul><li><strong>Material:</strong> Parafina</li><li><strong>Tipo:</strong> Vela decorativa tubular</li><li><strong>Cor:</strong> Branca</li><li><strong>Conteúdo da embalagem:</strong> 4 velas</li></ul>
<p><strong>🚚 Frete e prazo</strong></p><p>Calcule o frete e o prazo de entrega informando seu CEP antes de finalizar a compra.</p><p><strong>💡 Dica</strong></p><p>Combine com outros artigos de festa para uma mesa completa e harmoniosa.</p><p><strong>❤️ Garanta o seu</strong></p><p>Garanta agora <strong>Vela Tubo - Branca</strong> e deixe sua festa ou evento ainda mais especial!</p>",Vela tubo branca para bolo. Design moderno e elegante para a decoração.,,media://products/2-36.png,,,,,,1,,Artigos de Festa,Velas,Velas Decorativas,,,10,,,,,,
9864144,,,,Vela Vulcão Chama Branca,/vela-vulcao-chama-branca,"0,080",3.00,3.00,12.00,Vela Vulcão Chama Branca | Efeito Especial,Vela vulcão com chama branca para bolo. Crie um efeito especial em aniversários e comemorações.,,"<p><strong>✨ Descrição completa — Vela Vulcão Chama Branca</strong></p><p>A <strong>Vela Vulcão Chama Branca</strong> é ideal para criar um efeito especial e surpreendente na decoração do bolo.</p>
<p>Ao ser acesa, produz uma chama intensa e diferenciada, perfeita para destacar momentos especiais como aniversários e comemorações.</p>
<p>É uma ótima escolha para quem busca um efeito visual marcante e inovador.</p><h3>Características</h3><ul><li>Efeito vulcão com chama branca</li><li>Destaque especial na decoração do bolo</li><li>Ideal para aniversários e comemorações</li><li>Uso decorativo</li></ul><p><strong>📋 Especificações do produto</strong></p><ul><li><strong>Material:</strong> Parafina</li><li><strong>Tipo:</strong> Vela decorativa especial</li><li><strong>Conteúdo da embalagem:</strong> 1 vela</li></ul>
<p><strong>🚚 Frete e prazo</strong></p><p>Calcule o frete e o prazo de entrega informando seu CEP antes de finalizar a compra.</p><p><strong>💡 Dica</strong></p><p>Combine com outros artigos de festa para uma mesa completa e harmoniosa.</p><p><strong>❤️ Garanta o seu</strong></p><p>Garanta agora <strong>Vela Vulcão Chama Branca</strong> e deixe sua festa ou evento ainda mais especial!</p>",Vela vulcão com chama branca. Ideal para criar um efeito especial no bolo.,,media://products/6-36.png,14.90,,,,,1,,Artigos de Festa,Velas,Velas Decorativas,,,10,,,,,,
 9864144,,28680601,,,,,,,,Vela Vulcão Chama Branca | Efeito Especial,Vela vulcão com chama branca para bolo. Crie um efeito especial em aniversários e comemorações.,,"<p><strong>✨ Descrição completa — Vela Vulcão Chama Branca</strong></p><p>A <strong>Vela Vulcão Chama Branca</strong> é ideal para criar um efeito especial e surpreendente na decoração do bolo.</p>
<p>Ao ser acesa, produz uma chama intensa e diferenciada, perfeita para destacar momentos especiais como aniversários e comemorações.</p>
<p>É uma ótima escolha para quem busca um efeito visual marcante e inovador.</p><h3>Características</h3><ul><li>Efeito vulcão com chama branca</li><li>Destaque especial na decoração do bolo</li><li>Ideal para aniversários e comemorações</li><li>Uso decorativo</li></ul><p><strong>📋 Especificações do produto</strong></p><ul><li><strong>Material:</strong> Parafina</li><li><strong>Tipo:</strong> Vela decorativa especial</li><li><strong>Conteúdo da embalagem:</strong> 1 vela</li></ul>
<p><strong>🚚 Frete e prazo</strong></p><p>Calcule o frete e o prazo de entrega informando seu CEP antes de finalizar a compra.</p><p><strong>💡 Dica</strong></p><p>Combine com outros artigos de festa para uma mesa completa e harmoniosa.</p><p><strong>❤️ Garanta o seu</strong></p><p>Garanta agora <strong>Vela Vulcão Chama Branca</strong> e deixe sua festa ou evento ainda mais especial!</p>",Vela vulcão com chama branca. Ideal para criar um efeito especial no bolo.,,media://products/6-36.png,,,,,,1,,Artigos de Festa,Velas,Velas Decorativas,,,10,,,,,,
