product_id,product_external_id,variation_id,variation_external_id,name,url,weight,depth,width,height,meta_title,meta_description,meta_keywords,description,short_description,ncm,images,price,price_compare,model,gender,age_group,active,brand,category_1,category_2,category_3,gtin,mpn,stock,color,first_attribute_group,first_attribute_value,second_attribute_group,second_attribute_value,sku
9814477,,,,Boleira Desmontável G 28x22cm – Sustentável e Reutilizável,/boleira-desmontavel-g-28x22cm-sustentavel-e-reutilizavel,"0,190",6.00,22.00,28.00,,,,"<p>A <strong>Boleira Desmontável G 28x22cm</strong> foi desenvolvida para quem precisa de mais espaço e robustez na apresentação de bolos grandes. Seu design desmontável facilita o transporte e o armazenamento, sem abrir mão da estabilidade.</p>
<p>Produzida em <strong>papelão paraná reciclado</strong>, é uma escolha sustentável e funcional para confeiteiros profissionais e eventos especiais.</p>
<h3>Benefícios</h3>
<ul>
<li>
<p>Ideal para bolos grandes</p>
</li>
<li>
<p><strong>Estrutura reforçada</strong></p>
</li>
<li>
<p><strong>Reutilizável e fácil de limpar</strong></p>
</li>
<li>
<p><strong>Desmontável</strong>, prática para armazenar</p>
</li>
<li>
<p>Opção <strong>ecológica e moderna</strong></p>
</li>
</ul>
<h3>Especificações</h3>
<ul>
<li>
<p><strong>Tamanho:</strong> 28 x 22 cm (Grande)</p>
</li>
<li>
<p><strong>Material:</strong> Papelão paraná 100% reciclado</p>
</li>
<li>
<p><strong>Acabamento:</strong> Película protetora</p>
</li>
<li>
<p><strong>Formato:</strong> Desmontável</p>
</li>
<li>
<p><strong>Conteúdo:</strong> 1 unidade</p>
</li>
</ul>
<h3>Variação</h3>
<ul>
<li>
<p>Cor</p></li></ul>","Boleira desmontável grande, ideal para bolos maiores. Resistente, reutilizável e ecológica.",,"media://products/1-9.png,media://products/2-10.png,media://products/3-10.png,media://products/4-9.png,media://products/5-10.png,media://products/6-11.png,media://products/7-11.png,media://products/8-9.png,media://products/9-4.png,media://products/10-4.png",31.90,,,,,1,Silver Plastic,Boleiras,Decoração,,,,10,,,,,,
 9814477,,28536634,,,,,,,,,,,"<p>A <strong>Boleira Desmontável G 28x22cm</strong> foi desenvolvida para quem precisa de mais espaço e robustez na apresentação de bolos grandes. Seu design desmontável facilita o transporte e o armazenamento, sem abrir mão da estabilidade.</p>
<p>Produzida em <strong>papelão paraná reciclado</strong>, é uma escolha sustentável e funcional para confeiteiros profissionais e eventos especiais.</p>
<h3>Benefícios</h3>
<ul>
<li>
<p>Ideal para bolos grandes</p>
</li>
<li>
<p><strong>Estrutura reforçada</strong></p>
</li>
<li>
<p><strong>Reutilizável e fácil de limpar</strong></p>
</li>
<li>
<p><strong>Desmontável</strong>, prática para armazenar</p>
</li>
<li>
<p>Opção <strong>ecológica e moderna</strong></p>
</li>
</ul>
<h3>Especificações</h3>
<ul>
<li>
<p><strong>Tamanho:</strong> 28 x 22 cm (Grande)</p>
</li>
<li>
<p><strong>Material:</strong> Papelão paraná 100% reciclado</p>
</li>
<li>
<p><strong>Acabamento:</strong> Película protetora</p>
</li>
<li>
<p><strong>Formato:</strong> Desmontável</p>
</li>
<li>
<p><strong>Conteúdo:</strong> 1 unidade</p>
</li>
</ul>
<h3>Variação</h3>
<ul>
<li>
<p>Cor</p></li></ul>","Boleira desmontável grande, ideal para bolos maiores. Resistente, reutilizável e ecológica.",,"media://products/1-9.png,media://products/2-10.png,media://products/3-10.png,media://products/4-9.png,media://products/5-10.png,media://products/6-11.png,media://products/7-11.png,media://products/8-9.png,media://products/9-4.png,media://products/10-4.png",,,,,,1,,Boleiras,Decoração,,,,10,Azul,,,,,
 9814477,,28536635,,,,,,,,,,,"<p>A <strong>Boleira Desmontável G 28x22cm</strong> foi desenvolvida para quem precisa de mais espaço e robustez na apresentação de bolos grandes. Seu design desmontável facilita o transporte e o armazenamento, sem abrir mão da estabilidade.</p>
<p>Produzida em <strong>papelão paraná reciclado</strong>, é uma escolha sustentável e funcional para confeiteiros profissionais e eventos especiais.</p>
<h3>Benefícios</h3>
<ul>
<li>
<p>Ideal para bolos grandes</p>
</li>
<li>
<p><strong>Estrutura reforçada</strong></p>
</li>
<li>
<p><strong>Reutilizável e fácil de limpar</strong></p>
</li>
<li>
<p><strong>Desmontável</strong>, prática para armazenar</p>
</li>
<li>
<p>Opção <strong>ecológica e moderna</strong></p>
</li>
</ul>
<h3>Especificações</h3>
<ul>
<li>
<p><strong>Tamanho:</strong> 28 x 22 cm (Grande)</p>
</li>
<li>
<p><strong>Material:</strong> Papelão paraná 100% reciclado</p>
</li>
<li>
<p><strong>Acabamento:</strong> Película protetora</p>
</li>
<li>
<p><strong>Formato:</strong> Desmontável</p>
</li>
<li>
<p><strong>Conteúdo:</strong> 1 unidade</p>
</li>
</ul>
<h3>Variação</h3>
<ul>
<li>
<p>Cor</p></li></ul>","Boleira desmontável grande, ideal para bolos maiores. Resistente, reutilizável e ecológica.",,"media://products/1-9.png,media://products/2-10.png,media://products/3-10.png,media://products/4-9.png,media://products/5-10.png,media://products/6-11.png,media://products/7-11.png,media://products/8-9.png,media://products/9-4.png,media://products/10-4.png",,,,,,1,,Boleiras,Decoração,,,,10,Azul Bebê,,,,,
 9814477,,28536636,,,,,,,,,,,"<p>A <strong>Boleira Desmontável G 28x22cm</strong> foi desenvolvida para quem precisa de mais espaço e robustez na apresentação de bolos grandes. Seu design desmontável facilita o transporte e o armazenamento, sem abrir mão da estabilidade.</p>
<p>Produzida em <strong>papelão paraná reciclado</strong>, é uma escolha sustentável e funcional para confeiteiros profissionais e eventos especiais.</p>
<h3>Benefícios</h3>
<ul>
<li>
<p>Ideal para bolos grandes</p>
</li>
<li>
<p><strong>Estrutura reforçada</strong></p>
</li>
<li>
<p><strong>Reutilizável e fácil de limpar</strong></p>
</li>
<li>
<p><strong>Desmontável</strong>, prática para armazenar</p>
</li>
<li>
<p>Opção <strong>ecológica e moderna</strong></p>
</li>
</ul>
<h3>Especificações</h3>
<ul>
<li>
<p><strong>Tamanho:</strong> 28 x 22 cm (Grande)</p>
</li>
<li>
<p><strong>Material:</strong> Papelão paraná 100% reciclado</p>
</li>
<li>
<p><strong>Acabamento:</strong> Película protetora</p>
</li>
<li>
<p><strong>Formato:</strong> Desmontável</p>
</li>
<li>
<p><strong>Conteúdo:</strong> 1 unidade</p>
</li>
</ul>
<h3>Variação</h3>
<ul>
<li>
<p>Cor</p></li></ul>","Boleira desmontável grande, ideal para bolos maiores. Resistente, reutilizável e ecológica.",,"media://products/1-9.png,media://products/2-10.png,media://products/3-10.png,media://products/4-9.png,media://products/5-10.png,media://products/6-11.png,media://products/7-11.png,media://products/8-9.png,media://products/9-4.png,media://products/10-4.png",,,,,,1,,Boleiras,Decoração,,,,10,Branco,,,,,
 9814477,,28536637,,,,,,,,,,,"<p>A <strong>Boleira Desmontável G 28x22cm</strong> foi desenvolvida para quem precisa de mais espaço e robustez na apresentação de bolos grandes. Seu design desmontável facilita o transporte e o armazenamento, sem abrir mão da estabilidade.</p>
<p>Produzida em <strong>papelão paraná reciclado</strong>, é uma escolha sustentável e funcional para confeiteiros profissionais e eventos especiais.</p>
<h3>Benefícios</h3>
<ul>
<li>
<p>Ideal para bolos grandes</p>
</li>
<li>
<p><strong>Estrutura reforçada</strong></p>
</li>
<li>
<p><strong>Reutilizável e fácil de limpar</strong></p>
</li>
<li>
<p><strong>Desmontável</strong>, prática para armazenar</p>
</li>
<li>
<p>Opção <strong>ecológica e moderna</strong></p>
</li>
</ul>
<h3>Especificações</h3>
<ul>
<li>
<p><strong>Tamanho:</strong> 28 x 22 cm (Grande)</p>
</li>
<li>
<p><strong>Material:</strong> Papelão paraná 100% reciclado</p>
</li>
<li>
<p><strong>Acabamento:</strong> Película protetora</p>
</li>
<li>
<p><strong>Formato:</strong> Desmontável</p>
</li>
<li>
<p><strong>Conteúdo:</strong> 1 unidade</p>
</li>
</ul>
<h3>Variação</h3>
<ul>
<li>
<p>Cor</p></li></ul>","Boleira desmontável grande, ideal para bolos maiores. Resistente, reutilizável e ecológica.",,"media://products/1-9.png,media://products/2-10.png,media://products/3-10.png,media://products/4-9.png,media://products/5-10.png,media://products/6-11.png,media://products/7-11.png,media://products/8-9.png,media://products/9-4.png,media://products/10-4.png",,,,,,1,,Boleiras,Decoração,,,,10,Dourado,,,,,
 9814477,,28536638,,,,,,,,,,,"<p>A <strong>Boleira Desmontável G 28x22cm</strong> foi desenvolvida para quem precisa de mais espaço e robustez na apresentação de bolos grandes. Seu design desmontável facilita o transporte e o armazenamento, sem abrir mão da estabilidade.</p>
<p>Produzida em <strong>papelão paraná reciclado</strong>, é uma escolha sustentável e funcional para confeiteiros profissionais e eventos especiais.</p>
<h3>Benefícios</h3>
<ul>
<li>
<p>Ideal para bolos grandes</p>
</li>
<li>
<p><strong>Estrutura reforçada</strong></p>
</li>
<li>
<p><strong>Reutilizável e fácil de limpar</strong></p>
</li>
<li>
<p><strong>Desmontável</strong>, prática para armazenar</p>
</li>
<li>
<p>Opção <strong>ecológica e moderna</strong></p>
</li>
</ul>
<h3>Especificações</h3>
<ul>
<li>
<p><strong>Tamanho:</strong> 28 x 22 cm (Grande)</p>
</li>
<li>
<p><strong>Material:</strong> Papelão paraná 100% reciclado</p>
</li>
<li>
<p><strong>Acabamento:</strong> Película protetora</p>
</li>
<li>
<p><strong>Formato:</strong> Desmontável</p>
</li>
<li>
<p><strong>Conteúdo:</strong> 1 unidade</p>
</li>
</ul>
<h3>Variação</h3>
<ul>
<li>
<p>Cor</p></li></ul>","Boleira desmontável grande, ideal para bolos maiores. Resistente, reutilizável e ecológica.",,"media://products/1-9.png,media://products/2-10.png,media://products/3-10.png,media://products/4-9.png,media://products/5-10.png,media://products/6-11.png,media://products/7-11.png,media://products/8-9.png,media://products/9-4.png,media://products/10-4.png",,,,,,1,,Boleiras,Decoração,,,,10,Furta-cor,,,,,
 9814477,,28536639,,,,,,,,,,,"<p>A <strong>Boleira Desmontável G 28x22cm</strong> foi desenvolvida para quem precisa de mais espaço e robustez na apresentação de bolos grandes. Seu design desmontável facilita o transporte e o armazenamento, sem abrir mão da estabilidade.</p>
<p>Produzida em <strong>papelão paraná reciclado</strong>, é uma escolha sustentável e funcional para confeiteiros profissionais e eventos especiais.</p>
<h3>Benefícios</h3>
<ul>
<li>
<p>Ideal para bolos grandes</p>
</li>
<li>
<p><strong>Estrutura reforçada</strong></p>
</li>
<li>
<p><strong>Reutilizável e fácil de limpar</strong></p>
</li>
<li>
<p><strong>Desmontável</strong>, prática para armazenar</p>
</li>
<li>
<p>Opção <strong>ecológica e moderna</strong></p>
</li>
</ul>
<h3>Especificações</h3>
<ul>
<li>
<p><strong>Tamanho:</strong> 28 x 22 cm (Grande)</p>
</li>
<li>
<p><strong>Material:</strong> Papelão paraná 100% reciclado</p>
</li>
<li>
<p><strong>Acabamento:</strong> Película protetora</p>
</li>
<li>
<p><strong>Formato:</strong> Desmontável</p>
</li>
<li>
<p><strong>Conteúdo:</strong> 1 unidade</p>
</li>
</ul>
<h3>Variação</h3>
<ul>
<li>
<p>Cor</p></li></ul>","Boleira desmontável grande, ideal para bolos maiores. Resistente, reutilizável e ecológica.",,"media://products/1-9.png,media://products/2-10.png,media://products/3-10.png,media://products/4-9.png,media://products/5-10.png,media://products/6-11.png,media://products/7-11.png,media://products/8-9.png,media://products/9-4.png,media://products/10-4.png",,,,,,1,,Boleiras,Decoração,,,,10,Prata,,,,,
 9814477,,28536640,,,,,,,,,,,"<p>A <strong>Boleira Desmontável G 28x22cm</strong> foi desenvolvida para quem precisa de mais espaço e robustez na apresentação de bolos grandes. Seu design desmontável facilita o transporte e o armazenamento, sem abrir mão da estabilidade.</p>
<p>Produzida em <strong>papelão paraná reciclado</strong>, é uma escolha sustentável e funcional para confeiteiros profissionais e eventos especiais.</p>
<h3>Benefícios</h3>
<ul>
<li>
<p>Ideal para bolos grandes</p>
</li>
<li>
<p><strong>Estrutura reforçada</strong></p>
</li>
<li>
<p><strong>Reutilizável e fácil de limpar</strong></p>
</li>
<li>
<p><strong>Desmontável</strong>, prática para armazenar</p>
</li>
<li>
<p>Opção <strong>ecológica e moderna</strong></p>
</li>
</ul>
<h3>Especificações</h3>
<ul>
<li>
<p><strong>Tamanho:</strong> 28 x 22 cm (Grande)</p>
</li>
<li>
<p><strong>Material:</strong> Papelão paraná 100% reciclado</p>
</li>
<li>
<p><strong>Acabamento:</strong> Película protetora</p>
</li>
<li>
<p><strong>Formato:</strong> Desmontável</p>
</li>
<li>
<p><strong>Conteúdo:</strong> 1 unidade</p>
</li>
</ul>
<h3>Variação</h3>
<ul>
<li>
<p>Cor</p></li></ul>","Boleira desmontável grande, ideal para bolos maiores. Resistente, reutilizável e ecológica.",,"media://products/1-9.png,media://products/2-10.png,media://products/3-10.png,media://products/4-9.png,media://products/5-10.png,media://products/6-11.png,media://products/7-11.png,media://products/8-9.png,media://products/9-4.png,media://products/10-4.png",,,,,,1,,Boleiras,Decoração,,,,10,Preto,,,,,
 9814477,,28536641,,,,,,,,,,,"<p>A <strong>Boleira Desmontável G 28x22cm</strong> foi desenvolvida para quem precisa de mais espaço e robustez na apresentação de bolos grandes. Seu design desmontável facilita o transporte e o armazenamento, sem abrir mão da estabilidade.</p>
<p>Produzida em <strong>papelão paraná reciclado</strong>, é uma escolha sustentável e funcional para confeiteiros profissionais e eventos especiais.</p>
<h3>Benefícios</h3>
<ul>
<li>
<p>Ideal para bolos grandes</p>
</li>
<li>
<p><strong>Estrutura reforçada</strong></p>
</li>
<li>
<p><strong>Reutilizável e fácil de limpar</strong></p>
</li>
<li>
<p><strong>Desmontável</strong>, prática para armazenar</p>
</li>
<li>
<p>Opção <strong>ecológica e moderna</strong></p>
</li>
</ul>
<h3>Especificações</h3>
<ul>
<li>
<p><strong>Tamanho:</strong> 28 x 22 cm (Grande)</p>
</li>
<li>
<p><strong>Material:</strong> Papelão paraná 100% reciclado</p>
</li>
<li>
<p><strong>Acabamento:</strong> Película protetora</p>
</li>
<li>
<p><strong>Formato:</strong> Desmontável</p>
</li>
<li>
<p><strong>Conteúdo:</strong> 1 unidade</p>
</li>
</ul>
<h3>Variação</h3>
<ul>
<li>
<p>Cor</p></li></ul>","Boleira desmontável grande, ideal para bolos maiores. Resistente, reutilizável e ecológica.",,"media://products/1-9.png,media://products/2-10.png,media://products/3-10.png,media://products/4-9.png,media://products/5-10.png,media://products/6-11.png,media://products/7-11.png,media://products/8-9.png,media://products/9-4.png,media://products/10-4.png",,,,,,1,,Boleiras,Decoração,,,,10,Rosa Bebê,,,,,
 9814477,,28536642,,,,,,,,,,,"<p>A <strong>Boleira Desmontável G 28x22cm</strong> foi desenvolvida para quem precisa de mais espaço e robustez na apresentação de bolos grandes. Seu design desmontável facilita o transporte e o armazenamento, sem abrir mão da estabilidade.</p>
<p>Produzida em <strong>papelão paraná reciclado</strong>, é uma escolha sustentável e funcional para confeiteiros profissionais e eventos especiais.</p>
<h3>Benefícios</h3>
<ul>
<li>
<p>Ideal para bolos grandes</p>
</li>
<li>
<p><strong>Estrutura reforçada</strong></p>
</li>
<li>
<p><strong>Reutilizável e fácil de limpar</strong></p>
</li>
<li>
<p><strong>Desmontável</strong>, prática para armazenar</p>
</li>
<li>
<p>Opção <strong>ecológica e moderna</strong></p>
</li>
</ul>
<h3>Especificações</h3>
<ul>
<li>
<p><strong>Tamanho:</strong> 28 x 22 cm (Grande)</p>
</li>
<li>
<p><strong>Material:</strong> Papelão paraná 100% reciclado</p>
</li>
<li>
<p><strong>Acabamento:</strong> Película protetora</p>
</li>
<li>
<p><strong>Formato:</strong> Desmontável</p>
</li>
<li>
<p><strong>Conteúdo:</strong> 1 unidade</p>
</li>
</ul>
<h3>Variação</h3>
<ul>
<li>
<p>Cor</p></li></ul>","Boleira desmontável grande, ideal para bolos maiores. Resistente, reutilizável e ecológica.",,"media://products/1-9.png,media://products/2-10.png,media://products/3-10.png,media://products/4-9.png,media://products/5-10.png,media://products/6-11.png,media://products/7-11.png,media://products/8-9.png,media://products/9-4.png,media://products/10-4.png",,,,,,1,,Boleiras,Decoração,,,,10,Rosa Pink,,,,,
 9814477,,28536643,,,,,,,,,,,"<p>A <strong>Boleira Desmontável G 28x22cm</strong> foi desenvolvida para quem precisa de mais espaço e robustez na apresentação de bolos grandes. Seu design desmontável facilita o transporte e o armazenamento, sem abrir mão da estabilidade.</p>
<p>Produzida em <strong>papelão paraná reciclado</strong>, é uma escolha sustentável e funcional para confeiteiros profissionais e eventos especiais.</p>
<h3>Benefícios</h3>
<ul>
<li>
<p>Ideal para bolos grandes</p>
</li>
<li>
<p><strong>Estrutura reforçada</strong></p>
</li>
<li>
<p><strong>Reutilizável e fácil de limpar</strong></p>
</li>
<li>
<p><strong>Desmontável</strong>, prática para armazenar</p>
</li>
<li>
<p>Opção <strong>ecológica e moderna</strong></p>
</li>
</ul>
<h3>Especificações</h3>
<ul>
<li>
<p><strong>Tamanho:</strong> 28 x 22 cm (Grande)</p>
</li>
<li>
<p><strong>Material:</strong> Papelão paraná 100% reciclado</p>
</li>
<li>
<p><strong>Acabamento:</strong> Película protetora</p>
</li>
<li>
<p><strong>Formato:</strong> Desmontável</p>
</li>
<li>
<p><strong>Conteúdo:</strong> 1 unidade</p>
</li>
</ul>
<h3>Variação</h3>
<ul>
<li>
<p>Cor</p></li></ul>","Boleira desmontável grande, ideal para bolos maiores. Resistente, reutilizável e ecológica.",,"media://products/1-9.png,media://products/2-10.png,media://products/3-10.png,media://products/4-9.png,media://products/5-10.png,media://products/6-11.png,media://products/7-11.png,media://products/8-9.png,media://products/9-4.png,media://products/10-4.png",,,,,,1,,Boleiras,Decoração,,,,10,Vermelho,,,,,
9814449,,,,Boleira Desmontável M 20x16cm – Sustentável e Reutilizável,/boleira-desmontavel-m-20x16cm-sustentavel-e-reutilizavel,"0,190",6.00,16.00,20.00,,,,"<p>A <strong>Boleira Desmontável M 20x16cm</strong> é a opção mais versátil da linha. Ideal para bolos médios, ela une <strong>resistência, praticidade e consciência ambiental</strong>, sendo perfeita para festas, eventos e vitrines.</p>
<p>Fabricada em <strong>papelão paraná 100% reciclado</strong>, possui <strong>película protetora de fácil higienização</strong> e suporta bolos de até <strong>5kg</strong>, garantindo segurança no transporte e uma apresentação impecável.</p>
<h3>Benefícios</h3>
<ul>
<li>
<p>Ideal para bolos médios</p>
</li>
<li>
<p><strong>Alta resistência</strong> (até 5kg)</p>
</li>
<li>
<p><strong>Montagem e desmontagem rápidas</strong></p>
</li>
<li>
<p><strong>Reutilizável e sustentável</strong></p>
</li>
<li>
<p>Visual moderno e elegante</p>
</li>
</ul>
<h3>Especificações</h3>
<ul>
<li>
<p><strong>Tamanho:</strong> 20 x 16 cm (Média)</p>
</li>
<li>
<p><strong>Material:</strong> Papelão paraná 100% reciclado</p>
</li>
<li>
<p><strong>Acabamento:</strong> Película protetora lavável</p>
</li>
<li>
<p><strong>Formato:</strong> Desmontável</p>
</li>
<li>
<p><strong>Conteúdo:</strong> 1 unidade</p>
</li>
</ul>
<h3>Variação</h3>
<ul>
<li>
<p>Cor</p>
</li>
</ul>","Boleira desmontável média, resistente e sustentável. Ideal para bolos médios, com fácil montagem e reutilização.",,"media://products/1-10.png,media://products/2-11.png,media://products/3-11.png,media://products/4-10.png,media://products/5-11.png,media://products/6-12.png,media://products/7-12.png,media://products/8-10.png,media://products/9-5.png,media://products/10-5.png",26.90,,,,,1,Silver Plastic,Boleiras,Decoração,,,,10,,,,,,
 9814449,,28536512,,,,,,,,,,,"<p>A <strong>Boleira Desmontável M 20x16cm</strong> é a opção mais versátil da linha. Ideal para bolos médios, ela une <strong>resistência, praticidade e consciência ambiental</strong>, sendo perfeita para festas, eventos e vitrines.</p>
<p>Fabricada em <strong>papelão paraná 100% reciclado</strong>, possui <strong>película protetora de fácil higienização</strong> e suporta bolos de até <strong>5kg</strong>, garantindo segurança no transporte e uma apresentação impecável.</p>
<h3>Benefícios</h3>
<ul>
<li>
<p>Ideal para bolos médios</p>
</li>
<li>
<p><strong>Alta resistência</strong> (até 5kg)</p>
</li>
<li>
<p><strong>Montagem e desmontagem rápidas</strong></p>
</li>
<li>
<p><strong>Reutilizável e sustentável</strong></p>
</li>
<li>
<p>Visual moderno e elegante</p>
</li>
</ul>
<h3>Especificações</h3>
<ul>
<li>
<p><strong>Tamanho:</strong> 20 x 16 cm (Média)</p>
</li>
<li>
<p><strong>Material:</strong> Papelão paraná 100% reciclado</p>
</li>
<li>
<p><strong>Acabamento:</strong> Película protetora lavável</p>
</li>
<li>
<p><strong>Formato:</strong> Desmontável</p>
</li>
<li>
<p><strong>Conteúdo:</strong> 1 unidade</p>
</li>
</ul>
<h3>Variação</h3>
<ul>
<li>
<p>Cor</p>
</li>
</ul>","Boleira desmontável média, resistente e sustentável. Ideal para bolos médios, com fácil montagem e reutilização.",,"media://products/1-10.png,media://products/2-11.png,media://products/3-11.png,media://products/4-10.png,media://products/5-11.png,media://products/6-12.png,media://products/7-12.png,media://products/8-10.png,media://products/9-5.png,media://products/10-5.png",,,,,,1,,Boleiras,Decoração,,,,10,Azul,,,,,BOL-AZ-1
 9814449,,28536596,,,,,,,,,,,"<p>A <strong>Boleira Desmontável M 20x16cm</strong> é a opção mais versátil da linha. Ideal para bolos médios, ela une <strong>resistência, praticidade e consciência ambiental</strong>, sendo perfeita para festas, eventos e vitrines.</p>
<p>Fabricada em <strong>papelão paraná 100% reciclado</strong>, possui <strong>película protetora de fácil higienização</strong> e suporta bolos de até <strong>5kg</strong>, garantindo segurança no transporte e uma apresentação impecável.</p>
<h3>Benefícios</h3>
<ul>
<li>
<p>Ideal para bolos médios</p>
</li>
<li>
<p><strong>Alta resistência</strong> (até 5kg)</p>
</li>
<li>
<p><strong>Montagem e desmontagem rápidas</strong></p>
</li>
<li>
<p><strong>Reutilizável e sustentável</strong></p>
</li>
<li>
<p>Visual moderno e elegante</p>
</li>
</ul>
<h3>Especificações</h3>
<ul>
<li>
<p><strong>Tamanho:</strong> 20 x 16 cm (Média)</p>
</li>
<li>
<p><strong>Material:</strong> Papelão paraná 100% reciclado</p>
</li>
<li>
<p><strong>Acabamento:</strong> Película protetora lavável</p>
</li>
<li>
<p><strong>Formato:</strong> Desmontável</p>
</li>
<li>
<p><strong>Conteúdo:</strong> 1 unidade</p>
</li>
</ul>
<h3>Variação</h3>
<ul>
<li>
<p>Cor</p>
</li>
</ul>","Boleira desmontável média, resistente e sustentável. Ideal para bolos médios, com fácil montagem e reutilização.",,"media://products/1-10.png,media://products/2-11.png,media://products/3-11.png,media://products/4-10.png,media://products/5-11.png,media://products/6-12.png,media://products/7-12.png,media://products/8-10.png,media://products/9-5.png,media://products/10-5.png",,,,,,1,,Boleiras,Decoração,,,,10,Azul Bebê,,,,,BOL-AB-1
 9814449,,28536597,,,,,,,,,,,"<p>A <strong>Boleira Desmontável M 20x16cm</strong> é a opção mais versátil da linha. Ideal para bolos médios, ela une <strong>resistência, praticidade e consciência ambiental</strong>, sendo perfeita para festas, eventos e vitrines.</p>
<p>Fabricada em <strong>papelão paraná 100% reciclado</strong>, possui <strong>película protetora de fácil higienização</strong> e suporta bolos de até <strong>5kg</strong>, garantindo segurança no transporte e uma apresentação impecável.</p>
<h3>Benefícios</h3>
<ul>
<li>
<p>Ideal para bolos médios</p>
</li>
<li>
<p><strong>Alta resistência</strong> (até 5kg)</p>
</li>
<li>
<p><strong>Montagem e desmontagem rápidas</strong></p>
</li>
<li>
<p><strong>Reutilizável e sustentável</strong></p>
</li>
<li>
<p>Visual moderno e elegante</p>
</li>
</ul>
<h3>Especificações</h3>
<ul>
<li>
<p><strong>Tamanho:</strong> 20 x 16 cm (Média)</p>
</li>
<li>
<p><strong>Material:</strong> Papelão paraná 100% reciclado</p>
</li>
<li>
<p><strong>Acabamento:</strong> Película protetora lavável</p>
</li>
<li>
<p><strong>Formato:</strong> Desmontável</p>
</li>
<li>
<p><strong>Conteúdo:</strong> 1 unidade</p>
</li>
</ul>
<h3>Variação</h3>
<ul>
<li>
<p>Cor</p>
</li>
</ul>","Boleira desmontável média, resistente e sustentável. Ideal para bolos médios, com fácil montagem e reutilização.",,"media://products/1-10.png,media://products/2-11.png,media://products/3-11.png,media://products/4-10.png,media://products/5-11.png,media://products/6-12.png,media://products/7-12.png,media://products/8-10.png,media://products/9-5.png,media://products/10-5.png",,,,,,1,,Boleiras,Decoração,,,,10,Branco,,,,,BOL-BR-1
 9814449,,28536598,,,,,,,,,,,"<p>A <strong>Boleira Desmontável M 20x16cm</strong> é a opção mais versátil da linha. Ideal para bolos médios, ela une <strong>resistência, praticidade e consciência ambiental</strong>, sendo perfeita para festas, eventos e vitrines.</p>
<p>Fabricada em <strong>papelão paraná 100% reciclado</strong>, possui <strong>película protetora de fácil higienização</strong> e suporta bolos de até <strong>5kg</strong>, garantindo segurança no transporte e uma apresentação impecável.</p>
<h3>Benefícios</h3>
<ul>
<li>
<p>Ideal para bolos médios</p>
</li>
<li>
<p><strong>Alta resistência</strong> (até 5kg)</p>
</li>
<li>
<p><strong>Montagem e desmontagem rápidas</strong></p>
</li>
<li>
<p><strong>Reutilizável e sustentável</strong></p>
</li>
<li>
<p>Visual moderno e elegante</p>
</li>
</ul>
<h3>Especificações</h3>
<ul>
<li>
<p><strong>Tamanho:</strong> 20 x 16 cm (Média)</p>
</li>
<li>
<p><strong>Material:</strong> Papelão paraná 100% reciclado</p>
</li>
<li>
<p><strong>Acabamento:</strong> Película protetora lavável</p>
</li>
<li>
<p><strong>Formato:</strong> Desmontável</p>
</li>
<li>
<p><strong>Conteúdo:</strong> 1 unidade</p>
</li>
</ul>
<h3>Variação</h3>
<ul>
<li>
<p>Cor</p>
</li>
</ul>","Boleira desmontável média, resistente e sustentável. Ideal para bolos médios, com fácil montagem e reutilização.",,"media://products/1-10.png,media://products/2-11.png,media://products/3-11.png,media://products/4-10.png,media://products/5-11.png,media://products/6-12.png,media://products/7-12.png,media://products/8-10.png,media://products/9-5.png,media://products/10-5.png",,,,,,1,,Boleiras,Decoração,,,,10,Dourado,,,,,BOL-DD-1
 9814449,,28536599,,,,,,,,,,,"<p>A <strong>Boleira Desmontável M 20x16cm</strong> é a opção mais versátil da linha. Ideal para bolos médios, ela une <strong>resistência, praticidade e consciência ambiental</strong>, sendo perfeita para festas, eventos e vitrines.</p>
<p>Fabricada em <strong>papelão paraná 100% reciclado</strong>, possui <strong>película protetora de fácil higienização</strong> e suporta bolos de até <strong>5kg</strong>, garantindo segurança no transporte e uma apresentação impecável.</p>
<h3>Benefícios</h3>
<ul>
<li>
<p>Ideal para bolos médios</p>
</li>
<li>
<p><strong>Alta resistência</strong> (até 5kg)</p>
</li>
<li>
<p><strong>Montagem e desmontagem rápidas</strong></p>
</li>
<li>
<p><strong>Reutilizável e sustentável</strong></p>
</li>
<li>
<p>Visual moderno e elegante</p>
</li>
</ul>
<h3>Especificações</h3>
<ul>
<li>
<p><strong>Tamanho:</strong> 20 x 16 cm (Média)</p>
</li>
<li>
<p><strong>Material:</strong> Papelão paraná 100% reciclado</p>
</li>
<li>
<p><strong>Acabamento:</strong> Película protetora lavável</p>
</li>
<li>
<p><strong>Formato:</strong> Desmontável</p>
</li>
<li>
<p><strong>Conteúdo:</strong> 1 unidade</p>
</li>
</ul>
<h3>Variação</h3>
<ul>
<li>
<p>Cor</p>
</li>
</ul>","Boleira desmontável média, resistente e sustentável. Ideal para bolos médios, com fácil montagem e reutilização.",,"media://products/1-10.png,media://products/2-11.png,media://products/3-11.png,media://products/4-10.png,media://products/5-11.png,media://products/6-12.png,media://products/7-12.png,media://products/8-10.png,media://products/9-5.png,media://products/10-5.png",,,,,,1,,Boleiras,Decoração,,,,10,Furta-cor,,,,,BOL-FC-1
 9814449,,28536600,,,,,,,,,,,"<p>A <strong>Boleira Desmontável M 20x16cm</strong> é a opção mais versátil da linha. Ideal para bolos médios, ela une <strong>resistência, praticidade e consciência ambiental</strong>, sendo perfeita para festas, eventos e vitrines.</p>
<p>Fabricada em <strong>papelão paraná 100% reciclado</strong>, possui <strong>película protetora de fácil higienização</strong> e suporta bolos de até <strong>5kg</strong>, garantindo segurança no transporte e uma apresentação impecável.</p>
<h3>Benefícios</h3>
<ul>
<li>
<p>Ideal para bolos médios</p>
</li>
<li>
<p><strong>Alta resistência</strong> (até 5kg)</p>
</li>
<li>
<p><strong>Montagem e desmontagem rápidas</strong></p>
</li>
<li>
<p><strong>Reutilizável e sustentável</strong></p>
</li>
<li>
<p>Visual moderno e elegante</p>
</li>
</ul>
<h3>Especificações</h3>
<ul>
<li>
<p><strong>Tamanho:</strong> 20 x 16 cm (Média)</p>
</li>
<li>
<p><strong>Material:</strong> Papelão paraná 100% reciclado</p>
</li>
<li>
<p><strong>Acabamento:</strong> Película protetora lavável</p>
</li>
<li>
<p><strong>Formato:</strong> Desmontável</p>
</li>
<li>
<p><strong>Conteúdo:</strong> 1 unidade</p>
</li>
</ul>
<h3>Variação</h3>
<ul>
<li>
<p>Cor</p>
</li>
</ul>","Boleira desmontável média, resistente e sustentável. Ideal para bolos médios, com fácil montagem e reutilização.",,"media://products/1-10.png,media://products/2-11.png,media://products/3-11.png,media://products/4-10.png,media://products/5-11.png,media://products/6-12.png,media://products/7-12.png,media://products/8-10.png,media://products/9-5.png,media://products/10-5.png",,,,,,1,,Boleiras,Decoração,,,,10,Prata,,,,,BOL-PR-1
 9814449,,28536601,,,,,,,,,,,"<p>A <strong>Boleira Desmontável M 20x16cm</strong> é a opção mais versátil da linha. Ideal para bolos médios, ela une <strong>resistência, praticidade e consciência ambiental</strong>, sendo perfeita para festas, eventos e vitrines.</p>
<p>Fabricada em <strong>papelão paraná 100% reciclado</strong>, possui <strong>película protetora de fácil higienização</strong> e suporta bolos de até <strong>5kg</strong>, garantindo segurança no transporte e uma apresentação impecável.</p>
<h3>Benefícios</h3>
<ul>
<li>
<p>Ideal para bolos médios</p>
</li>
<li>
<p><strong>Alta resistência</strong> (até 5kg)</p>
</li>
<li>
<p><strong>Montagem e desmontagem rápidas</strong></p>
</li>
<li>
<p><strong>Reutilizável e sustentável</strong></p>
</li>
<li>
<p>Visual moderno e elegante</p>
</li>
</ul>
<h3>Especificações</h3>
<ul>
<li>
<p><strong>Tamanho:</strong> 20 x 16 cm (Média)</p>
</li>
<li>
<p><strong>Material:</strong> Papelão paraná 100% reciclado</p>
</li>
<li>
<p><strong>Acabamento:</strong> Película protetora lavável</p>
</li>
<li>
<p><strong>Formato:</strong> Desmontável</p>
</li>
<li>
<p><strong>Conteúdo:</strong> 1 unidade</p>
</li>
</ul>
<h3>Variação</h3>
<ul>
<li>
<p>Cor</p>
</li>
</ul>","Boleira desmontável média, resistente e sustentável. Ideal para bolos médios, com fácil montagem e reutilização.",,"media://products/1-10.png,media://products/2-11.png,media://products/3-11.png,media://products/4-10.png,media://products/5-11.png,media://products/6-12.png,media://products/7-12.png,media://products/8-10.png,media://products/9-5.png,media://products/10-5.png",,,,,,1,,Boleiras,Decoração,,,,10,Preto,,,,,BOL-PT-1
 9814449,,28536602,,,,,,,,,,,"<p>A <strong>Boleira Desmontável M 20x16cm</strong> é a opção mais versátil da linha. Ideal para bolos médios, ela une <strong>resistência, praticidade e consciência ambiental</strong>, sendo perfeita para festas, eventos e vitrines.</p>
<p>Fabricada em <strong>papelão paraná 100% reciclado</strong>, possui <strong>película protetora de fácil higienização</strong> e suporta bolos de até <strong>5kg</strong>, garantindo segurança no transporte e uma apresentação impecável.</p>
<h3>Benefícios</h3>
<ul>
<li>
<p>Ideal para bolos médios</p>
</li>
<li>
<p><strong>Alta resistência</strong> (até 5kg)</p>
</li>
<li>
<p><strong>Montagem e desmontagem rápidas</strong></p>
</li>
<li>
<p><strong>Reutilizável e sustentável</strong></p>
</li>
<li>
<p>Visual moderno e elegante</p>
</li>
</ul>
<h3>Especificações</h3>
<ul>
<li>
<p><strong>Tamanho:</strong> 20 x 16 cm (Média)</p>
</li>
<li>
<p><strong>Material:</strong> Papelão paraná 100% reciclado</p>
</li>
<li>
<p><strong>Acabamento:</strong> Película protetora lavável</p>
</li>
<li>
<p><strong>Formato:</strong> Desmontável</p>
</li>
<li>
<p><strong>Conteúdo:</strong> 1 unidade</p>
</li>
</ul>
<h3>Variação</h3>
<ul>
<li>
<p>Cor</p>
</li>
</ul>","Boleira desmontável média, resistente e sustentável. Ideal para bolos médios, com fácil montagem e reutilização.",,"media://products/1-10.png,media://products/2-11.png,media://products/3-11.png,media://products/4-10.png,media://products/5-11.png,media://products/6-12.png,media://products/7-12.png,media://products/8-10.png,media://products/9-5.png,media://products/10-5.png",,,,,,1,,Boleiras,Decoração,,,,10,Rosa Bebê,,,,,BOL-RB-1
 9814449,,28536603,,,,,,,,,,,"<p>A <strong>Boleira Desmontável M 20x16cm</strong> é a opção mais versátil da linha. Ideal para bolos médios, ela une <strong>resistência, praticidade e consciência ambiental</strong>, sendo perfeita para festas, eventos e vitrines.</p>
<p>Fabricada em <strong>papelão paraná 100% reciclado</strong>, possui <strong>película protetora de fácil higienização</strong> e suporta bolos de até <strong>5kg</strong>, garantindo segurança no transporte e uma apresentação impecável.</p>
<h3>Benefícios</h3>
<ul>
<li>
<p>Ideal para bolos médios</p>
</li>
<li>
<p><strong>Alta resistência</strong> (até 5kg)</p>
</li>
<li>
<p><strong>Montagem e desmontagem rápidas</strong></p>
</li>
<li>
<p><strong>Reutilizável e sustentável</strong></p>
</li>
<li>
<p>Visual moderno e elegante</p>
</li>
</ul>
<h3>Especificações</h3>
<ul>
<li>
<p><strong>Tamanho:</strong> 20 x 16 cm (Média)</p>
</li>
<li>
<p><strong>Material:</strong> Papelão paraná 100% reciclado</p>
</li>
<li>
<p><strong>Acabamento:</strong> Película protetora lavável</p>
</li>
<li>
<p><strong>Formato:</strong> Desmontável</p>
</li>
<li>
<p><strong>Conteúdo:</strong> 1 unidade</p>
</li>
</ul>
<h3>Variação</h3>
<ul>
<li>
<p>Cor</p>
</li>
</ul>","Boleira desmontável média, resistente e sustentável. Ideal para bolos médios, com fácil montagem e reutilização.",,"media://products/1-10.png,media://products/2-11.png,media://products/3-11.png,media://products/4-10.png,media://products/5-11.png,media://products/6-12.png,media://products/7-12.png,media://products/8-10.png,media://products/9-5.png,media://products/10-5.png",,,,,,1,,Boleiras,Decoração,,,,10,Rosa Pink,,,,,BOL-RP-1
 9814449,,28536604,,,,,,,,,,,"<p>A <strong>Boleira Desmontável M 20x16cm</strong> é a opção mais versátil da linha. Ideal para bolos médios, ela une <strong>resistência, praticidade e consciência ambiental</strong>, sendo perfeita para festas, eventos e vitrines.</p>
<p>Fabricada em <strong>papelão paraná 100% reciclado</strong>, possui <strong>película protetora de fácil higienização</strong> e suporta bolos de até <strong>5kg</strong>, garantindo segurança no transporte e uma apresentação impecável.</p>
<h3>Benefícios</h3>
<ul>
<li>
<p>Ideal para bolos médios</p>
</li>
<li>
<p><strong>Alta resistência</strong> (até 5kg)</p>
</li>
<li>
<p><strong>Montagem e desmontagem rápidas</strong></p>
</li>
<li>
<p><strong>Reutilizável e sustentável</strong></p>
</li>
<li>
<p>Visual moderno e elegante</p>
</li>
</ul>
<h3>Especificações</h3>
<ul>
<li>
<p><strong>Tamanho:</strong> 20 x 16 cm (Média)</p>
</li>
<li>
<p><strong>Material:</strong> Papelão paraná 100% reciclado</p>
</li>
<li>
<p><strong>Acabamento:</strong> Película protetora lavável</p>
</li>
<li>
<p><strong>Formato:</strong> Desmontável</p>
</li>
<li>
<p><strong>Conteúdo:</strong> 1 unidade</p>
</li>
</ul>
<h3>Variação</h3>
<ul>
<li>
<p>Cor</p>
</li>
</ul>","Boleira desmontável média, resistente e sustentável. Ideal para bolos médios, com fácil montagem e reutilização.",,"media://products/1-10.png,media://products/2-11.png,media://products/3-11.png,media://products/4-10.png,media://products/5-11.png,media://products/6-12.png,media://products/7-12.png,media://products/8-10.png,media://products/9-5.png,media://products/10-5.png",,,,,,1,,Boleiras,Decoração,,,,10,Vermelho,,,,,BOL-VE-1
9814474,,,,Boleira Desmontável P 12x10cm – Sustentável e Reutilizável,/boleira-desmontavel-p-12x10cm-sustentavel-e-reutilizavel,"0,090",6.00,10.00,12.00,,,,"<p>A <strong>Boleira Desmontável P 12x10cm</strong> é perfeita para bolos pequenos, doces especiais e mesas decoradas. Produzida em <strong>papelão paraná 100% reciclado</strong>, oferece firmeza, praticidade e um acabamento elegante para valorizar sua apresentação.</p>
<p>Seu sistema desmontável permite <strong>montagem rápida</strong>, fácil armazenamento e reutilização, tornando-se uma excelente escolha para confeiteiros, eventos e uso doméstico.</p>
<h3>Benefícios</h3>
<ul>
<li>
<p>Suporta bolos de até <strong>5kg</strong></p>
</li>
<li>
<p><strong>Desmontável</strong>: economiza espaço</p>
</li>
<li>
<p><strong>Reutilizável</strong>, com película protetora lavável</p>
</li>
<li>
<p><strong>Ecológica</strong>, feita com papelão reciclado</p>
</li>
<li>
<p>Ideal para <strong>bolos pequenos e decoração de mesas</strong></p>
</li>
</ul>
<h3>Especificações</h3>
<ul>
<li>
<p><strong>Tamanho:</strong> 12 x 10 cm (Pequena)</p>
</li>
<li>
<p><strong>Material:</strong> Papelão paraná 100% reciclado</p>
</li>
<li>
<p><strong>Acabamento:</strong> Película protetora</p>
</li>
<li>
<p><strong>Formato:</strong> Desmontável</p>
</li>
<li>
<p><strong>Conteúdo:</strong> 1 unidade</p>
</li>
</ul>
<h3>Variação</h3>
<ul>
<li>
<p>Cor</p></li></ul>","Boleira desmontável pequena, resistente e ecológica. Ideal para bolos menores e mesas de doces. Reutilizável e fácil de montar.",,"media://products/1-11.png,media://products/2-12.png,media://products/3-12.png,media://products/4-11.png,media://products/5-12.png,media://products/6-13.png,media://products/7-13.png,media://products/8-11.png,media://products/9-6.png,media://products/10-6.png",16.90,,,,,0,Silver Plastic,,,,,,0,,,,,,
 9814474,,28536621,,,,,,,,,,,"<p>A <strong>Boleira Desmontável P 12x10cm</strong> é perfeita para bolos pequenos, doces especiais e mesas decoradas. Produzida em <strong>papelão paraná 100% reciclado</strong>, oferece firmeza, praticidade e um acabamento elegante para valorizar sua apresentação.</p>
<p>Seu sistema desmontável permite <strong>montagem rápida</strong>, fácil armazenamento e reutilização, tornando-se uma excelente escolha para confeiteiros, eventos e uso doméstico.</p>
<h3>Benefícios</h3>
<ul>
<li>
<p>Suporta bolos de até <strong>5kg</strong></p>
</li>
<li>
<p><strong>Desmontável</strong>: economiza espaço</p>
</li>
<li>
<p><strong>Reutilizável</strong>, com película protetora lavável</p>
</li>
<li>
<p><strong>Ecológica</strong>, feita com papelão reciclado</p>
</li>
<li>
<p>Ideal para <strong>bolos pequenos e decoração de mesas</strong></p>
</li>
</ul>
<h3>Especificações</h3>
<ul>
<li>
<p><strong>Tamanho:</strong> 12 x 10 cm (Pequena)</p>
</li>
<li>
<p><strong>Material:</strong> Papelão paraná 100% reciclado</p>
</li>
<li>
<p><strong>Acabamento:</strong> Película protetora</p>
</li>
<li>
<p><strong>Formato:</strong> Desmontável</p>
</li>
<li>
<p><strong>Conteúdo:</strong> 1 unidade</p>
</li>
</ul>
<h3>Variação</h3>
<ul>
<li>
<p>Cor</p></li></ul>","Boleira desmontável pequena, resistente e ecológica. Ideal para bolos menores e mesas de doces. Reutilizável e fácil de montar.",,"media://products/1-11.png,media://products/2-12.png,media://products/3-12.png,media://products/4-11.png,media://products/5-12.png,media://products/6-13.png,media://products/7-13.png,media://products/8-11.png,media://products/9-6.png,media://products/10-6.png",,,,,,0,,,,,,,0,Azul,,,,,
 9814474,,28536622,,,,,,,,,,,"<p>A <strong>Boleira Desmontável P 12x10cm</strong> é perfeita para bolos pequenos, doces especiais e mesas decoradas. Produzida em <strong>papelão paraná 100% reciclado</strong>, oferece firmeza, praticidade e um acabamento elegante para valorizar sua apresentação.</p>
<p>Seu sistema desmontável permite <strong>montagem rápida</strong>, fácil armazenamento e reutilização, tornando-se uma excelente escolha para confeiteiros, eventos e uso doméstico.</p>
<h3>Benefícios</h3>
<ul>
<li>
<p>Suporta bolos de até <strong>5kg</strong></p>
</li>
<li>
<p><strong>Desmontável</strong>: economiza espaço</p>
</li>
<li>
<p><strong>Reutilizável</strong>, com película protetora lavável</p>
</li>
<li>
<p><strong>Ecológica</strong>, feita com papelão reciclado</p>
</li>
<li>
<p>Ideal para <strong>bolos pequenos e decoração de mesas</strong></p>
</li>
</ul>
<h3>Especificações</h3>
<ul>
<li>
<p><strong>Tamanho:</strong> 12 x 10 cm (Pequena)</p>
</li>
<li>
<p><strong>Material:</strong> Papelão paraná 100% reciclado</p>
</li>
<li>
<p><strong>Acabamento:</strong> Película protetora</p>
</li>
<li>
<p><strong>Formato:</strong> Desmontável</p>
</li>
<li>
<p><strong>Conteúdo:</strong> 1 unidade</p>
</li>
</ul>
<h3>Variação</h3>
<ul>
<li>
<p>Cor</p></li></ul>","Boleira desmontável pequena, resistente e ecológica. Ideal para bolos menores e mesas de doces. Reutilizável e fácil de montar.",,"media://products/1-11.png,media://products/2-12.png,media://products/3-12.png,media://products/4-11.png,media://products/5-12.png,media://products/6-13.png,media://products/7-13.png,media://products/8-11.png,media://products/9-6.png,media://products/10-6.png",,,,,,0,,,,,,,0,Azul Bebê,,,,,
 9814474,,28536623,,,,,,,,,,,"<p>A <strong>Boleira Desmontável P 12x10cm</strong> é perfeita para bolos pequenos, doces especiais e mesas decoradas. Produzida em <strong>papelão paraná 100% reciclado</strong>, oferece firmeza, praticidade e um acabamento elegante para valorizar sua apresentação.</p>
<p>Seu sistema desmontável permite <strong>montagem rápida</strong>, fácil armazenamento e reutilização, tornando-se uma excelente escolha para confeiteiros, eventos e uso doméstico.</p>
<h3>Benefícios</h3>
<ul>
<li>
<p>Suporta bolos de até <strong>5kg</strong></p>
</li>
<li>
<p><strong>Desmontável</strong>: economiza espaço</p>
</li>
<li>
<p><strong>Reutilizável</strong>, com película protetora lavável</p>
</li>
<li>
<p><strong>Ecológica</strong>, feita com papelão reciclado</p>
</li>
<li>
<p>Ideal para <strong>bolos pequenos e decoração de mesas</strong></p>
</li>
</ul>
<h3>Especificações</h3>
<ul>
<li>
<p><strong>Tamanho:</strong> 12 x 10 cm (Pequena)</p>
</li>
<li>
<p><strong>Material:</strong> Papelão paraná 100% reciclado</p>
</li>
<li>
<p><strong>Acabamento:</strong> Película protetora</p>
</li>
<li>
<p><strong>Formato:</strong> Desmontável</p>
</li>
<li>
<p><strong>Conteúdo:</strong> 1 unidade</p>
</li>
</ul>
<h3>Variação</h3>
<ul>
<li>
<p>Cor</p></li></ul>","Boleira desmontável pequena, resistente e ecológica. Ideal para bolos menores e mesas de doces. Reutilizável e fácil de montar.",,"media://products/1-11.png,media://products/2-12.png,media://products/3-12.png,media://products/4-11.png,media://products/5-12.png,media://products/6-13.png,media://products/7-13.png,media://products/8-11.png,media://products/9-6.png,media://products/10-6.png",,,,,,0,,,,,,,0,Branco,,,,,
 9814474,,28536624,,,,,,,,,,,"<p>A <strong>Boleira Desmontável P 12x10cm</strong> é perfeita para bolos pequenos, doces especiais e mesas decoradas. Produzida em <strong>papelão paraná 100% reciclado</strong>, oferece firmeza, praticidade e um acabamento elegante para valorizar sua apresentação.</p>
<p>Seu sistema desmontável permite <strong>montagem rápida</strong>, fácil armazenamento e reutilização, tornando-se uma excelente escolha para confeiteiros, eventos e uso doméstico.</p>
<h3>Benefícios</h3>
<ul>
<li>
<p>Suporta bolos de até <strong>5kg</strong></p>
</li>
<li>
<p><strong>Desmontável</strong>: economiza espaço</p>
</li>
<li>
<p><strong>Reutilizável</strong>, com película protetora lavável</p>
</li>
<li>
<p><strong>Ecológica</strong>, feita com papelão reciclado</p>
</li>
<li>
<p>Ideal para <strong>bolos pequenos e decoração de mesas</strong></p>
</li>
</ul>
<h3>Especificações</h3>
<ul>
<li>
<p><strong>Tamanho:</strong> 12 x 10 cm (Pequena)</p>
</li>
<li>
<p><strong>Material:</strong> Papelão paraná 100% reciclado</p>
</li>
<li>
<p><strong>Acabamento:</strong> Película protetora</p>
</li>
<li>
<p><strong>Formato:</strong> Desmontável</p>
</li>
<li>
<p><strong>Conteúdo:</strong> 1 unidade</p>
</li>
</ul>
<h3>Variação</h3>
<ul>
<li>
<p>Cor</p></li></ul>","Boleira desmontável pequena, resistente e ecológica. Ideal para bolos menores e mesas de doces. Reutilizável e fácil de montar.",,"media://products/1-11.png,media://products/2-12.png,media://products/3-12.png,media://products/4-11.png,media://products/5-12.png,media://products/6-13.png,media://products/7-13.png,media://products/8-11.png,media://products/9-6.png,media://products/10-6.png",,,,,,0,,,,,,,0,Dourado,,,,,
 9814474,,28536625,,,,,,,,,,,"<p>A <strong>Boleira Desmontável P 12x10cm</strong> é perfeita para bolos pequenos, doces especiais e mesas decoradas. Produzida em <strong>papelão paraná 100% reciclado</strong>, oferece firmeza, praticidade e um acabamento elegante para valorizar sua apresentação.</p>
<p>Seu sistema desmontável permite <strong>montagem rápida</strong>, fácil armazenamento e reutilização, tornando-se uma excelente escolha para confeiteiros, eventos e uso doméstico.</p>
<h3>Benefícios</h3>
<ul>
<li>
<p>Suporta bolos de até <strong>5kg</strong></p>
</li>
<li>
<p><strong>Desmontável</strong>: economiza espaço</p>
</li>
<li>
<p><strong>Reutilizável</strong>, com película protetora lavável</p>
</li>
<li>
<p><strong>Ecológica</strong>, feita com papelão reciclado</p>
</li>
<li>
<p>Ideal para <strong>bolos pequenos e decoração de mesas</strong></p>
</li>
</ul>
<h3>Especificações</h3>
<ul>
<li>
<p><strong>Tamanho:</strong> 12 x 10 cm (Pequena)</p>
</li>
<li>
<p><strong>Material:</strong> Papelão paraná 100% reciclado</p>
</li>
<li>
<p><strong>Acabamento:</strong> Película protetora</p>
</li>
<li>
<p><strong>Formato:</strong> Desmontável</p>
</li>
<li>
<p><strong>Conteúdo:</strong> 1 unidade</p>
</li>
</ul>
<h3>Variação</h3>
<ul>
<li>
<p>Cor</p></li></ul>","Boleira desmontável pequena, resistente e ecológica. Ideal para bolos menores e mesas de doces. Reutilizável e fácil de montar.",,"media://products/1-11.png,media://products/2-12.png,media://products/3-12.png,media://products/4-11.png,media://products/5-12.png,media://products/6-13.png,media://products/7-13.png,media://products/8-11.png,media://products/9-6.png,media://products/10-6.png",,,,,,0,,,,,,,0,Furta-cor,,,,,
 9814474,,28536626,,,,,,,,,,,"<p>A <strong>Boleira Desmontável P 12x10cm</strong> é perfeita para bolos pequenos, doces especiais e mesas decoradas. Produzida em <strong>papelão paraná 100% reciclado</strong>, oferece firmeza, praticidade e um acabamento elegante para valorizar sua apresentação.</p>
<p>Seu sistema desmontável permite <strong>montagem rápida</strong>, fácil armazenamento e reutilização, tornando-se uma excelente escolha para confeiteiros, eventos e uso doméstico.</p>
<h3>Benefícios</h3>
<ul>
<li>
<p>Suporta bolos de até <strong>5kg</strong></p>
</li>
<li>
<p><strong>Desmontável</strong>: economiza espaço</p>
</li>
<li>
<p><strong>Reutilizável</strong>, com película protetora lavável</p>
</li>
<li>
<p><strong>Ecológica</strong>, feita com papelão reciclado</p>
</li>
<li>
<p>Ideal para <strong>bolos pequenos e decoração de mesas</strong></p>
</li>
</ul>
<h3>Especificações</h3>
<ul>
<li>
<p><strong>Tamanho:</strong> 12 x 10 cm (Pequena)</p>
</li>
<li>
<p><strong>Material:</strong> Papelão paraná 100% reciclado</p>
</li>
<li>
<p><strong>Acabamento:</strong> Película protetora</p>
</li>
<li>
<p><strong>Formato:</strong> Desmontável</p>
</li>
<li>
<p><strong>Conteúdo:</strong> 1 unidade</p>
</li>
</ul>
<h3>Variação</h3>
<ul>
<li>
<p>Cor</p></li></ul>","Boleira desmontável pequena, resistente e ecológica. Ideal para bolos menores e mesas de doces. Reutilizável e fácil de montar.",,"media://products/1-11.png,media://products/2-12.png,media://products/3-12.png,media://products/4-11.png,media://products/5-12.png,media://products/6-13.png,media://products/7-13.png,media://products/8-11.png,media://products/9-6.png,media://products/10-6.png",,,,,,0,,,,,,,0,Prata,,,,,
 9814474,,28536627,,,,,,,,,,,"<p>A <strong>Boleira Desmontável P 12x10cm</strong> é perfeita para bolos pequenos, doces especiais e mesas decoradas. Produzida em <strong>papelão paraná 100% reciclado</strong>, oferece firmeza, praticidade e um acabamento elegante para valorizar sua apresentação.</p>
<p>Seu sistema desmontável permite <strong>montagem rápida</strong>, fácil armazenamento e reutilização, tornando-se uma excelente escolha para confeiteiros, eventos e uso doméstico.</p>
<h3>Benefícios</h3>
<ul>
<li>
<p>Suporta bolos de até <strong>5kg</strong></p>
</li>
<li>
<p><strong>Desmontável</strong>: economiza espaço</p>
</li>
<li>
<p><strong>Reutilizável</strong>, com película protetora lavável</p>
</li>
<li>
<p><strong>Ecológica</strong>, feita com papelão reciclado</p>
</li>
<li>
<p>Ideal para <strong>bolos pequenos e decoração de mesas</strong></p>
</li>
</ul>
<h3>Especificações</h3>
<ul>
<li>
<p><strong>Tamanho:</strong> 12 x 10 cm (Pequena)</p>
</li>
<li>
<p><strong>Material:</strong> Papelão paraná 100% reciclado</p>
</li>
<li>
<p><strong>Acabamento:</strong> Película protetora</p>
</li>
<li>
<p><strong>Formato:</strong> Desmontável</p>
</li>
<li>
<p><strong>Conteúdo:</strong> 1 unidade</p>
</li>
</ul>
<h3>Variação</h3>
<ul>
<li>
<p>Cor</p></li></ul>","Boleira desmontável pequena, resistente e ecológica. Ideal para bolos menores e mesas de doces. Reutilizável e fácil de montar.",,"media://products/1-11.png,media://products/2-12.png,media://products/3-12.png,media://products/4-11.png,media://products/5-12.png,media://products/6-13.png,media://products/7-13.png,media://products/8-11.png,media://products/9-6.png,media://products/10-6.png",,,,,,0,,,,,,,0,Preto,,,,,
 9814474,,28536628,,,,,,,,,,,"<p>A <strong>Boleira Desmontável P 12x10cm</strong> é perfeita para bolos pequenos, doces especiais e mesas decoradas. Produzida em <strong>papelão paraná 100% reciclado</strong>, oferece firmeza, praticidade e um acabamento elegante para valorizar sua apresentação.</p>
<p>Seu sistema desmontável permite <strong>montagem rápida</strong>, fácil armazenamento e reutilização, tornando-se uma excelente escolha para confeiteiros, eventos e uso doméstico.</p>
<h3>Benefícios</h3>
<ul>
<li>
<p>Suporta bolos de até <strong>5kg</strong></p>
</li>
<li>
<p><strong>Desmontável</strong>: economiza espaço</p>
</li>
<li>
<p><strong>Reutilizável</strong>, com película protetora lavável</p>
</li>
<li>
<p><strong>Ecológica</strong>, feita com papelão reciclado</p>
</li>
<li>
<p>Ideal para <strong>bolos pequenos e decoração de mesas</strong></p>
</li>
</ul>
<h3>Especificações</h3>
<ul>
<li>
<p><strong>Tamanho:</strong> 12 x 10 cm (Pequena)</p>
</li>
<li>
<p><strong>Material:</strong> Papelão paraná 100% reciclado</p>
</li>
<li>
<p><strong>Acabamento:</strong> Película protetora</p>
</li>
<li>
<p><strong>Formato:</strong> Desmontável</p>
</li>
<li>
<p><strong>Conteúdo:</strong> 1 unidade</p>
</li>
</ul>
<h3>Variação</h3>
<ul>
<li>
<p>Cor</p></li></ul>","Boleira desmontável pequena, resistente e ecológica. Ideal para bolos menores e mesas de doces. Reutilizável e fácil de montar.",,"media://products/1-11.png,media://products/2-12.png,media://products/3-12.png,media://products/4-11.png,media://products/5-12.png,media://products/6-13.png,media://products/7-13.png,media://products/8-11.png,media://products/9-6.png,media://products/10-6.png",,,,,,0,,,,,,,0,Rosa Bebê,,,,,
 9814474,,28536629,,,,,,,,,,,"<p>A <strong>Boleira Desmontável P 12x10cm</strong> é perfeita para bolos pequenos, doces especiais e mesas decoradas. Produzida em <strong>papelão paraná 100% reciclado</strong>, oferece firmeza, praticidade e um acabamento elegante para valorizar sua apresentação.</p>
<p>Seu sistema desmontável permite <strong>montagem rápida</strong>, fácil armazenamento e reutilização, tornando-se uma excelente escolha para confeiteiros, eventos e uso doméstico.</p>
<h3>Benefícios</h3>
<ul>
<li>
<p>Suporta bolos de até <strong>5kg</strong></p>
</li>
<li>
<p><strong>Desmontável</strong>: economiza espaço</p>
</li>
<li>
<p><strong>Reutilizável</strong>, com película protetora lavável</p>
</li>
<li>
<p><strong>Ecológica</strong>, feita com papelão reciclado</p>
</li>
<li>
<p>Ideal para <strong>bolos pequenos e decoração de mesas</strong></p>
</li>
</ul>
<h3>Especificações</h3>
<ul>
<li>
<p><strong>Tamanho:</strong> 12 x 10 cm (Pequena)</p>
</li>
<li>
<p><strong>Material:</strong> Papelão paraná 100% reciclado</p>
</li>
<li>
<p><strong>Acabamento:</strong> Película protetora</p>
</li>
<li>
<p><strong>Formato:</strong> Desmontável</p>
</li>
<li>
<p><strong>Conteúdo:</strong> 1 unidade</p>
</li>
</ul>
<h3>Variação</h3>
<ul>
<li>
<p>Cor</p></li></ul>","Boleira desmontável pequena, resistente e ecológica. Ideal para bolos menores e mesas de doces. Reutilizável e fácil de montar.",,"media://products/1-11.png,media://products/2-12.png,media://products/3-12.png,media://products/4-11.png,media://products/5-12.png,media://products/6-13.png,media://products/7-13.png,media://products/8-11.png,media://products/9-6.png,media://products/10-6.png",,,,,,0,,,,,,,0,Rosa Pink,,,,,
 9814474,,28536630,,,,,,,,,,,"<p>A <strong>Boleira Desmontável P 12x10cm</strong> é perfeita para bolos pequenos, doces especiais e mesas decoradas. Produzida em <strong>papelão paraná 100% reciclado</strong>, oferece firmeza, praticidade e um acabamento elegante para valorizar sua apresentação.</p>
<p>Seu sistema desmontável permite <strong>montagem rápida</strong>, fácil armazenamento e reutilização, tornando-se uma excelente escolha para confeiteiros, eventos e uso doméstico.</p>
<h3>Benefícios</h3>
<ul>
<li>
<p>Suporta bolos de até <strong>5kg</strong></p>
</li>
<li>
<p><strong>Desmontável</strong>: economiza espaço</p>
</li>
<li>
<p><strong>Reutilizável</strong>, com película protetora lavável</p>
</li>
<li>
<p><strong>Ecológica</strong>, feita com papelão reciclado</p>
</li>
<li>
<p>Ideal para <strong>bolos pequenos e decoração de mesas</strong></p>
</li>
</ul>
<h3>Especificações</h3>
<ul>
<li>
<p><strong>Tamanho:</strong> 12 x 10 cm (Pequena)</p>
</li>
<li>
<p><strong>Material:</strong> Papelão paraná 100% reciclado</p>
</li>
<li>
<p><strong>Acabamento:</strong> Película protetora</p>
</li>
<li>
<p><strong>Formato:</strong> Desmontável</p>
</li>
<li>
<p><strong>Conteúdo:</strong> 1 unidade</p>
</li>
</ul>
<h3>Variação</h3>
<ul>
<li>
<p>Cor</p></li></ul>","Boleira desmontável pequena, resistente e ecológica. Ideal para bolos menores e mesas de doces. Reutilizável e fácil de montar.",,"media://products/1-11.png,media://products/2-12.png,media://products/3-12.png,media://products/4-11.png,media://products/5-12.png,media://products/6-13.png,media://products/7-13.png,media://products/8-11.png,media://products/9-6.png,media://products/10-6.png",,,,,,0,,,,,,,0,Vermelho,,,,,
9786476,,,,Canudo Papel Listrado,/canudo-papel-listrado,"0,200",16.00,5.00,16.00,,,,"
<div>
  <h1>Canudo Papel Listrado Silver Plastic</h1>
  <p>O Canudo Papel Listrado Silver Plastic é a opção perfeita para quem deseja um produto de qualidade e que contribua para a preservação do meio ambiente.</p>
  <p>Feito com papel biodegradável e com tinta atóxica, esse canudo é uma alternativa sustentável aos tradicionais canudos de plástico que causam danos ao meio ambiente e à vida marinha.</p>
  <p>Com um design moderno e elegante, o Canudo Papel Listrado Silver Plastic é ideal para ser utilizado em festas, eventos ou no dia a dia. Seu listrado confere um toque de sofisticação e charme às bebidas, tornando-as ainda mais atraentes e convidativas.</p>
  <p>Além disso, esse canudo possui uma ótima resistência, não amolece ou se desfaz quando em contato com líquidos por um longo período de tempo, garantindo uma experiência agradável e sem preocupações.</p>
  <p>O Canudo Papel Listrado Silver Plastic é uma escolha consciente e sustentável para quem se preocupa com o futuro do planeta e busca alternativas ecologicamente corretas. Além disso, é uma excelente opção para empresas e estabelecimentos que desejam transmitir uma imagem de responsabilidade ambiental.</p>
  <p>Adquira agora mesmo o Canudo Papel Listrado Silver Plastic e faça a diferença no seu dia a dia, contribuindo para um mundo mais limpo e saudável. Compre já o seu e faça parte dessa mudança!</p>
  <p>Características:</p>
  <ul>
    <li>Feito com papel biodegradável</li>
    <li>Tinta atóxica</li>
    <li>Design moderno e elegante</li>
    <li>Ótima resistência</li>
    <li>Produto sustentável</li>
  </ul>
</div>",,,"media://products/canudolistradolaranja.png,media://products/canudolistradopreto.png,media://products/canudos.png",8.90,,,,,1,Silver Festas,Canudos,Descartáveis,,,,10,,,,,,
 9786476,,28466805,,,,,,,,,,,"
<div>
  <h1>Canudo Papel Listrado Silver Plastic</h1>
  <p>O Canudo Papel Listrado Silver Plastic é a opção perfeita para quem deseja um produto de qualidade e que contribua para a preservação do meio ambiente.</p>
  <p>Feito com papel biodegradável e com tinta atóxica, esse canudo é uma alternativa sustentável aos tradicionais canudos de plástico que causam danos ao meio ambiente e à vida marinha.</p>
  <p>Com um design moderno e elegante, o Canudo Papel Listrado Silver Plastic é ideal para ser utilizado em festas, eventos ou no dia a dia. Seu listrado confere um toque de sofisticação e charme às bebidas, tornando-as ainda mais atraentes e convidativas.</p>
  <p>Além disso, esse canudo possui uma ótima resistência, não amolece ou se desfaz quando em contato com líquidos por um longo período de tempo, garantindo uma experiência agradável e sem preocupações.</p>
  <p>O Canudo Papel Listrado Silver Plastic é uma escolha consciente e sustentável para quem se preocupa com o futuro do planeta e busca alternativas ecologicamente corretas. Além disso, é uma excelente opção para empresas e estabelecimentos que desejam transmitir uma imagem de responsabilidade ambiental.</p>
  <p>Adquira agora mesmo o Canudo Papel Listrado Silver Plastic e faça a diferença no seu dia a dia, contribuindo para um mundo mais limpo e saudável. Compre já o seu e faça parte dessa mudança!</p>
  <p>Características:</p>
  <ul>
    <li>Feito com papel biodegradável</li>
    <li>Tinta atóxica</li>
    <li>Design moderno e elegante</li>
    <li>Ótima resistência</li>
    <li>Produto sustentável</li>
  </ul>
</div>",,,"media://products/canudolistradolaranja.png,media://products/canudolistradopreto.png,media://products/canudos.png",,,,,,1,,Canudos,Descartáveis,,,,10,,,,,,
9834079,,,,Colher Eco Madeira Estampada – 10 Unidades,/colher-eco,"0,100",15.00,5.00,5.00,"Colher Eco Madeira Estampada para Festas | Sustentável e Biodegradável","Colher Eco de Madeira estampada, biodegradável e resistente. Ideal para festas, eventos e comemorações sustentáveis. Pacote com 10 unidades.",,"<p>A <strong>Colher Eco Madeira Estampada</strong> é perfeita para quem busca praticidade, beleza e sustentabilidade em festas e eventos.</p>
<p>Produzida em madeira resistente e biodegradável, é ideal para servir doces, salgados e refeições leves em aniversários, comemorações, eventos corporativos e celebrações ao ar livre.</p><ul><li>🌱 Material ecológico e biodegradável</li><li>🎉 Ideal para festas e eventos</li><li>💪 Resistente e funcional</li><li>✨ Estampas modernas e decorativas</li></ul><ul><li><strong>Produto:</strong> Colher descartável</li><li><strong>Material:</strong> Madeira</li><li><strong>Linha:</strong> Eco</li><li><strong>Comprimento:</strong> 14 cm</li><li><strong>Quantidade:</strong> 10 unidades por pacote</li><li><strong>Uso:</strong> Festas, eventos e comemorações</li><li><strong>Sustentabilidade:</strong> Produto biodegradável</li></ul>","Colher de madeira ecológica, resistente e biodegradável. Ideal para festas, eventos e comemorações sustentáveis.",,"media://products/1-7.png,media://products/2-8.png,media://products/3-8.png,media://products/4-7.png,media://products/5-8.png,media://products/6-8.png,media://products/7-8.png,media://products/8-6.png",12.90,,,,,1,Silver Festas,Colheres,Descartáveis,Talheres,,,10,,,,,,
 9834079,,28586260,,,,,,,,"Colher Eco Madeira Estampada para Festas | Sustentável e Biodegradável","Colher Eco de Madeira estampada, biodegradável e resistente. Ideal para festas, eventos e comemorações sustentáveis. Pacote com 10 unidades.",,"<p>A <strong>Colher Eco Madeira Estampada</strong> é perfeita para quem busca praticidade, beleza e sustentabilidade em festas e eventos.</p>
<p>Produzida em madeira resistente e biodegradável, é ideal para servir doces, salgados e refeições leves em aniversários, comemorações, eventos corporativos e celebrações ao ar livre.</p><ul><li>🌱 Material ecológico e biodegradável</li><li>🎉 Ideal para festas e eventos</li><li>💪 Resistente e funcional</li><li>✨ Estampas modernas e decorativas</li></ul><ul><li><strong>Produto:</strong> Colher descartável</li><li><strong>Material:</strong> Madeira</li><li><strong>Linha:</strong> Eco</li><li><strong>Comprimento:</strong> 14 cm</li><li><strong>Quantidade:</strong> 10 unidades por pacote</li><li><strong>Uso:</strong> Festas, eventos e comemorações</li><li><strong>Sustentabilidade:</strong> Produto biodegradável</li></ul>","Colher de madeira ecológica, resistente e biodegradável. Ideal para festas, eventos e comemorações sustentáveis.",,"media://products/1-7.png,media://products/2-8.png,media://products/3-8.png,media://products/4-7.png,media://products/5-8.png,media://products/6-8.png,media://products/7-8.png,media://products/8-6.png",,,,,,1,,Colheres,Descartáveis,Talheres,,,10,Amarelo,,,,,COL-AM-1
 9834079,,28586261,,,,,,,,"Colher Eco Madeira Estampada para Festas | Sustentável e Biodegradável","Colher Eco de Madeira estampada, biodegradável e resistente. Ideal para festas, eventos e comemorações sustentáveis. Pacote com 10 unidades.",,"<p>A <strong>Colher Eco Madeira Estampada</strong> é perfeita para quem busca praticidade, beleza e sustentabilidade em festas e eventos.</p>
<p>Produzida em madeira resistente e biodegradável, é ideal para servir doces, salgados e refeições leves em aniversários, comemorações, eventos corporativos e celebrações ao ar livre.</p><ul><li>🌱 Material ecológico e biodegradável</li><li>🎉 Ideal para festas e eventos</li><li>💪 Resistente e funcional</li><li>✨ Estampas modernas e decorativas</li></ul><ul><li><strong>Produto:</strong> Colher descartável</li><li><strong>Material:</strong> Madeira</li><li><strong>Linha:</strong> Eco</li><li><strong>Comprimento:</strong> 14 cm</li><li><strong>Quantidade:</strong> 10 unidades por pacote</li><li><strong>Uso:</strong> Festas, eventos e comemorações</li><li><strong>Sustentabilidade:</strong> Produto biodegradável</li></ul>","Colher de madeira ecológica, resistente e biodegradável. Ideal para festas, eventos e comemorações sustentáveis.",,"media://products/1-7.png,media://products/2-8.png,media://products/3-8.png,media://products/4-7.png,media://products/5-8.png,media://products/6-8.png,media://products/7-8.png,media://products/8-6.png",,,,,,1,,Colheres,Descartáveis,Talheres,,,10,Azul,,,,,COL-AZ-1
 9834079,,28586262,,,,,,,,"Colher Eco Madeira Estampada para Festas | Sustentável e Biodegradável","Colher Eco de Madeira estampada, biodegradável e resistente. Ideal para festas, eventos e comemorações sustentáveis. Pacote com 10 unidades.",,"<p>A <strong>Colher Eco Madeira Estampada</strong> é perfeita para quem busca praticidade, beleza e sustentabilidade em festas e eventos.</p>
<p>Produzida em madeira resistente e biodegradável, é ideal para servir doces, salgados e refeições leves em aniversários, comemorações, eventos corporativos e celebrações ao ar livre.</p><ul><li>🌱 Material ecológico e biodegradável</li><li>🎉 Ideal para festas e eventos</li><li>💪 Resistente e funcional</li><li>✨ Estampas modernas e decorativas</li></ul><ul><li><strong>Produto:</strong> Colher descartável</li><li><strong>Material:</strong> Madeira</li><li><strong>Linha:</strong> Eco</li><li><strong>Comprimento:</strong> 14 cm</li><li><strong>Quantidade:</strong> 10 unidades por pacote</li><li><strong>Uso:</strong> Festas, eventos e comemorações</li><li><strong>Sustentabilidade:</strong> Produto biodegradável</li></ul>","Colher de madeira ecológica, resistente e biodegradável. Ideal para festas, eventos e comemorações sustentáveis.",,"media://products/1-7.png,media://products/2-8.png,media://products/3-8.png,media://products/4-7.png,media://products/5-8.png,media://products/6-8.png,media://products/7-8.png,media://products/8-6.png",,,,,,1,,Colheres,Descartáveis,Talheres,,,10,Branco,,,,,COL-BR-1
 9834079,,28586263,,,,,,,,"Colher Eco Madeira Estampada para Festas | Sustentável e Biodegradável","Colher Eco de Madeira estampada, biodegradável e resistente. Ideal para festas, eventos e comemorações sustentáveis. Pacote com 10 unidades.",,"<p>A <strong>Colher Eco Madeira Estampada</strong> é perfeita para quem busca praticidade, beleza e sustentabilidade em festas e eventos.</p>
<p>Produzida em madeira resistente e biodegradável, é ideal para servir doces, salgados e refeições leves em aniversários, comemorações, eventos corporativos e celebrações ao ar livre.</p><ul><li>🌱 Material ecológico e biodegradável</li><li>🎉 Ideal para festas e eventos</li><li>💪 Resistente e funcional</li><li>✨ Estampas modernas e decorativas</li></ul><ul><li><strong>Produto:</strong> Colher descartável</li><li><strong>Material:</strong> Madeira</li><li><strong>Linha:</strong> Eco</li><li><strong>Comprimento:</strong> 14 cm</li><li><strong>Quantidade:</strong> 10 unidades por pacote</li><li><strong>Uso:</strong> Festas, eventos e comemorações</li><li><strong>Sustentabilidade:</strong> Produto biodegradável</li></ul>","Colher de madeira ecológica, resistente e biodegradável. Ideal para festas, eventos e comemorações sustentáveis.",,"media://products/1-7.png,media://products/2-8.png,media://products/3-8.png,media://products/4-7.png,media://products/5-8.png,media://products/6-8.png,media://products/7-8.png,media://products/8-6.png",,,,,,1,,Colheres,Descartáveis,Talheres,,,10,Natural,,,,,COL-NT-1
 9834079,,28586264,,,,,,,,"Colher Eco Madeira Estampada para Festas | Sustentável e Biodegradável","Colher Eco de Madeira estampada, biodegradável e resistente. Ideal para festas, eventos e comemorações sustentáveis. Pacote com 10 unidades.",,"<p>A <strong>Colher Eco Madeira Estampada</strong> é perfeita para quem busca praticidade, beleza e sustentabilidade em festas e eventos.</p>
<p>Produzida em madeira resistente e biodegradável, é ideal para servir doces, salgados e refeições leves em aniversários, comemorações, eventos corporativos e celebrações ao ar livre.</p><ul><li>🌱 Material ecológico e biodegradável</li><li>🎉 Ideal para festas e eventos</li><li>💪 Resistente e funcional</li><li>✨ Estampas modernas e decorativas</li></ul><ul><li><strong>Produto:</strong> Colher descartável</li><li><strong>Material:</strong> Madeira</li><li><strong>Linha:</strong> Eco</li><li><strong>Comprimento:</strong> 14 cm</li><li><strong>Quantidade:</strong> 10 unidades por pacote</li><li><strong>Uso:</strong> Festas, eventos e comemorações</li><li><strong>Sustentabilidade:</strong> Produto biodegradável</li></ul>","Colher de madeira ecológica, resistente e biodegradável. Ideal para festas, eventos e comemorações sustentáveis.",,"media://products/1-7.png,media://products/2-8.png,media://products/3-8.png,media://products/4-7.png,media://products/5-8.png,media://products/6-8.png,media://products/7-8.png,media://products/8-6.png",,,,,,1,,Colheres,Descartáveis,Talheres,,,10,Preto,,,,,COL-PR-1
 9834079,,28586265,,,,,,,,"Colher Eco Madeira Estampada para Festas | Sustentável e Biodegradável","Colher Eco de Madeira estampada, biodegradável e resistente. Ideal para festas, eventos e comemorações sustentáveis. Pacote com 10 unidades.",,"<p>A <strong>Colher Eco Madeira Estampada</strong> é perfeita para quem busca praticidade, beleza e sustentabilidade em festas e eventos.</p>
<p>Produzida em madeira resistente e biodegradável, é ideal para servir doces, salgados e refeições leves em aniversários, comemorações, eventos corporativos e celebrações ao ar livre.</p><ul><li>🌱 Material ecológico e biodegradável</li><li>🎉 Ideal para festas e eventos</li><li>💪 Resistente e funcional</li><li>✨ Estampas modernas e decorativas</li></ul><ul><li><strong>Produto:</strong> Colher descartável</li><li><strong>Material:</strong> Madeira</li><li><strong>Linha:</strong> Eco</li><li><strong>Comprimento:</strong> 14 cm</li><li><strong>Quantidade:</strong> 10 unidades por pacote</li><li><strong>Uso:</strong> Festas, eventos e comemorações</li><li><strong>Sustentabilidade:</strong> Produto biodegradável</li></ul>","Colher de madeira ecológica, resistente e biodegradável. Ideal para festas, eventos e comemorações sustentáveis.",,"media://products/1-7.png,media://products/2-8.png,media://products/3-8.png,media://products/4-7.png,media://products/5-8.png,media://products/6-8.png,media://products/7-8.png,media://products/8-6.png",,,,,,1,,Colheres,Descartáveis,Talheres,,,10,Rosa,,,,,COL-RO-1
 9834079,,28586266,,,,,,,,"Colher Eco Madeira Estampada para Festas | Sustentável e Biodegradável","Colher Eco de Madeira estampada, biodegradável e resistente. Ideal para festas, eventos e comemorações sustentáveis. Pacote com 10 unidades.",,"<p>A <strong>Colher Eco Madeira Estampada</strong> é perfeita para quem busca praticidade, beleza e sustentabilidade em festas e eventos.</p>
<p>Produzida em madeira resistente e biodegradável, é ideal para servir doces, salgados e refeições leves em aniversários, comemorações, eventos corporativos e celebrações ao ar livre.</p><ul><li>🌱 Material ecológico e biodegradável</li><li>🎉 Ideal para festas e eventos</li><li>💪 Resistente e funcional</li><li>✨ Estampas modernas e decorativas</li></ul><ul><li><strong>Produto:</strong> Colher descartável</li><li><strong>Material:</strong> Madeira</li><li><strong>Linha:</strong> Eco</li><li><strong>Comprimento:</strong> 14 cm</li><li><strong>Quantidade:</strong> 10 unidades por pacote</li><li><strong>Uso:</strong> Festas, eventos e comemorações</li><li><strong>Sustentabilidade:</strong> Produto biodegradável</li></ul>","Colher de madeira ecológica, resistente e biodegradável. Ideal para festas, eventos e comemorações sustentáveis.",,"media://products/1-7.png,media://products/2-8.png,media://products/3-8.png,media://products/4-7.png,media://products/5-8.png,media://products/6-8.png,media://products/7-8.png,media://products/8-6.png",,,,,,1,,Colheres,Descartáveis,Talheres,,,10,Vermelho,,,,,COL-VE-1
9834099,,,,Colher Sobremesa Eco Madeira Estampada – 10 Unidades,/colher-sobremesa-eco,"0,100",15.00,5.00,5.00,"Colher Sobremesa Eco Madeira Estampada para Festas | Sustentável e Biodegradável","Colher Sobremesa Eco de Madeira estampada, biodegradável e resistente. Ideal para festas, eventos e comemorações sustentáveis. Pacote com 10 unidades.",,"<p>A <strong>Colher Sobremesa Eco Madeira Estampada</strong> é perfeita para quem busca praticidade, beleza e sustentabilidade em festas e eventos.</p>
<p>Produzida em madeira resistente e biodegradável, é ideal para servir doces, salgados e refeições leves em aniversários, comemorações, eventos corporativos e celebrações ao ar livre.</p><ul><li>🌱 Material ecológico e biodegradável</li><li>🎉 Ideal para festas e eventos</li><li>💪 Resistente e funcional</li><li>✨ Estampas modernas e decorativas</li></ul><ul><li><strong>Produto:</strong> Colher descartável</li><li><strong>Material:</strong> Madeira</li><li><strong>Linha:</strong> Eco</li><li><strong>Comprimento:</strong> 14 cm</li><li><strong>Quantidade:</strong> 10 unidades por pacote</li><li><strong>Uso:</strong> Festas, eventos e comemorações</li><li><strong>Sustentabilidade:</strong> Produto biodegradável</li></ul>","Colher sobremesa de madeira ecológica, resistente e biodegradável. Ideal para festas, eventos e comemorações sustentáveis.",,"media://products/1-8.png,media://products/2-9.png,media://products/3-9.png,media://products/4-8.png,media://products/5-9.png,media://products/6-9.png,media://products/7-9.png,media://products/8-7.png,media://products/6-10.png,media://products/7-10.png,media://products/8-8.png",12.90,,,,,1,Silver Festas,Colheres,Descartáveis,Talheres,,,10,,,,,,
 9834099,,28586410,,,,,,,,"Colher Sobremesa Eco Madeira Estampada para Festas | Sustentável e Biodegradável","Colher Sobremesa Eco de Madeira estampada, biodegradável e resistente. Ideal para festas, eventos e comemorações sustentáveis. Pacote com 10 unidades.",,"<p>A <strong>Colher Sobremesa Eco Madeira Estampada</strong> é perfeita para quem busca praticidade, beleza e sustentabilidade em festas e eventos.</p>
<p>Produzida em madeira resistente e biodegradável, é ideal para servir doces, salgados e refeições leves em aniversários, comemorações, eventos corporativos e celebrações ao ar livre.</p><ul><li>🌱 Material ecológico e biodegradável</li><li>🎉 Ideal para festas e eventos</li><li>💪 Resistente e funcional</li><li>✨ Estampas modernas e decorativas</li></ul><ul><li><strong>Produto:</strong> Colher descartável</li><li><strong>Material:</strong> Madeira</li><li><strong>Linha:</strong> Eco</li><li><strong>Comprimento:</strong> 14 cm</li><li><strong>Quantidade:</strong> 10 unidades por pacote</li><li><strong>Uso:</strong> Festas, eventos e comemorações</li><li><strong>Sustentabilidade:</strong> Produto biodegradável</li></ul>","Colher sobremesa de madeira ecológica, resistente e biodegradável. Ideal para festas, eventos e comemorações sustentáveis.",,"media://products/1-8.png,media://products/2-9.png,media://products/3-9.png,media://products/4-8.png,media://products/5-9.png,media://products/6-9.png,media://products/7-9.png,media://products/8-7.png,media://products/6-10.png,media://products/7-10.png,media://products/8-8.png",,,,,,1,,Colheres,Descartáveis,Talheres,,,10,Amarelo,,,,,COS-AM-1
 9834099,,28586411,,,,,,,,"Colher Sobremesa Eco Madeira Estampada para Festas | Sustentável e Biodegradável","Colher Sobremesa Eco de Madeira estampada, biodegradável e resistente. Ideal para festas, eventos e comemorações sustentáveis. Pacote com 10 unidades.",,"<p>A <strong>Colher Sobremesa Eco Madeira Estampada</strong> é perfeita para quem busca praticidade, beleza e sustentabilidade em festas e eventos.</p>
<p>Produzida em madeira resistente e biodegradável, é ideal para servir doces, salgados e refeições leves em aniversários, comemorações, eventos corporativos e celebrações ao ar livre.</p><ul><li>🌱 Material ecológico e biodegradável</li><li>🎉 Ideal para festas e eventos</li><li>💪 Resistente e funcional</li><li>✨ Estampas modernas e decorativas</li></ul><ul><li><strong>Produto:</strong> Colher descartável</li><li><strong>Material:</strong> Madeira</li><li><strong>Linha:</strong> Eco</li><li><strong>Comprimento:</strong> 14 cm</li><li><strong>Quantidade:</strong> 10 unidades por pacote</li><li><strong>Uso:</strong> Festas, eventos e comemorações</li><li><strong>Sustentabilidade:</strong> Produto biodegradável</li></ul>","Colher sobremesa de madeira ecológica, resistente e biodegradável. Ideal para festas, eventos e comemorações sustentáveis.",,"media://products/1-8.png,media://products/2-9.png,media://products/3-9.png,media://products/4-8.png,media://products/5-9.png,media://products/6-9.png,media://products/7-9.png,media://products/8-7.png,media://products/6-10.png,media://products/7-10.png,media://products/8-8.png",,,,,,1,,Colheres,Descartáveis,Talheres,,,10,Azul,,,,,COS-AZ-1
 9834099,,28586412,,,,,,,,"Colher Sobremesa Eco Madeira Estampada para Festas | Sustentável e Biodegradável","Colher Sobremesa Eco de Madeira estampada, biodegradável e resistente. Ideal para festas, eventos e comemorações sustentáveis. Pacote com 10 unidades.",,"<p>A <strong>Colher Sobremesa Eco Madeira Estampada</strong> é perfeita para quem busca praticidade, beleza e sustentabilidade em festas e eventos.</p>
<p>Produzida em madeira resistente e biodegradável, é ideal para servir doces, salgados e refeições leves em aniversários, comemorações, eventos corporativos e celebrações ao ar livre.</p><ul><li>🌱 Material ecológico e biodegradável</li><li>🎉 Ideal para festas e eventos</li><li>💪 Resistente e funcional</li><li>✨ Estampas modernas e decorativas</li></ul><ul><li><strong>Produto:</strong> Colher descartável</li><li><strong>Material:</strong> Madeira</li><li><strong>Linha:</strong> Eco</li><li><strong>Comprimento:</strong> 14 cm</li><li><strong>Quantidade:</strong> 10 unidades por pacote</li><li><strong>Uso:</strong> Festas, eventos e comemorações</li><li><strong>Sustentabilidade:</strong> Produto biodegradável</li></ul>","Colher sobremesa de madeira ecológica, resistente e biodegradável. Ideal para festas, eventos e comemorações sustentáveis.",,"media://products/1-8.png,media://products/2-9.png,media://products/3-9.png,media://products/4-8.png,media://products/5-9.png,media://products/6-9.png,media://products/7-9.png,media://products/8-7.png,media://products/6-10.png,media://products/7-10.png,media://products/8-8.png",,,,,,1,,Colheres,Descartáveis,Talheres,,,10,Branco,,,,,COS-BR-1
 9834099,,28586413,,,,,,,,"Colher Sobremesa Eco Madeira Estampada para Festas | Sustentável e Biodegradável","Colher Sobremesa Eco de Madeira estampada, biodegradável e resistente. Ideal para festas, eventos e comemorações sustentáveis. Pacote com 10 unidades.",,"<p>A <strong>Colher Sobremesa Eco Madeira Estampada</strong> é perfeita para quem busca praticidade, beleza e sustentabilidade em festas e eventos.</p>
<p>Produzida em madeira resistente e biodegradável, é ideal para servir doces, salgados e refeições leves em aniversários, comemorações, eventos corporativos e celebrações ao ar livre.</p><ul><li>🌱 Material ecológico e biodegradável</li><li>🎉 Ideal para festas e eventos</li><li>💪 Resistente e funcional</li><li>✨ Estampas modernas e decorativas</li></ul><ul><li><strong>Produto:</strong> Colher descartável</li><li><strong>Material:</strong> Madeira</li><li><strong>Linha:</strong> Eco</li><li><strong>Comprimento:</strong> 14 cm</li><li><strong>Quantidade:</strong> 10 unidades por pacote</li><li><strong>Uso:</strong> Festas, eventos e comemorações</li><li><strong>Sustentabilidade:</strong> Produto biodegradável</li></ul>","Colher sobremesa de madeira ecológica, resistente e biodegradável. Ideal para festas, eventos e comemorações sustentáveis.",,"media://products/1-8.png,media://products/2-9.png,media://products/3-9.png,media://products/4-8.png,media://products/5-9.png,media://products/6-9.png,media://products/7-9.png,media://products/8-7.png,media://products/6-10.png,media://products/7-10.png,media://products/8-8.png",,,,,,1,,Colheres,Descartáveis,Talheres,,,10,Natural,,,,,COS-NT-1
 9834099,,28586414,,,,,,,,"Colher Sobremesa Eco Madeira Estampada para Festas | Sustentável e Biodegradável","Colher Sobremesa Eco de Madeira estampada, biodegradável e resistente. Ideal para festas, eventos e comemorações sustentáveis. Pacote com 10 unidades.",,"<p>A <strong>Colher Sobremesa Eco Madeira Estampada</strong> é perfeita para quem busca praticidade, beleza e sustentabilidade em festas e eventos.</p>
<p>Produzida em madeira resistente e biodegradável, é ideal para servir doces, salgados e refeições leves em aniversários, comemorações, eventos corporativos e celebrações ao ar livre.</p><ul><li>🌱 Material ecológico e biodegradável</li><li>🎉 Ideal para festas e eventos</li><li>💪 Resistente e funcional</li><li>✨ Estampas modernas e decorativas</li></ul><ul><li><strong>Produto:</strong> Colher descartável</li><li><strong>Material:</strong> Madeira</li><li><strong>Linha:</strong> Eco</li><li><strong>Comprimento:</strong> 14 cm</li><li><strong>Quantidade:</strong> 10 unidades por pacote</li><li><strong>Uso:</strong> Festas, eventos e comemorações</li><li><strong>Sustentabilidade:</strong> Produto biodegradável</li></ul>","Colher sobremesa de madeira ecológica, resistente e biodegradável. Ideal para festas, eventos e comemorações sustentáveis.",,"media://products/1-8.png,media://products/2-9.png,media://products/3-9.png,media://products/4-8.png,media://products/5-9.png,media://products/6-9.png,media://products/7-9.png,media://products/8-7.png,media://products/6-10.png,media://products/7-10.png,media://products/8-8.png",,,,,,1,,Colheres,Descartáveis,Talheres,,,10,Preto,,,,,COS-PR-1
 9834099,,28586415,,,,,,,,"Colher Sobremesa Eco Madeira Estampada para Festas | Sustentável e Biodegradável","Colher Sobremesa Eco de Madeira estampada, biodegradável e resistente. Ideal para festas, eventos e comemorações sustentáveis. Pacote com 10 unidades.",,"<p>A <strong>Colher Sobremesa Eco Madeira Estampada</strong> é perfeita para quem busca praticidade, beleza e sustentabilidade em festas e eventos.</p>
<p>Produzida em madeira resistente e biodegradável, é ideal para servir doces, salgados e refeições leves em aniversários, comemorações, eventos corporativos e celebrações ao ar livre.</p><ul><li>🌱 Material ecológico e biodegradável</li><li>🎉 Ideal para festas e eventos</li><li>💪 Resistente e funcional</li><li>✨ Estampas modernas e decorativas</li></ul><ul><li><strong>Produto:</strong> Colher descartável</li><li><strong>Material:</strong> Madeira</li><li><strong>Linha:</strong> Eco</li><li><strong>Comprimento:</strong> 14 cm</li><li><strong>Quantidade:</strong> 10 unidades por pacote</li><li><strong>Uso:</strong> Festas, eventos e comemorações</li><li><strong>Sustentabilidade:</strong> Produto biodegradável</li></ul>","Colher sobremesa de madeira ecológica, resistente e biodegradável. Ideal para festas, eventos e comemorações sustentáveis.",,"media://products/1-8.png,media://products/2-9.png,media://products/3-9.png,media://products/4-8.png,media://products/5-9.png,media://products/6-9.png,media://products/7-9.png,media://products/8-7.png,media://products/6-10.png,media://products/7-10.png,media://products/8-8.png",,,,,,1,,Colheres,Descartáveis,Talheres,,,10,Rosa,,,,,COS-RO-1
 9834099,,28586416,,,,,,,,"Colher Sobremesa Eco Madeira Estampada para Festas | Sustentável e Biodegradável","Colher Sobremesa Eco de Madeira estampada, biodegradável e resistente. Ideal para festas, eventos e comemorações sustentáveis. Pacote com 10 unidades.",,"<p>A <strong>Colher Sobremesa Eco Madeira Estampada</strong> é perfeita para quem busca praticidade, beleza e sustentabilidade em festas e eventos.</p>
<p>Produzida em madeira resistente e biodegradável, é ideal para servir doces, salgados e refeições leves em aniversários, comemorações, eventos corporativos e celebrações ao ar livre.</p><ul><li>🌱 Material ecológico e biodegradável</li><li>🎉 Ideal para festas e eventos</li><li>💪 Resistente e funcional</li><li>✨ Estampas modernas e decorativas</li></ul><ul><li><strong>Produto:</strong> Colher descartável</li><li><strong>Material:</strong> Madeira</li><li><strong>Linha:</strong> Eco</li><li><strong>Comprimento:</strong> 14 cm</li><li><strong>Quantidade:</strong> 10 unidades por pacote</li><li><strong>Uso:</strong> Festas, eventos e comemorações</li><li><strong>Sustentabilidade:</strong> Produto biodegradável</li></ul>","Colher sobremesa de madeira ecológica, resistente e biodegradável. Ideal para festas, eventos e comemorações sustentáveis.",,"media://products/1-8.png,media://products/2-9.png,media://products/3-9.png,media://products/4-8.png,media://products/5-9.png,media://products/6-9.png,media://products/7-9.png,media://products/8-7.png,media://products/6-10.png,media://products/7-10.png,media://products/8-8.png",,,,,,1,,Colheres,Descartáveis,Talheres,,,10,Vermelho,,,,,COS-VE-1
9833627,,,,Cortina Metalizada Decorativa 100x200cm,/cortina-metalizada-decorativa-100x200cm,"0,120",12.00,100.00,200.00,"Cortina Metalizada 100x200cm | Fundo de Festa | Cor de Papel","Cortina metalizada 100x200cm para decoração e fundo de fotos. Alto brilho, fácil instalação e efeito incrível. Envio rápido na Cor de Papel.","cortina metalizada, cortina festa, fundo para fotos, backdrop festa, painel decorativo, decoração aniversário, cortina 100x200, silver festas, cor de papel","<p>A <b>Cortina Metalizada Decorativa</b> da Silver Festas é ideal para criar um fundo de fotos incrível e dar um toque especial de brilho na decoração.</p>
<p>Perfeita para aniversários, festas temáticas, chá revelação, eventos e comemorações em geral, ela transforma qualquer ambiente de forma prática e elegante.</p>
<p>Com efeito metalizado e excelente acabamento, a cortina é leve, fácil de instalar e proporciona um visual moderno e sofisticado.</p>
<p><strong>Benefícios</strong></p><ul><li>Efeito metalizado com alto brilho</li><li>Ideal para painel, entrada e fundo de mesa</li><li>Leve, prática e fácil de instalar</li><li>Ótimo acabamento para decoração de festas</li></ul>
<p><strong>Especificações</strong></p><ul><li>Tamanho: 100 x 200 cm</li><li>Marca: Silver Festas</li><li>Conteúdo: 1 cortina (1 unidade)</li></ul>","Cortina metalizada 100x200cm para fundo de fotos e decoração de festas. Alto brilho, fácil de instalar. Contém 1 unidade. Marca Silver Festas.",,"media://products/3-5.png,media://products/8-4.png,media://products/7-5.png,media://products/6-5.png,media://products/5-5.png,media://products/4-4.png,media://products/2-5.png,media://products/1-4.png",23.90,,,,,1,Silver Festas,Cortina Metalizada Decorativa,Decoração,,,,10,,,,,,
 9833627,,28585185,,,,,,,,"Cortina Metalizada 100x200cm | Fundo de Festa | Cor de Papel","Cortina metalizada 100x200cm para decoração e fundo de fotos. Alto brilho, fácil instalação e efeito incrível. Envio rápido na Cor de Papel.","cortina metalizada, cortina festa, fundo para fotos, backdrop festa, painel decorativo, decoração aniversário, cortina 100x200, silver festas, cor de papel","<p>A <b>Cortina Metalizada Decorativa</b> da Silver Festas é ideal para criar um fundo de fotos incrível e dar um toque especial de brilho na decoração.</p>
<p>Perfeita para aniversários, festas temáticas, chá revelação, eventos e comemorações em geral, ela transforma qualquer ambiente de forma prática e elegante.</p>
<p>Com efeito metalizado e excelente acabamento, a cortina é leve, fácil de instalar e proporciona um visual moderno e sofisticado.</p>
<p><strong>Benefícios</strong></p><ul><li>Efeito metalizado com alto brilho</li><li>Ideal para painel, entrada e fundo de mesa</li><li>Leve, prática e fácil de instalar</li><li>Ótimo acabamento para decoração de festas</li></ul>
<p><strong>Especificações</strong></p><ul><li>Tamanho: 100 x 200 cm</li><li>Marca: Silver Festas</li><li>Conteúdo: 1 cortina (1 unidade)</li></ul>","Cortina metalizada 100x200cm para fundo de fotos e decoração de festas. Alto brilho, fácil de instalar. Contém 1 unidade. Marca Silver Festas.",,"media://products/3-5.png,media://products/8-4.png,media://products/7-5.png,media://products/6-5.png,media://products/5-5.png,media://products/4-4.png,media://products/2-5.png,media://products/1-4.png",,,,,,1,,Cortina Metalizada Decorativa,Decoração,,,,10,Azul,,,,,
 9833627,,28585186,,,,,,,,"Cortina Metalizada 100x200cm | Fundo de Festa | Cor de Papel","Cortina metalizada 100x200cm para decoração e fundo de fotos. Alto brilho, fácil instalação e efeito incrível. Envio rápido na Cor de Papel.","cortina metalizada, cortina festa, fundo para fotos, backdrop festa, painel decorativo, decoração aniversário, cortina 100x200, silver festas, cor de papel","<p>A <b>Cortina Metalizada Decorativa</b> da Silver Festas é ideal para criar um fundo de fotos incrível e dar um toque especial de brilho na decoração.</p>
<p>Perfeita para aniversários, festas temáticas, chá revelação, eventos e comemorações em geral, ela transforma qualquer ambiente de forma prática e elegante.</p>
<p>Com efeito metalizado e excelente acabamento, a cortina é leve, fácil de instalar e proporciona um visual moderno e sofisticado.</p>
<p><strong>Benefícios</strong></p><ul><li>Efeito metalizado com alto brilho</li><li>Ideal para painel, entrada e fundo de mesa</li><li>Leve, prática e fácil de instalar</li><li>Ótimo acabamento para decoração de festas</li></ul>
<p><strong>Especificações</strong></p><ul><li>Tamanho: 100 x 200 cm</li><li>Marca: Silver Festas</li><li>Conteúdo: 1 cortina (1 unidade)</li></ul>","Cortina metalizada 100x200cm para fundo de fotos e decoração de festas. Alto brilho, fácil de instalar. Contém 1 unidade. Marca Silver Festas.",,"media://products/3-5.png,media://products/8-4.png,media://products/7-5.png,media://products/6-5.png,media://products/5-5.png,media://products/4-4.png,media://products/2-5.png,media://products/1-4.png",,,,,,1,,Cortina Metalizada Decorativa,Decoração,,,,10,Azul Claro,,,,,
 9833627,,28585187,,,,,,,,"Cortina Metalizada 100x200cm | Fundo de Festa | Cor de Papel","Cortina metalizada 100x200cm para decoração e fundo de fotos. Alto brilho, fácil instalação e efeito incrível. Envio rápido na Cor de Papel.","cortina metalizada, cortina festa, fundo para fotos, backdrop festa, painel decorativo, decoração aniversário, cortina 100x200, silver festas, cor de papel","<p>A <b>Cortina Metalizada Decorativa</b> da Silver Festas é ideal para criar um fundo de fotos incrível e dar um toque especial de brilho na decoração.</p>
<p>Perfeita para aniversários, festas temáticas, chá revelação, eventos e comemorações em geral, ela transforma qualquer ambiente de forma prática e elegante.</p>
<p>Com efeito metalizado e excelente acabamento, a cortina é leve, fácil de instalar e proporciona um visual moderno e sofisticado.</p>
<p><strong>Benefícios</strong></p><ul><li>Efeito metalizado com alto brilho</li><li>Ideal para painel, entrada e fundo de mesa</li><li>Leve, prática e fácil de instalar</li><li>Ótimo acabamento para decoração de festas</li></ul>
<p><strong>Especificações</strong></p><ul><li>Tamanho: 100 x 200 cm</li><li>Marca: Silver Festas</li><li>Conteúdo: 1 cortina (1 unidade)</li></ul>","Cortina metalizada 100x200cm para fundo de fotos e decoração de festas. Alto brilho, fácil de instalar. Contém 1 unidade. Marca Silver Festas.",,"media://products/3-5.png,media://products/8-4.png,media://products/7-5.png,media://products/6-5.png,media://products/5-5.png,media://products/4-4.png,media://products/2-5.png,media://products/1-4.png",,,,,,1,,Cortina Metalizada Decorativa,Decoração,,,,10,Rose Gold,,,,,
 9833627,,28585188,,,,,,,,"Cortina Metalizada 100x200cm | Fundo de Festa | Cor de Papel","Cortina metalizada 100x200cm para decoração e fundo de fotos. Alto brilho, fácil instalação e efeito incrível. Envio rápido na Cor de Papel.","cortina metalizada, cortina festa, fundo para fotos, backdrop festa, painel decorativo, decoração aniversário, cortina 100x200, silver festas, cor de papel","<p>A <b>Cortina Metalizada Decorativa</b> da Silver Festas é ideal para criar um fundo de fotos incrível e dar um toque especial de brilho na decoração.</p>
<p>Perfeita para aniversários, festas temáticas, chá revelação, eventos e comemorações em geral, ela transforma qualquer ambiente de forma prática e elegante.</p>
<p>Com efeito metalizado e excelente acabamento, a cortina é leve, fácil de instalar e proporciona um visual moderno e sofisticado.</p>
<p><strong>Benefícios</strong></p><ul><li>Efeito metalizado com alto brilho</li><li>Ideal para painel, entrada e fundo de mesa</li><li>Leve, prática e fácil de instalar</li><li>Ótimo acabamento para decoração de festas</li></ul>
<p><strong>Especificações</strong></p><ul><li>Tamanho: 100 x 200 cm</li><li>Marca: Silver Festas</li><li>Conteúdo: 1 cortina (1 unidade)</li></ul>","Cortina metalizada 100x200cm para fundo de fotos e decoração de festas. Alto brilho, fácil de instalar. Contém 1 unidade. Marca Silver Festas.",,"media://products/3-5.png,media://products/8-4.png,media://products/7-5.png,media://products/6-5.png,media://products/5-5.png,media://products/4-4.png,media://products/2-5.png,media://products/1-4.png",,,,,,1,,Cortina Metalizada Decorativa,Decoração,,,,10,Rosa Claro,,,,,
 9833627,,28585189,,,,,,,,"Cortina Metalizada 100x200cm | Fundo de Festa | Cor de Papel","Cortina metalizada 100x200cm para decoração e fundo de fotos. Alto brilho, fácil instalação e efeito incrível. Envio rápido na Cor de Papel.","cortina metalizada, cortina festa, fundo para fotos, backdrop festa, painel decorativo, decoração aniversário, cortina 100x200, silver festas, cor de papel","<p>A <b>Cortina Metalizada Decorativa</b> da Silver Festas é ideal para criar um fundo de fotos incrível e dar um toque especial de brilho na decoração.</p>
<p>Perfeita para aniversários, festas temáticas, chá revelação, eventos e comemorações em geral, ela transforma qualquer ambiente de forma prática e elegante.</p>
<p>Com efeito metalizado e excelente acabamento, a cortina é leve, fácil de instalar e proporciona um visual moderno e sofisticado.</p>
<p><strong>Benefícios</strong></p><ul><li>Efeito metalizado com alto brilho</li><li>Ideal para painel, entrada e fundo de mesa</li><li>Leve, prática e fácil de instalar</li><li>Ótimo acabamento para decoração de festas</li></ul>
<p><strong>Especificações</strong></p><ul><li>Tamanho: 100 x 200 cm</li><li>Marca: Silver Festas</li><li>Conteúdo: 1 cortina (1 unidade)</li></ul>","Cortina metalizada 100x200cm para fundo de fotos e decoração de festas. Alto brilho, fácil de instalar. Contém 1 unidade. Marca Silver Festas.",,"media://products/3-5.png,media://products/8-4.png,media://products/7-5.png,media://products/6-5.png,media://products/5-5.png,media://products/4-4.png,media://products/2-5.png,media://products/1-4.png",,,,,,1,,Cortina Metalizada Decorativa,Decoração,,,,10,Rosa Pink,,,,,
 9833627,,28585190,,,,,,,,"Cortina Metalizada 100x200cm | Fundo de Festa | Cor de Papel","Cortina metalizada 100x200cm para decoração e fundo de fotos. Alto brilho, fácil instalação e efeito incrível. Envio rápido na Cor de Papel.","cortina metalizada, cortina festa, fundo para fotos, backdrop festa, painel decorativo, decoração aniversário, cortina 100x200, silver festas, cor de papel","<p>A <b>Cortina Metalizada Decorativa</b> da Silver Festas é ideal para criar um fundo de fotos incrível e dar um toque especial de brilho na decoração.</p>
<p>Perfeita para aniversários, festas temáticas, chá revelação, eventos e comemorações em geral, ela transforma qualquer ambiente de forma prática e elegante.</p>
<p>Com efeito metalizado e excelente acabamento, a cortina é leve, fácil de instalar e proporciona um visual moderno e sofisticado.</p>
<p><strong>Benefícios</strong></p><ul><li>Efeito metalizado com alto brilho</li><li>Ideal para painel, entrada e fundo de mesa</li><li>Leve, prática e fácil de instalar</li><li>Ótimo acabamento para decoração de festas</li></ul>
<p><strong>Especificações</strong></p><ul><li>Tamanho: 100 x 200 cm</li><li>Marca: Silver Festas</li><li>Conteúdo: 1 cortina (1 unidade)</li></ul>","Cortina metalizada 100x200cm para fundo de fotos e decoração de festas. Alto brilho, fácil de instalar. Contém 1 unidade. Marca Silver Festas.",,"media://products/3-5.png,media://products/8-4.png,media://products/7-5.png,media://products/6-5.png,media://products/5-5.png,media://products/4-4.png,media://products/2-5.png,media://products/1-4.png",,,,,,1,,Cortina Metalizada Decorativa,Decoração,,,,10,Prata,,,,,
 9833627,,28585191,,,,,,,,"Cortina Metalizada 100x200cm | Fundo de Festa | Cor de Papel","Cortina metalizada 100x200cm para decoração e fundo de fotos. Alto brilho, fácil instalação e efeito incrível. Envio rápido na Cor de Papel.","cortina metalizada, cortina festa, fundo para fotos, backdrop festa, painel decorativo, decoração aniversário, cortina 100x200, silver festas, cor de papel","<p>A <b>Cortina Metalizada Decorativa</b> da Silver Festas é ideal para criar um fundo de fotos incrível e dar um toque especial de brilho na decoração.</p>
<p>Perfeita para aniversários, festas temáticas, chá revelação, eventos e comemorações em geral, ela transforma qualquer ambiente de forma prática e elegante.</p>
<p>Com efeito metalizado e excelente acabamento, a cortina é leve, fácil de instalar e proporciona um visual moderno e sofisticado.</p>
<p><strong>Benefícios</strong></p><ul><li>Efeito metalizado com alto brilho</li><li>Ideal para painel, entrada e fundo de mesa</li><li>Leve, prática e fácil de instalar</li><li>Ótimo acabamento para decoração de festas</li></ul>
<p><strong>Especificações</strong></p><ul><li>Tamanho: 100 x 200 cm</li><li>Marca: Silver Festas</li><li>Conteúdo: 1 cortina (1 unidade)</li></ul>","Cortina metalizada 100x200cm para fundo de fotos e decoração de festas. Alto brilho, fácil de instalar. Contém 1 unidade. Marca Silver Festas.",,"media://products/3-5.png,media://products/8-4.png,media://products/7-5.png,media://products/6-5.png,media://products/5-5.png,media://products/4-4.png,media://products/2-5.png,media://products/1-4.png",,,,,,1,,Cortina Metalizada Decorativa,Decoração,,,,10,Vermelho,,,,,
 9833627,,28585198,,,,,,,,"Cortina Metalizada 100x200cm | Fundo de Festa | Cor de Papel","Cortina metalizada 100x200cm para decoração e fundo de fotos. Alto brilho, fácil instalação e efeito incrível. Envio rápido na Cor de Papel.","cortina metalizada, cortina festa, fundo para fotos, backdrop festa, painel decorativo, decoração aniversário, cortina 100x200, silver festas, cor de papel","<p>A <b>Cortina Metalizada Decorativa</b> da Silver Festas é ideal para criar um fundo de fotos incrível e dar um toque especial de brilho na decoração.</p>
<p>Perfeita para aniversários, festas temáticas, chá revelação, eventos e comemorações em geral, ela transforma qualquer ambiente de forma prática e elegante.</p>
<p>Com efeito metalizado e excelente acabamento, a cortina é leve, fácil de instalar e proporciona um visual moderno e sofisticado.</p>
<p><strong>Benefícios</strong></p><ul><li>Efeito metalizado com alto brilho</li><li>Ideal para painel, entrada e fundo de mesa</li><li>Leve, prática e fácil de instalar</li><li>Ótimo acabamento para decoração de festas</li></ul>
<p><strong>Especificações</strong></p><ul><li>Tamanho: 100 x 200 cm</li><li>Marca: Silver Festas</li><li>Conteúdo: 1 cortina (1 unidade)</li></ul>","Cortina metalizada 100x200cm para fundo de fotos e decoração de festas. Alto brilho, fácil de instalar. Contém 1 unidade. Marca Silver Festas.",,"media://products/3-5.png,media://products/8-4.png,media://products/7-5.png,media://products/6-5.png,media://products/5-5.png,media://products/4-4.png,media://products/2-5.png,media://products/1-4.png",,,,,,1,,Cortina Metalizada Decorativa,Decoração,,,,10,Dourado,,,,,
9822559,,,,Display para Mesa,/display-para-mesa,"0,010",10.00,12.00,18.00,,,,,,,,,,,,,1,,,,,,,0,,,,,,
 9822559,,28554952,,,,,,,,,,,,,,,,,,,,1,,,,,,,0,,,,,,
9834059,,,,Faca Eco Madeira Estampada – 10 Unidades,/faca-eco,"0,100",15.00,5.00,5.00,"Faca Eco Madeira Estampada para Festas | Sustentável e Biodegradável","Faca Eco de Madeira estampada, biodegradável e resistente. Ideal para festas, eventos e comemorações sustentáveis. Pacote com 10 unidades.",,"<p>A <strong>Faca Eco Madeira Estampada</strong> é ideal para quem busca praticidade, beleza e sustentabilidade em festas e eventos.</p>
<p>Produzida em madeira resistente e biodegradável, oferece bom desempenho no corte e é perfeita para aniversários, comemorações, eventos corporativos e celebrações ao ar livre.</p><ul><li>🌱 Material ecológico e biodegradável</li><li>🎉 Ideal para festas e eventos</li><li>💪 Resistente e funcional</li><li>✨ Estampas modernas e decorativas</li></ul><ul><li><strong>Produto:</strong> Faca descartável</li><li><strong>Material:</strong> Madeira</li><li><strong>Linha:</strong> Eco</li><li><strong>Comprimento:</strong> 14 cm</li><li><strong>Quantidade:</strong> 10 unidades por pacote</li><li><strong>Uso:</strong> Festas, eventos e comemorações</li><li><strong>Sustentabilidade:</strong> Produto biodegradável</li></ul>","Faca de madeira ecológica, resistente e biodegradável. Ideal para festas, eventos e comemorações sustentáveis.",,"media://products/1-6.png,media://products/2-7.png,media://products/3-7.png,media://products/4-6.png,media://products/5-7.png,media://products/6-7.png,media://products/7-7.png,media://products/8-5.png",12.90,,,,,1,Silver Festas,Descartáveis,Facas,Talheres,,,10,,,,,,
 9834059,,28586155,,,,,,,,"Faca Eco Madeira Estampada para Festas | Sustentável e Biodegradável","Faca Eco de Madeira estampada, biodegradável e resistente. Ideal para festas, eventos e comemorações sustentáveis. Pacote com 10 unidades.",,"<p>A <strong>Faca Eco Madeira Estampada</strong> é ideal para quem busca praticidade, beleza e sustentabilidade em festas e eventos.</p>
<p>Produzida em madeira resistente e biodegradável, oferece bom desempenho no corte e é perfeita para aniversários, comemorações, eventos corporativos e celebrações ao ar livre.</p><ul><li>🌱 Material ecológico e biodegradável</li><li>🎉 Ideal para festas e eventos</li><li>💪 Resistente e funcional</li><li>✨ Estampas modernas e decorativas</li></ul><ul><li><strong>Produto:</strong> Faca descartável</li><li><strong>Material:</strong> Madeira</li><li><strong>Linha:</strong> Eco</li><li><strong>Comprimento:</strong> 14 cm</li><li><strong>Quantidade:</strong> 10 unidades por pacote</li><li><strong>Uso:</strong> Festas, eventos e comemorações</li><li><strong>Sustentabilidade:</strong> Produto biodegradável</li></ul>","Faca de madeira ecológica, resistente e biodegradável. Ideal para festas, eventos e comemorações sustentáveis.",,"media://products/1-6.png,media://products/2-7.png,media://products/3-7.png,media://products/4-6.png,media://products/5-7.png,media://products/6-7.png,media://products/7-7.png,media://products/8-5.png",,,,,,1,,Descartáveis,Facas,Talheres,,,10,Amarelo,,,,,FAC-AM-1
 9834059,,28586156,,,,,,,,"Faca Eco Madeira Estampada para Festas | Sustentável e Biodegradável","Faca Eco de Madeira estampada, biodegradável e resistente. Ideal para festas, eventos e comemorações sustentáveis. Pacote com 10 unidades.",,"<p>A <strong>Faca Eco Madeira Estampada</strong> é ideal para quem busca praticidade, beleza e sustentabilidade em festas e eventos.</p>
<p>Produzida em madeira resistente e biodegradável, oferece bom desempenho no corte e é perfeita para aniversários, comemorações, eventos corporativos e celebrações ao ar livre.</p><ul><li>🌱 Material ecológico e biodegradável</li><li>🎉 Ideal para festas e eventos</li><li>💪 Resistente e funcional</li><li>✨ Estampas modernas e decorativas</li></ul><ul><li><strong>Produto:</strong> Faca descartável</li><li><strong>Material:</strong> Madeira</li><li><strong>Linha:</strong> Eco</li><li><strong>Comprimento:</strong> 14 cm</li><li><strong>Quantidade:</strong> 10 unidades por pacote</li><li><strong>Uso:</strong> Festas, eventos e comemorações</li><li><strong>Sustentabilidade:</strong> Produto biodegradável</li></ul>","Faca de madeira ecológica, resistente e biodegradável. Ideal para festas, eventos e comemorações sustentáveis.",,"media://products/1-6.png,media://products/2-7.png,media://products/3-7.png,media://products/4-6.png,media://products/5-7.png,media://products/6-7.png,media://products/7-7.png,media://products/8-5.png",,,,,,1,,Descartáveis,Facas,Talheres,,,10,Azul,,,,,FAC-AZ-1
 9834059,,28586157,,,,,,,,"Faca Eco Madeira Estampada para Festas | Sustentável e Biodegradável","Faca Eco de Madeira estampada, biodegradável e resistente. Ideal para festas, eventos e comemorações sustentáveis. Pacote com 10 unidades.",,"<p>A <strong>Faca Eco Madeira Estampada</strong> é ideal para quem busca praticidade, beleza e sustentabilidade em festas e eventos.</p>
<p>Produzida em madeira resistente e biodegradável, oferece bom desempenho no corte e é perfeita para aniversários, comemorações, eventos corporativos e celebrações ao ar livre.</p><ul><li>🌱 Material ecológico e biodegradável</li><li>🎉 Ideal para festas e eventos</li><li>💪 Resistente e funcional</li><li>✨ Estampas modernas e decorativas</li></ul><ul><li><strong>Produto:</strong> Faca descartável</li><li><strong>Material:</strong> Madeira</li><li><strong>Linha:</strong> Eco</li><li><strong>Comprimento:</strong> 14 cm</li><li><strong>Quantidade:</strong> 10 unidades por pacote</li><li><strong>Uso:</strong> Festas, eventos e comemorações</li><li><strong>Sustentabilidade:</strong> Produto biodegradável</li></ul>","Faca de madeira ecológica, resistente e biodegradável. Ideal para festas, eventos e comemorações sustentáveis.",,"media://products/1-6.png,media://products/2-7.png,media://products/3-7.png,media://products/4-6.png,media://products/5-7.png,media://products/6-7.png,media://products/7-7.png,media://products/8-5.png",,,,,,1,,Descartáveis,Facas,Talheres,,,10,Branco,,,,,FAC-BR-1
 9834059,,28586159,,,,,,,,"Faca Eco Madeira Estampada para Festas | Sustentável e Biodegradável","Faca Eco de Madeira estampada, biodegradável e resistente. Ideal para festas, eventos e comemorações sustentáveis. Pacote com 10 unidades.",,"<p>A <strong>Faca Eco Madeira Estampada</strong> é ideal para quem busca praticidade, beleza e sustentabilidade em festas e eventos.</p>
<p>Produzida em madeira resistente e biodegradável, oferece bom desempenho no corte e é perfeita para aniversários, comemorações, eventos corporativos e celebrações ao ar livre.</p><ul><li>🌱 Material ecológico e biodegradável</li><li>🎉 Ideal para festas e eventos</li><li>💪 Resistente e funcional</li><li>✨ Estampas modernas e decorativas</li></ul><ul><li><strong>Produto:</strong> Faca descartável</li><li><strong>Material:</strong> Madeira</li><li><strong>Linha:</strong> Eco</li><li><strong>Comprimento:</strong> 14 cm</li><li><strong>Quantidade:</strong> 10 unidades por pacote</li><li><strong>Uso:</strong> Festas, eventos e comemorações</li><li><strong>Sustentabilidade:</strong> Produto biodegradável</li></ul>","Faca de madeira ecológica, resistente e biodegradável. Ideal para festas, eventos e comemorações sustentáveis.",,"media://products/1-6.png,media://products/2-7.png,media://products/3-7.png,media://products/4-6.png,media://products/5-7.png,media://products/6-7.png,media://products/7-7.png,media://products/8-5.png",,,,,,1,,Descartáveis,Facas,Talheres,,,10,Natural,,,,,FAC-NT-1
 9834059,,28586160,,,,,,,,"Faca Eco Madeira Estampada para Festas | Sustentável e Biodegradável","Faca Eco de Madeira estampada, biodegradável e resistente. Ideal para festas, eventos e comemorações sustentáveis. Pacote com 10 unidades.",,"<p>A <strong>Faca Eco Madeira Estampada</strong> é ideal para quem busca praticidade, beleza e sustentabilidade em festas e eventos.</p>
<p>Produzida em madeira resistente e biodegradável, oferece bom desempenho no corte e é perfeita para aniversários, comemorações, eventos corporativos e celebrações ao ar livre.</p><ul><li>🌱 Material ecológico e biodegradável</li><li>🎉 Ideal para festas e eventos</li><li>💪 Resistente e funcional</li><li>✨ Estampas modernas e decorativas</li></ul><ul><li><strong>Produto:</strong> Faca descartável</li><li><strong>Material:</strong> Madeira</li><li><strong>Linha:</strong> Eco</li><li><strong>Comprimento:</strong> 14 cm</li><li><strong>Quantidade:</strong> 10 unidades por pacote</li><li><strong>Uso:</strong> Festas, eventos e comemorações</li><li><strong>Sustentabilidade:</strong> Produto biodegradável</li></ul>","Faca de madeira ecológica, resistente e biodegradável. Ideal para festas, eventos e comemorações sustentáveis.",,"media://products/1-6.png,media://products/2-7.png,media://products/3-7.png,media://products/4-6.png,media://products/5-7.png,media://products/6-7.png,media://products/7-7.png,media://products/8-5.png",,,,,,1,,Descartáveis,Facas,Talheres,,,10,Preto,,,,,FAC-PR-1
 9834059,,28586161,,,,,,,,"Faca Eco Madeira Estampada para Festas | Sustentável e Biodegradável","Faca Eco de Madeira estampada, biodegradável e resistente. Ideal para festas, eventos e comemorações sustentáveis. Pacote com 10 unidades.",,"<p>A <strong>Faca Eco Madeira Estampada</strong> é ideal para quem busca praticidade, beleza e sustentabilidade em festas e eventos.</p>
<p>Produzida em madeira resistente e biodegradável, oferece bom desempenho no corte e é perfeita para aniversários, comemorações, eventos corporativos e celebrações ao ar livre.</p><ul><li>🌱 Material ecológico e biodegradável</li><li>🎉 Ideal para festas e eventos</li><li>💪 Resistente e funcional</li><li>✨ Estampas modernas e decorativas</li></ul><ul><li><strong>Produto:</strong> Faca descartável</li><li><strong>Material:</strong> Madeira</li><li><strong>Linha:</strong> Eco</li><li><strong>Comprimento:</strong> 14 cm</li><li><strong>Quantidade:</strong> 10 unidades por pacote</li><li><strong>Uso:</strong> Festas, eventos e comemorações</li><li><strong>Sustentabilidade:</strong> Produto biodegradável</li></ul>","Faca de madeira ecológica, resistente e biodegradável. Ideal para festas, eventos e comemorações sustentáveis.",,"media://products/1-6.png,media://products/2-7.png,media://products/3-7.png,media://products/4-6.png,media://products/5-7.png,media://products/6-7.png,media://products/7-7.png,media://products/8-5.png",,,,,,1,,Descartáveis,Facas,Talheres,,,10,Rosa,,,,,FAC-RO-1
 9834059,,28586162,,,,,,,,"Faca Eco Madeira Estampada para Festas | Sustentável e Biodegradável","Faca Eco de Madeira estampada, biodegradável e resistente. Ideal para festas, eventos e comemorações sustentáveis. Pacote com 10 unidades.",,"<p>A <strong>Faca Eco Madeira Estampada</strong> é ideal para quem busca praticidade, beleza e sustentabilidade em festas e eventos.</p>
<p>Produzida em madeira resistente e biodegradável, oferece bom desempenho no corte e é perfeita para aniversários, comemorações, eventos corporativos e celebrações ao ar livre.</p><ul><li>🌱 Material ecológico e biodegradável</li><li>🎉 Ideal para festas e eventos</li><li>💪 Resistente e funcional</li><li>✨ Estampas modernas e decorativas</li></ul><ul><li><strong>Produto:</strong> Faca descartável</li><li><strong>Material:</strong> Madeira</li><li><strong>Linha:</strong> Eco</li><li><strong>Comprimento:</strong> 14 cm</li><li><strong>Quantidade:</strong> 10 unidades por pacote</li><li><strong>Uso:</strong> Festas, eventos e comemorações</li><li><strong>Sustentabilidade:</strong> Produto biodegradável</li></ul>","Faca de madeira ecológica, resistente e biodegradável. Ideal para festas, eventos e comemorações sustentáveis.",,"media://products/1-6.png,media://products/2-7.png,media://products/3-7.png,media://products/4-6.png,media://products/5-7.png,media://products/6-7.png,media://products/7-7.png,media://products/8-5.png",,,,,,1,,Descartáveis,Facas,Talheres,,,10,Vermelho,,,,,FAC-VE-1
9834037,,,,Garfo Eco Madeira Estampado – 10 Unidades,/garfo-eco,"0,100",15.00,5.00,5.00,"Garfo Eco Madeira Estampado para Festas | Sustentável e Biodegradável","Garfo Eco de Madeira estampado, biodegradável e resistente. Ideal para festas, eventos e comemorações sustentáveis. Pacote com 10 unidades.",,"<p>O <strong>Garfo Eco Madeira Estampado</strong> é a escolha perfeita para quem busca praticidade, beleza e sustentabilidade em festas e eventos.</p>
<p>Produzido em madeira resistente e biodegradável, é ideal para aniversários, comemorações, eventos corporativos e celebrações ao ar livre, unindo funcionalidade e consciência ambiental.</p><ul><li>🌱 Material ecológico e biodegradável</li><li>🎉 Ideal para festas e eventos</li><li>💪 Resistente e funcional</li><li>✨ Estampas modernas e decorativas</li></ul>","Garfo de madeira ecológico, resistente e biodegradável. Ideal para festas, eventos e comemorações sustentáveis.",,"media://products/1-5.png,media://products/2-6.png,media://products/3-6.png,media://products/4-5.png,media://products/5-6.png,media://products/6-6.png,media://products/7-6.png",12.90,,,,,1,Silver Festas,Descartáveis,Garfos,Talheres,,,10,,,,,,
 9834037,,28586102,,,,,,,,"Garfo Eco Madeira Estampado para Festas | Sustentável e Biodegradável","Garfo Eco de Madeira estampado, biodegradável e resistente. Ideal para festas, eventos e comemorações sustentáveis. Pacote com 10 unidades.",,"<p>O <strong>Garfo Eco Madeira Estampado</strong> é a escolha perfeita para quem busca praticidade, beleza e sustentabilidade em festas e eventos.</p>
<p>Produzido em madeira resistente e biodegradável, é ideal para aniversários, comemorações, eventos corporativos e celebrações ao ar livre, unindo funcionalidade e consciência ambiental.</p><ul><li>🌱 Material ecológico e biodegradável</li><li>🎉 Ideal para festas e eventos</li><li>💪 Resistente e funcional</li><li>✨ Estampas modernas e decorativas</li></ul>","Garfo de madeira ecológico, resistente e biodegradável. Ideal para festas, eventos e comemorações sustentáveis.",,"media://products/1-5.png,media://products/2-6.png,media://products/3-6.png,media://products/4-5.png,media://products/5-6.png,media://products/6-6.png,media://products/7-6.png",,,,,,1,,Descartáveis,Garfos,Talheres,,,10,Amarelo,,,,,GRF-AM-1
 9834037,,28586114,,,,,,,,"Garfo Eco Madeira Estampado para Festas | Sustentável e Biodegradável","Garfo Eco de Madeira estampado, biodegradável e resistente. Ideal para festas, eventos e comemorações sustentáveis. Pacote com 10 unidades.",,"<p>O <strong>Garfo Eco Madeira Estampado</strong> é a escolha perfeita para quem busca praticidade, beleza e sustentabilidade em festas e eventos.</p>
<p>Produzido em madeira resistente e biodegradável, é ideal para aniversários, comemorações, eventos corporativos e celebrações ao ar livre, unindo funcionalidade e consciência ambiental.</p><ul><li>🌱 Material ecológico e biodegradável</li><li>🎉 Ideal para festas e eventos</li><li>💪 Resistente e funcional</li><li>✨ Estampas modernas e decorativas</li></ul>","Garfo de madeira ecológico, resistente e biodegradável. Ideal para festas, eventos e comemorações sustentáveis.",,"media://products/1-5.png,media://products/2-6.png,media://products/3-6.png,media://products/4-5.png,media://products/5-6.png,media://products/6-6.png,media://products/7-6.png",,,,,,1,,Descartáveis,Garfos,Talheres,,,10,Azul,,,,,GRF-AZ-1
 9834037,,28586115,,,,,,,,"Garfo Eco Madeira Estampado para Festas | Sustentável e Biodegradável","Garfo Eco de Madeira estampado, biodegradável e resistente. Ideal para festas, eventos e comemorações sustentáveis. Pacote com 10 unidades.",,"<p>O <strong>Garfo Eco Madeira Estampado</strong> é a escolha perfeita para quem busca praticidade, beleza e sustentabilidade em festas e eventos.</p>
<p>Produzido em madeira resistente e biodegradável, é ideal para aniversários, comemorações, eventos corporativos e celebrações ao ar livre, unindo funcionalidade e consciência ambiental.</p><ul><li>🌱 Material ecológico e biodegradável</li><li>🎉 Ideal para festas e eventos</li><li>💪 Resistente e funcional</li><li>✨ Estampas modernas e decorativas</li></ul>","Garfo de madeira ecológico, resistente e biodegradável. Ideal para festas, eventos e comemorações sustentáveis.",,"media://products/1-5.png,media://products/2-6.png,media://products/3-6.png,media://products/4-5.png,media://products/5-6.png,media://products/6-6.png,media://products/7-6.png",,,,,,1,,Descartáveis,Garfos,Talheres,,,10,Branco,,,,,GRF-BR-1
 9834037,,28586116,,,,,,,,"Garfo Eco Madeira Estampado para Festas | Sustentável e Biodegradável","Garfo Eco de Madeira estampado, biodegradável e resistente. Ideal para festas, eventos e comemorações sustentáveis. Pacote com 10 unidades.",,"<p>O <strong>Garfo Eco Madeira Estampado</strong> é a escolha perfeita para quem busca praticidade, beleza e sustentabilidade em festas e eventos.</p>
<p>Produzido em madeira resistente e biodegradável, é ideal para aniversários, comemorações, eventos corporativos e celebrações ao ar livre, unindo funcionalidade e consciência ambiental.</p><ul><li>🌱 Material ecológico e biodegradável</li><li>🎉 Ideal para festas e eventos</li><li>💪 Resistente e funcional</li><li>✨ Estampas modernas e decorativas</li></ul>","Garfo de madeira ecológico, resistente e biodegradável. Ideal para festas, eventos e comemorações sustentáveis.",,"media://products/1-5.png,media://products/2-6.png,media://products/3-6.png,media://products/4-5.png,media://products/5-6.png,media://products/6-6.png,media://products/7-6.png",,,,,,1,,Descartáveis,Garfos,Talheres,,,10,Natural,,,,,GRF-NT-1
 9834037,,28586117,,,,,,,,"Garfo Eco Madeira Estampado para Festas | Sustentável e Biodegradável","Garfo Eco de Madeira estampado, biodegradável e resistente. Ideal para festas, eventos e comemorações sustentáveis. Pacote com 10 unidades.",,"<p>O <strong>Garfo Eco Madeira Estampado</strong> é a escolha perfeita para quem busca praticidade, beleza e sustentabilidade em festas e eventos.</p>
<p>Produzido em madeira resistente e biodegradável, é ideal para aniversários, comemorações, eventos corporativos e celebrações ao ar livre, unindo funcionalidade e consciência ambiental.</p><ul><li>🌱 Material ecológico e biodegradável</li><li>🎉 Ideal para festas e eventos</li><li>💪 Resistente e funcional</li><li>✨ Estampas modernas e decorativas</li></ul>","Garfo de madeira ecológico, resistente e biodegradável. Ideal para festas, eventos e comemorações sustentáveis.",,"media://products/1-5.png,media://products/2-6.png,media://products/3-6.png,media://products/4-5.png,media://products/5-6.png,media://products/6-6.png,media://products/7-6.png",,,,,,1,,Descartáveis,Garfos,Talheres,,,10,Preto,,,,,GRF-PR-1
 9834037,,28586118,,,,,,,,"Garfo Eco Madeira Estampado para Festas | Sustentável e Biodegradável","Garfo Eco de Madeira estampado, biodegradável e resistente. Ideal para festas, eventos e comemorações sustentáveis. Pacote com 10 unidades.",,"<p>O <strong>Garfo Eco Madeira Estampado</strong> é a escolha perfeita para quem busca praticidade, beleza e sustentabilidade em festas e eventos.</p>
<p>Produzido em madeira resistente e biodegradável, é ideal para aniversários, comemorações, eventos corporativos e celebrações ao ar livre, unindo funcionalidade e consciência ambiental.</p><ul><li>🌱 Material ecológico e biodegradável</li><li>🎉 Ideal para festas e eventos</li><li>💪 Resistente e funcional</li><li>✨ Estampas modernas e decorativas</li></ul>","Garfo de madeira ecológico, resistente e biodegradável. Ideal para festas, eventos e comemorações sustentáveis.",,"media://products/1-5.png,media://products/2-6.png,media://products/3-6.png,media://products/4-5.png,media://products/5-6.png,media://products/6-6.png,media://products/7-6.png",,,,,,1,,Descartáveis,Garfos,Talheres,,,10,Rosa,,,,,GRF-RO-1
 9834037,,28586119,,,,,,,,"Garfo Eco Madeira Estampado para Festas | Sustentável e Biodegradável","Garfo Eco de Madeira estampado, biodegradável e resistente. Ideal para festas, eventos e comemorações sustentáveis. Pacote com 10 unidades.",,"<p>O <strong>Garfo Eco Madeira Estampado</strong> é a escolha perfeita para quem busca praticidade, beleza e sustentabilidade em festas e eventos.</p>
<p>Produzido em madeira resistente e biodegradável, é ideal para aniversários, comemorações, eventos corporativos e celebrações ao ar livre, unindo funcionalidade e consciência ambiental.</p><ul><li>🌱 Material ecológico e biodegradável</li><li>🎉 Ideal para festas e eventos</li><li>💪 Resistente e funcional</li><li>✨ Estampas modernas e decorativas</li></ul>","Garfo de madeira ecológico, resistente e biodegradável. Ideal para festas, eventos e comemorações sustentáveis.",,"media://products/1-5.png,media://products/2-6.png,media://products/3-6.png,media://products/4-5.png,media://products/5-6.png,media://products/6-6.png,media://products/7-6.png",,,,,,1,,Descartáveis,Garfos,Talheres,,,10,Vermelho,,,,,GRF-VE-1
9822615,,,,Kit 01 - P,/kit-01-p,"0,080",50.00,10.00,40.00,,,,,,,,,340.00,,,,1,,Kits Prontos,,,,,0,,,,,,
 9822615,,28555130,,,,,,,,,,,,,,,,340.00,,,,1,,Kits Prontos,,,,,0,,,,,,
9822548,,,,Quadrinho com Cavalete,/quadrinho-com-cavalete,"0,010",5.00,7.00,12.00,,,,,,,,,,,,,1,,,,,,,0,,,,,,
 9822548,,28554936,,,,,,,,,,,,,,,,,,,,1,,,,,,,0,,,,,,
9822564,,,,Topo de Bolo,/topo-de-bolo,"0,020",20.00,20.00,20.00,,,,,,,,45.00,,,,,1,,,,,,,0,,,,,,
 9822564,,28554966,,,,,,,,,,,,,,,,,,,,1,,,,,,,0,,,,,,
9825330,,,,Vela Mini Design - Amarelo Candy,/vela-mini-design-amarelo-candy,"0,020",3.00,3.00,10.00,"Vela Número Candy Color Amarelo | Silver Festas","Vela número candy amarelo, ideal para aniversários e comemorações. Um toque sofisticado para a decoração do bolo.","vela número, vela de aniversário, vela para bolo, vela decorativa, silver festas","<p><strong>A Vela Número Mini Design Amarelo Candy</strong> da Silver Festas é ideal para deixar o bolo ainda mais especial em aniversários e comemorações.</p>

<p>Com design moderno e acabamento de alta qualidade, essa vela é perfeita para celebrar idades, datas importantes e momentos inesquecíveis, combinando com diversos temas de festa.</p>

<p>Produzida em parafina de excelente qualidade, possui encaixe fácil no bolo, garantindo praticidade e segurança na decoração.</p>

<p><strong>Benefícios</strong></p>
<ul>
  <li>Design moderno e elegante</li>
  <li>Excelente acabamento</li>
  <li>Ideal para bolos de aniversário</li>
  <li>Fácil de fixar no bolo</li>
</ul>

<p><strong>Especificações</strong></p>
<ul>
  <li><strong>Cor:</strong> Amarelo Candy</li>
  <li><strong>Marca:</strong> Silver Festas</li>
  <li><strong>Material:</strong> Parafina</li>
  <li><strong>Conteúdo:</strong> 1 vela (1 unidade)</li>
</ul>
","Vela de número amarelo com design moderno, ideal para aniversários e comemorações.",,"media://products/41.jpg,media://products/42.jpg,media://products/43.jpg,media://products/44.jpg,media://products/45.jpg,media://products/46.jpg,media://products/47.jpg,media://products/48.jpg,media://products/49.jpg,media://products/50.jpg,media://products/design-sem-nome-4.png",7.90,,,,,1,Silver Plastic,Decoração,Velas,Velas de Número,,,0,,,,,,
 9825330,,28563688,,,,,,,,"Vela Número Candy Color Amarelo | Silver Festas","Vela número candy amarelo, ideal para aniversários e comemorações. Um toque sofisticado para a decoração do bolo.","vela número, vela de aniversário, vela para bolo, vela decorativa, silver festas","<p><strong>A Vela Número Mini Design Amarelo Candy</strong> da Silver Festas é ideal para deixar o bolo ainda mais especial em aniversários e comemorações.</p>

<p>Com design moderno e acabamento de alta qualidade, essa vela é perfeita para celebrar idades, datas importantes e momentos inesquecíveis, combinando com diversos temas de festa.</p>

<p>Produzida em parafina de excelente qualidade, possui encaixe fácil no bolo, garantindo praticidade e segurança na decoração.</p>

<p><strong>Benefícios</strong></p>
<ul>
  <li>Design moderno e elegante</li>
  <li>Excelente acabamento</li>
  <li>Ideal para bolos de aniversário</li>
  <li>Fácil de fixar no bolo</li>
</ul>

<p><strong>Especificações</strong></p>
<ul>
  <li><strong>Cor:</strong> Amarelo Candy</li>
  <li><strong>Marca:</strong> Silver Festas</li>
  <li><strong>Material:</strong> Parafina</li>
  <li><strong>Conteúdo:</strong> 1 vela (1 unidade)</li>
</ul>
","Vela de número amarelo com design moderno, ideal para aniversários e comemorações.",,"media://products/41.jpg,media://products/42.jpg,media://products/43.jpg,media://products/44.jpg,media://products/45.jpg,media://products/46.jpg,media://products/47.jpg,media://products/48.jpg,media://products/49.jpg,media://products/50.jpg,media://products/design-sem-nome-4.png",,,,,,1,,Decoração,Velas,Velas de Número,,,0,,Número,1,,,VMD-AM-1
 9825330,,28563689,,,,,,,,"Vela Número Candy Color Amarelo | Silver Festas","Vela número candy amarelo, ideal para aniversários e comemorações. Um toque sofisticado para a decoração do bolo.","vela número, vela de aniversário, vela para bolo, vela decorativa, silver festas","<p><strong>A Vela Número Mini Design Amarelo Candy</strong> da Silver Festas é ideal para deixar o bolo ainda mais especial em aniversários e comemorações.</p>

<p>Com design moderno e acabamento de alta qualidade, essa vela é perfeita para celebrar idades, datas importantes e momentos inesquecíveis, combinando com diversos temas de festa.</p>

<p>Produzida em parafina de excelente qualidade, possui encaixe fácil no bolo, garantindo praticidade e segurança na decoração.</p>

<p><strong>Benefícios</strong></p>
<ul>
  <li>Design moderno e elegante</li>
  <li>Excelente acabamento</li>
  <li>Ideal para bolos de aniversário</li>
  <li>Fácil de fixar no bolo</li>
</ul>

<p><strong>Especificações</strong></p>
<ul>
  <li><strong>Cor:</strong> Amarelo Candy</li>
  <li><strong>Marca:</strong> Silver Festas</li>
  <li><strong>Material:</strong> Parafina</li>
  <li><strong>Conteúdo:</strong> 1 vela (1 unidade)</li>
</ul>
","Vela de número amarelo com design moderno, ideal para aniversários e comemorações.",,"media://products/41.jpg,media://products/42.jpg,media://products/43.jpg,media://products/44.jpg,media://products/45.jpg,media://products/46.jpg,media://products/47.jpg,media://products/48.jpg,media://products/49.jpg,media://products/50.jpg,media://products/design-sem-nome-4.png",,,,,,1,,Decoração,Velas,Velas de Número,,,0,,Número,2,,,VMD-AM-2
 9825330,,28563690,,,,,,,,"Vela Número Candy Color Amarelo | Silver Festas","Vela número candy amarelo, ideal para aniversários e comemorações. Um toque sofisticado para a decoração do bolo.","vela número, vela de aniversário, vela para bolo, vela decorativa, silver festas","<p><strong>A Vela Número Mini Design Amarelo Candy</strong> da Silver Festas é ideal para deixar o bolo ainda mais especial em aniversários e comemorações.</p>

<p>Com design moderno e acabamento de alta qualidade, essa vela é perfeita para celebrar idades, datas importantes e momentos inesquecíveis, combinando com diversos temas de festa.</p>

<p>Produzida em parafina de excelente qualidade, possui encaixe fácil no bolo, garantindo praticidade e segurança na decoração.</p>

<p><strong>Benefícios</strong></p>
<ul>
  <li>Design moderno e elegante</li>
  <li>Excelente acabamento</li>
  <li>Ideal para bolos de aniversário</li>
  <li>Fácil de fixar no bolo</li>
</ul>

<p><strong>Especificações</strong></p>
<ul>
  <li><strong>Cor:</strong> Amarelo Candy</li>
  <li><strong>Marca:</strong> Silver Festas</li>
  <li><strong>Material:</strong> Parafina</li>
  <li><strong>Conteúdo:</strong> 1 vela (1 unidade)</li>
</ul>
","Vela de número amarelo com design moderno, ideal para aniversários e comemorações.",,"media://products/41.jpg,media://products/42.jpg,media://products/43.jpg,media://products/44.jpg,media://products/45.jpg,media://products/46.jpg,media://products/47.jpg,media://products/48.jpg,media://products/49.jpg,media://products/50.jpg,media://products/design-sem-nome-4.png",,,,,,1,,Decoração,Velas,Velas de Número,,,0,,Número,3,,,VMD-AM-3
 9825330,,28563691,,,,,,,,"Vela Número Candy Color Amarelo | Silver Festas","Vela número candy amarelo, ideal para aniversários e comemorações. Um toque sofisticado para a decoração do bolo.","vela número, vela de aniversário, vela para bolo, vela decorativa, silver festas","<p><strong>A Vela Número Mini Design Amarelo Candy</strong> da Silver Festas é ideal para deixar o bolo ainda mais especial em aniversários e comemorações.</p>

<p>Com design moderno e acabamento de alta qualidade, essa vela é perfeita para celebrar idades, datas importantes e momentos inesquecíveis, combinando com diversos temas de festa.</p>

<p>Produzida em parafina de excelente qualidade, possui encaixe fácil no bolo, garantindo praticidade e segurança na decoração.</p>

<p><strong>Benefícios</strong></p>
<ul>
  <li>Design moderno e elegante</li>
  <li>Excelente acabamento</li>
  <li>Ideal para bolos de aniversário</li>
  <li>Fácil de fixar no bolo</li>
</ul>

<p><strong>Especificações</strong></p>
<ul>
  <li><strong>Cor:</strong> Amarelo Candy</li>
  <li><strong>Marca:</strong> Silver Festas</li>
  <li><strong>Material:</strong> Parafina</li>
  <li><strong>Conteúdo:</strong> 1 vela (1 unidade)</li>
</ul>
","Vela de número amarelo com design moderno, ideal para aniversários e comemorações.",,"media://products/41.jpg,media://products/42.jpg,media://products/43.jpg,media://products/44.jpg,media://products/45.jpg,media://products/46.jpg,media://products/47.jpg,media://products/48.jpg,media://products/49.jpg,media://products/50.jpg,media://products/design-sem-nome-4.png",,,,,,1,,Decoração,Velas,Velas de Número,,,0,,Número,4,,,VMD-AM-4
 9825330,,28563692,,,,,,,,"Vela Número Candy Color Amarelo | Silver Festas","Vela número candy amarelo, ideal para aniversários e comemorações. Um toque sofisticado para a decoração do bolo.","vela número, vela de aniversário, vela para bolo, vela decorativa, silver festas","<p><strong>A Vela Número Mini Design Amarelo Candy</strong> da Silver Festas é ideal para deixar o bolo ainda mais especial em aniversários e comemorações.</p>

<p>Com design moderno e acabamento de alta qualidade, essa vela é perfeita para celebrar idades, datas importantes e momentos inesquecíveis, combinando com diversos temas de festa.</p>

<p>Produzida em parafina de excelente qualidade, possui encaixe fácil no bolo, garantindo praticidade e segurança na decoração.</p>

<p><strong>Benefícios</strong></p>
<ul>
  <li>Design moderno e elegante</li>
  <li>Excelente acabamento</li>
  <li>Ideal para bolos de aniversário</li>
  <li>Fácil de fixar no bolo</li>
</ul>

<p><strong>Especificações</strong></p>
<ul>
  <li><strong>Cor:</strong> Amarelo Candy</li>
  <li><strong>Marca:</strong> Silver Festas</li>
  <li><strong>Material:</strong> Parafina</li>
  <li><strong>Conteúdo:</strong> 1 vela (1 unidade)</li>
</ul>
","Vela de número amarelo com design moderno, ideal para aniversários e comemorações.",,"media://products/41.jpg,media://products/42.jpg,media://products/43.jpg,media://products/44.jpg,media://products/45.jpg,media://products/46.jpg,media://products/47.jpg,media://products/48.jpg,media://products/49.jpg,media://products/50.jpg,media://products/design-sem-nome-4.png",,,,,,1,,Decoração,Velas,Velas de Número,,,0,,Número,5,,,VMD-AM-5
 9825330,,28563693,,,,,,,,"Vela Número Candy Color Amarelo | Silver Festas","Vela número candy amarelo, ideal para aniversários e comemorações. Um toque sofisticado para a decoração do bolo.","vela número, vela de aniversário, vela para bolo, vela decorativa, silver festas","<p><strong>A Vela Número Mini Design Amarelo Candy</strong> da Silver Festas é ideal para deixar o bolo ainda mais especial em aniversários e comemorações.</p>

<p>Com design moderno e acabamento de alta qualidade, essa vela é perfeita para celebrar idades, datas importantes e momentos inesquecíveis, combinando com diversos temas de festa.</p>

<p>Produzida em parafina de excelente qualidade, possui encaixe fácil no bolo, garantindo praticidade e segurança na decoração.</p>

<p><strong>Benefícios</strong></p>
<ul>
  <li>Design moderno e elegante</li>
  <li>Excelente acabamento</li>
  <li>Ideal para bolos de aniversário</li>
  <li>Fácil de fixar no bolo</li>
</ul>

<p><strong>Especificações</strong></p>
<ul>
  <li><strong>Cor:</strong> Amarelo Candy</li>
  <li><strong>Marca:</strong> Silver Festas</li>
  <li><strong>Material:</strong> Parafina</li>
  <li><strong>Conteúdo:</strong> 1 vela (1 unidade)</li>
</ul>
","Vela de número amarelo com design moderno, ideal para aniversários e comemorações.",,"media://products/41.jpg,media://products/42.jpg,media://products/43.jpg,media://products/44.jpg,media://products/45.jpg,media://products/46.jpg,media://products/47.jpg,media://products/48.jpg,media://products/49.jpg,media://products/50.jpg,media://products/design-sem-nome-4.png",,,,,,1,,Decoração,Velas,Velas de Número,,,0,,Número,6,,,VMD-AM-6
 9825330,,28563694,,,,,,,,"Vela Número Candy Color Amarelo | Silver Festas","Vela número candy amarelo, ideal para aniversários e comemorações. Um toque sofisticado para a decoração do bolo.","vela número, vela de aniversário, vela para bolo, vela decorativa, silver festas","<p><strong>A Vela Número Mini Design Amarelo Candy</strong> da Silver Festas é ideal para deixar o bolo ainda mais especial em aniversários e comemorações.</p>

<p>Com design moderno e acabamento de alta qualidade, essa vela é perfeita para celebrar idades, datas importantes e momentos inesquecíveis, combinando com diversos temas de festa.</p>

<p>Produzida em parafina de excelente qualidade, possui encaixe fácil no bolo, garantindo praticidade e segurança na decoração.</p>

<p><strong>Benefícios</strong></p>
<ul>
  <li>Design moderno e elegante</li>
  <li>Excelente acabamento</li>
  <li>Ideal para bolos de aniversário</li>
  <li>Fácil de fixar no bolo</li>
</ul>

<p><strong>Especificações</strong></p>
<ul>
  <li><strong>Cor:</strong> Amarelo Candy</li>
  <li><strong>Marca:</strong> Silver Festas</li>
  <li><strong>Material:</strong> Parafina</li>
  <li><strong>Conteúdo:</strong> 1 vela (1 unidade)</li>
</ul>
","Vela de número amarelo com design moderno, ideal para aniversários e comemorações.",,"media://products/41.jpg,media://products/42.jpg,media://products/43.jpg,media://products/44.jpg,media://products/45.jpg,media://products/46.jpg,media://products/47.jpg,media://products/48.jpg,media://products/49.jpg,media://products/50.jpg,media://products/design-sem-nome-4.png",,,,,,1,,Decoração,Velas,Velas de Número,,,0,,Número,7,,,VMD-AM-7
 9825330,,28563695,,,,,,,,"Vela Número Candy Color Amarelo | Silver Festas","Vela número candy amarelo, ideal para aniversários e comemorações. Um toque sofisticado para a decoração do bolo.","vela número, vela de aniversário, vela para bolo, vela decorativa, silver festas","<p><strong>A Vela Número Mini Design Amarelo Candy</strong> da Silver Festas é ideal para deixar o bolo ainda mais especial em aniversários e comemorações.</p>

<p>Com design moderno e acabamento de alta qualidade, essa vela é perfeita para celebrar idades, datas importantes e momentos inesquecíveis, combinando com diversos temas de festa.</p>

<p>Produzida em parafina de excelente qualidade, possui encaixe fácil no bolo, garantindo praticidade e segurança na decoração.</p>

<p><strong>Benefícios</strong></p>
<ul>
  <li>Design moderno e elegante</li>
  <li>Excelente acabamento</li>
  <li>Ideal para bolos de aniversário</li>
  <li>Fácil de fixar no bolo</li>
</ul>

<p><strong>Especificações</strong></p>
<ul>
  <li><strong>Cor:</strong> Amarelo Candy</li>
  <li><strong>Marca:</strong> Silver Festas</li>
  <li><strong>Material:</strong> Parafina</li>
  <li><strong>Conteúdo:</strong> 1 vela (1 unidade)</li>
</ul>
","Vela de número amarelo com design moderno, ideal para aniversários e comemorações.",,"media://products/41.jpg,media://products/42.jpg,media://products/43.jpg,media://products/44.jpg,media://products/45.jpg,media://products/46.jpg,media://products/47.jpg,media://products/48.jpg,media://products/49.jpg,media://products/50.jpg,media://products/design-sem-nome-4.png",,,,,,1,,Decoração,Velas,Velas de Número,,,0,,Número,8,,,VMD-AM-8
 9825330,,28563696,,,,,,,,"Vela Número Candy Color Amarelo | Silver Festas","Vela número candy amarelo, ideal para aniversários e comemorações. Um toque sofisticado para a decoração do bolo.","vela número, vela de aniversário, vela para bolo, vela decorativa, silver festas","<p><strong>A Vela Número Mini Design Amarelo Candy</strong> da Silver Festas é ideal para deixar o bolo ainda mais especial em aniversários e comemorações.</p>

<p>Com design moderno e acabamento de alta qualidade, essa vela é perfeita para celebrar idades, datas importantes e momentos inesquecíveis, combinando com diversos temas de festa.</p>

<p>Produzida em parafina de excelente qualidade, possui encaixe fácil no bolo, garantindo praticidade e segurança na decoração.</p>

<p><strong>Benefícios</strong></p>
<ul>
  <li>Design moderno e elegante</li>
  <li>Excelente acabamento</li>
  <li>Ideal para bolos de aniversário</li>
  <li>Fácil de fixar no bolo</li>
</ul>

<p><strong>Especificações</strong></p>
<ul>
  <li><strong>Cor:</strong> Amarelo Candy</li>
  <li><strong>Marca:</strong> Silver Festas</li>
  <li><strong>Material:</strong> Parafina</li>
  <li><strong>Conteúdo:</strong> 1 vela (1 unidade)</li>
</ul>
","Vela de número amarelo com design moderno, ideal para aniversários e comemorações.",,"media://products/41.jpg,media://products/42.jpg,media://products/43.jpg,media://products/44.jpg,media://products/45.jpg,media://products/46.jpg,media://products/47.jpg,media://products/48.jpg,media://products/49.jpg,media://products/50.jpg,media://products/design-sem-nome-4.png",,,,,,1,,Decoração,Velas,Velas de Número,,,0,,Número,9,,,VMD-AM-9
 9825330,,28563697,,,,,,,,"Vela Número Candy Color Amarelo | Silver Festas","Vela número candy amarelo, ideal para aniversários e comemorações. Um toque sofisticado para a decoração do bolo.","vela número, vela de aniversário, vela para bolo, vela decorativa, silver festas","<p><strong>A Vela Número Mini Design Amarelo Candy</strong> da Silver Festas é ideal para deixar o bolo ainda mais especial em aniversários e comemorações.</p>

<p>Com design moderno e acabamento de alta qualidade, essa vela é perfeita para celebrar idades, datas importantes e momentos inesquecíveis, combinando com diversos temas de festa.</p>

<p>Produzida em parafina de excelente qualidade, possui encaixe fácil no bolo, garantindo praticidade e segurança na decoração.</p>

<p><strong>Benefícios</strong></p>
<ul>
  <li>Design moderno e elegante</li>
  <li>Excelente acabamento</li>
  <li>Ideal para bolos de aniversário</li>
  <li>Fácil de fixar no bolo</li>
</ul>

<p><strong>Especificações</strong></p>
<ul>
  <li><strong>Cor:</strong> Amarelo Candy</li>
  <li><strong>Marca:</strong> Silver Festas</li>
  <li><strong>Material:</strong> Parafina</li>
  <li><strong>Conteúdo:</strong> 1 vela (1 unidade)</li>
</ul>
","Vela de número amarelo com design moderno, ideal para aniversários e comemorações.",,"media://products/41.jpg,media://products/42.jpg,media://products/43.jpg,media://products/44.jpg,media://products/45.jpg,media://products/46.jpg,media://products/47.jpg,media://products/48.jpg,media://products/49.jpg,media://products/50.jpg,media://products/design-sem-nome-4.png",,,,,,1,,Decoração,Velas,Velas de Número,,,0,,Número,0,,,VMD-AM-0
 9825330,,28563698,,,,,,,,"Vela Número Candy Color Amarelo | Silver Festas","Vela número candy amarelo, ideal para aniversários e comemorações. Um toque sofisticado para a decoração do bolo.","vela número, vela de aniversário, vela para bolo, vela decorativa, silver festas","<p><strong>A Vela Número Mini Design Amarelo Candy</strong> da Silver Festas é ideal para deixar o bolo ainda mais especial em aniversários e comemorações.</p>

<p>Com design moderno e acabamento de alta qualidade, essa vela é perfeita para celebrar idades, datas importantes e momentos inesquecíveis, combinando com diversos temas de festa.</p>

<p>Produzida em parafina de excelente qualidade, possui encaixe fácil no bolo, garantindo praticidade e segurança na decoração.</p>

<p><strong>Benefícios</strong></p>
<ul>
  <li>Design moderno e elegante</li>
  <li>Excelente acabamento</li>
  <li>Ideal para bolos de aniversário</li>
  <li>Fácil de fixar no bolo</li>
</ul>

<p><strong>Especificações</strong></p>
<ul>
  <li><strong>Cor:</strong> Amarelo Candy</li>
  <li><strong>Marca:</strong> Silver Festas</li>
  <li><strong>Material:</strong> Parafina</li>
  <li><strong>Conteúdo:</strong> 1 vela (1 unidade)</li>
</ul>
","Vela de número amarelo com design moderno, ideal para aniversários e comemorações.",,"media://products/41.jpg,media://products/42.jpg,media://products/43.jpg,media://products/44.jpg,media://products/45.jpg,media://products/46.jpg,media://products/47.jpg,media://products/48.jpg,media://products/49.jpg,media://products/50.jpg,media://products/design-sem-nome-4.png",,,,,,1,,Decoração,Velas,Velas de Número,,,0,,Número,?,,,VMD-AM-?
9825230,,,,Vela Mini Design - Branco,/vela-mini-design-branco,"0,020",3.00,3.00,10.00,,,,"<p><strong>A Vela Número Mini Design Branco</strong> da Silver Festas é ideal para deixar o bolo ainda mais especial em aniversários e comemorações.</p>

<p>Com design moderno e acabamento de alta qualidade, essa vela é perfeita para celebrar idades, datas importantes e momentos inesquecíveis, combinando com diversos temas de festa.</p>

<p>Produzida em parafina de excelente qualidade, possui encaixe fácil no bolo, garantindo praticidade e segurança na decoração.</p>

<p><strong>Benefícios</strong></p>
<ul>
  <li>Design moderno e elegante</li>
  <li>Excelente acabamento</li>
  <li>Ideal para bolos de aniversário</li>
  <li>Fácil de fixar no bolo</li>
</ul>

<p><strong>Especificações</strong></p>
<ul>
  <li><strong>Cor:</strong> Branco</li>
  <li><strong>Marca:</strong> Silver Festas</li>
  <li><strong>Material:</strong> Parafina</li>
  <li><strong>Conteúdo:</strong> 1 vela (1 unidade)</li>
</ul>
","Vela de número branco com design moderno, ideal para aniversários e comemorações.",,"media://products/61.jpg,media://products/62.jpg,media://products/63.jpg,media://products/64.jpg,media://products/65.jpg,media://products/66.jpg,media://products/67.jpg,media://products/68.jpg,media://products/69.jpg,media://products/70.jpg,media://products/5-3.png",7.90,,,,,1,Silver Plastic,Decoração,Velas,Velas de Número,,,10,,,,,,
 9825230,,28563496,,,,,,,,,,,"<p><strong>A Vela Número Mini Design Branco</strong> da Silver Festas é ideal para deixar o bolo ainda mais especial em aniversários e comemorações.</p>

<p>Com design moderno e acabamento de alta qualidade, essa vela é perfeita para celebrar idades, datas importantes e momentos inesquecíveis, combinando com diversos temas de festa.</p>

<p>Produzida em parafina de excelente qualidade, possui encaixe fácil no bolo, garantindo praticidade e segurança na decoração.</p>

<p><strong>Benefícios</strong></p>
<ul>
  <li>Design moderno e elegante</li>
  <li>Excelente acabamento</li>
  <li>Ideal para bolos de aniversário</li>
  <li>Fácil de fixar no bolo</li>
</ul>

<p><strong>Especificações</strong></p>
<ul>
  <li><strong>Cor:</strong> Branco</li>
  <li><strong>Marca:</strong> Silver Festas</li>
  <li><strong>Material:</strong> Parafina</li>
  <li><strong>Conteúdo:</strong> 1 vela (1 unidade)</li>
</ul>
","Vela de número branco com design moderno, ideal para aniversários e comemorações.",,"media://products/61.jpg,media://products/62.jpg,media://products/63.jpg,media://products/64.jpg,media://products/65.jpg,media://products/66.jpg,media://products/67.jpg,media://products/68.jpg,media://products/69.jpg,media://products/70.jpg,media://products/5-3.png",,,,,,1,,Decoração,Velas,Velas de Número,,,10,,Número,1,,,VMD-BR-1
 9825230,,28563497,,,,,,,,,,,"<p><strong>A Vela Número Mini Design Branco</strong> da Silver Festas é ideal para deixar o bolo ainda mais especial em aniversários e comemorações.</p>

<p>Com design moderno e acabamento de alta qualidade, essa vela é perfeita para celebrar idades, datas importantes e momentos inesquecíveis, combinando com diversos temas de festa.</p>

<p>Produzida em parafina de excelente qualidade, possui encaixe fácil no bolo, garantindo praticidade e segurança na decoração.</p>

<p><strong>Benefícios</strong></p>
<ul>
  <li>Design moderno e elegante</li>
  <li>Excelente acabamento</li>
  <li>Ideal para bolos de aniversário</li>
  <li>Fácil de fixar no bolo</li>
</ul>

<p><strong>Especificações</strong></p>
<ul>
  <li><strong>Cor:</strong> Branco</li>
  <li><strong>Marca:</strong> Silver Festas</li>
  <li><strong>Material:</strong> Parafina</li>
  <li><strong>Conteúdo:</strong> 1 vela (1 unidade)</li>
</ul>
","Vela de número branco com design moderno, ideal para aniversários e comemorações.",,"media://products/61.jpg,media://products/62.jpg,media://products/63.jpg,media://products/64.jpg,media://products/65.jpg,media://products/66.jpg,media://products/67.jpg,media://products/68.jpg,media://products/69.jpg,media://products/70.jpg,media://products/5-3.png",,,,,,1,,Decoração,Velas,Velas de Número,,,10,,Número,2,,,VMD-BR-2
 9825230,,28563498,,,,,,,,,,,"<p><strong>A Vela Número Mini Design Branco</strong> da Silver Festas é ideal para deixar o bolo ainda mais especial em aniversários e comemorações.</p>

<p>Com design moderno e acabamento de alta qualidade, essa vela é perfeita para celebrar idades, datas importantes e momentos inesquecíveis, combinando com diversos temas de festa.</p>

<p>Produzida em parafina de excelente qualidade, possui encaixe fácil no bolo, garantindo praticidade e segurança na decoração.</p>

<p><strong>Benefícios</strong></p>
<ul>
  <li>Design moderno e elegante</li>
  <li>Excelente acabamento</li>
  <li>Ideal para bolos de aniversário</li>
  <li>Fácil de fixar no bolo</li>
</ul>

<p><strong>Especificações</strong></p>
<ul>
  <li><strong>Cor:</strong> Branco</li>
  <li><strong>Marca:</strong> Silver Festas</li>
  <li><strong>Material:</strong> Parafina</li>
  <li><strong>Conteúdo:</strong> 1 vela (1 unidade)</li>
</ul>
","Vela de número branco com design moderno, ideal para aniversários e comemorações.",,"media://products/61.jpg,media://products/62.jpg,media://products/63.jpg,media://products/64.jpg,media://products/65.jpg,media://products/66.jpg,media://products/67.jpg,media://products/68.jpg,media://products/69.jpg,media://products/70.jpg,media://products/5-3.png",,,,,,1,,Decoração,Velas,Velas de Número,,,10,,Número,3,,,VMD-BR-3
 9825230,,28563499,,,,,,,,,,,"<p><strong>A Vela Número Mini Design Branco</strong> da Silver Festas é ideal para deixar o bolo ainda mais especial em aniversários e comemorações.</p>

<p>Com design moderno e acabamento de alta qualidade, essa vela é perfeita para celebrar idades, datas importantes e momentos inesquecíveis, combinando com diversos temas de festa.</p>

<p>Produzida em parafina de excelente qualidade, possui encaixe fácil no bolo, garantindo praticidade e segurança na decoração.</p>

<p><strong>Benefícios</strong></p>
<ul>
  <li>Design moderno e elegante</li>
  <li>Excelente acabamento</li>
  <li>Ideal para bolos de aniversário</li>
  <li>Fácil de fixar no bolo</li>
</ul>

<p><strong>Especificações</strong></p>
<ul>
  <li><strong>Cor:</strong> Branco</li>
  <li><strong>Marca:</strong> Silver Festas</li>
  <li><strong>Material:</strong> Parafina</li>
  <li><strong>Conteúdo:</strong> 1 vela (1 unidade)</li>
</ul>
","Vela de número branco com design moderno, ideal para aniversários e comemorações.",,"media://products/61.jpg,media://products/62.jpg,media://products/63.jpg,media://products/64.jpg,media://products/65.jpg,media://products/66.jpg,media://products/67.jpg,media://products/68.jpg,media://products/69.jpg,media://products/70.jpg,media://products/5-3.png",,,,,,1,,Decoração,Velas,Velas de Número,,,10,,Número,4,,,VMD-BR-4
 9825230,,28563500,,,,,,,,,,,"<p><strong>A Vela Número Mini Design Branco</strong> da Silver Festas é ideal para deixar o bolo ainda mais especial em aniversários e comemorações.</p>

<p>Com design moderno e acabamento de alta qualidade, essa vela é perfeita para celebrar idades, datas importantes e momentos inesquecíveis, combinando com diversos temas de festa.</p>

<p>Produzida em parafina de excelente qualidade, possui encaixe fácil no bolo, garantindo praticidade e segurança na decoração.</p>

<p><strong>Benefícios</strong></p>
<ul>
  <li>Design moderno e elegante</li>
  <li>Excelente acabamento</li>
  <li>Ideal para bolos de aniversário</li>
  <li>Fácil de fixar no bolo</li>
</ul>

<p><strong>Especificações</strong></p>
<ul>
  <li><strong>Cor:</strong> Branco</li>
  <li><strong>Marca:</strong> Silver Festas</li>
  <li><strong>Material:</strong> Parafina</li>
  <li><strong>Conteúdo:</strong> 1 vela (1 unidade)</li>
</ul>
","Vela de número branco com design moderno, ideal para aniversários e comemorações.",,"media://products/61.jpg,media://products/62.jpg,media://products/63.jpg,media://products/64.jpg,media://products/65.jpg,media://products/66.jpg,media://products/67.jpg,media://products/68.jpg,media://products/69.jpg,media://products/70.jpg,media://products/5-3.png",,,,,,1,,Decoração,Velas,Velas de Número,,,10,,Número,5,,,VMD-BR-5
 9825230,,28563501,,,,,,,,,,,"<p><strong>A Vela Número Mini Design Branco</strong> da Silver Festas é ideal para deixar o bolo ainda mais especial em aniversários e comemorações.</p>

<p>Com design moderno e acabamento de alta qualidade, essa vela é perfeita para celebrar idades, datas importantes e momentos inesquecíveis, combinando com diversos temas de festa.</p>

<p>Produzida em parafina de excelente qualidade, possui encaixe fácil no bolo, garantindo praticidade e segurança na decoração.</p>

<p><strong>Benefícios</strong></p>
<ul>
  <li>Design moderno e elegante</li>
  <li>Excelente acabamento</li>
  <li>Ideal para bolos de aniversário</li>
  <li>Fácil de fixar no bolo</li>
</ul>

<p><strong>Especificações</strong></p>
<ul>
  <li><strong>Cor:</strong> Branco</li>
  <li><strong>Marca:</strong> Silver Festas</li>
  <li><strong>Material:</strong> Parafina</li>
  <li><strong>Conteúdo:</strong> 1 vela (1 unidade)</li>
</ul>
","Vela de número branco com design moderno, ideal para aniversários e comemorações.",,"media://products/61.jpg,media://products/62.jpg,media://products/63.jpg,media://products/64.jpg,media://products/65.jpg,media://products/66.jpg,media://products/67.jpg,media://products/68.jpg,media://products/69.jpg,media://products/70.jpg,media://products/5-3.png",,,,,,1,,Decoração,Velas,Velas de Número,,,10,,Número,6,,,VMD-BR-6
 9825230,,28563502,,,,,,,,,,,"<p><strong>A Vela Número Mini Design Branco</strong> da Silver Festas é ideal para deixar o bolo ainda mais especial em aniversários e comemorações.</p>

<p>Com design moderno e acabamento de alta qualidade, essa vela é perfeita para celebrar idades, datas importantes e momentos inesquecíveis, combinando com diversos temas de festa.</p>

<p>Produzida em parafina de excelente qualidade, possui encaixe fácil no bolo, garantindo praticidade e segurança na decoração.</p>

<p><strong>Benefícios</strong></p>
<ul>
  <li>Design moderno e elegante</li>
  <li>Excelente acabamento</li>
  <li>Ideal para bolos de aniversário</li>
  <li>Fácil de fixar no bolo</li>
</ul>

<p><strong>Especificações</strong></p>
<ul>
  <li><strong>Cor:</strong> Branco</li>
  <li><strong>Marca:</strong> Silver Festas</li>
  <li><strong>Material:</strong> Parafina</li>
  <li><strong>Conteúdo:</strong> 1 vela (1 unidade)</li>
</ul>
","Vela de número branco com design moderno, ideal para aniversários e comemorações.",,"media://products/61.jpg,media://products/62.jpg,media://products/63.jpg,media://products/64.jpg,media://products/65.jpg,media://products/66.jpg,media://products/67.jpg,media://products/68.jpg,media://products/69.jpg,media://products/70.jpg,media://products/5-3.png",,,,,,1,,Decoração,Velas,Velas de Número,,,10,,Número,7,,,VMD-BR-7
 9825230,,28563503,,,,,,,,,,,"<p><strong>A Vela Número Mini Design Branco</strong> da Silver Festas é ideal para deixar o bolo ainda mais especial em aniversários e comemorações.</p>

<p>Com design moderno e acabamento de alta qualidade, essa vela é perfeita para celebrar idades, datas importantes e momentos inesquecíveis, combinando com diversos temas de festa.</p>

<p>Produzida em parafina de excelente qualidade, possui encaixe fácil no bolo, garantindo praticidade e segurança na decoração.</p>

<p><strong>Benefícios</strong></p>
<ul>
  <li>Design moderno e elegante</li>
  <li>Excelente acabamento</li>
  <li>Ideal para bolos de aniversário</li>
  <li>Fácil de fixar no bolo</li>
</ul>

<p><strong>Especificações</strong></p>
<ul>
  <li><strong>Cor:</strong> Branco</li>
  <li><strong>Marca:</strong> Silver Festas</li>
  <li><strong>Material:</strong> Parafina</li>
  <li><strong>Conteúdo:</strong> 1 vela (1 unidade)</li>
</ul>
","Vela de número branco com design moderno, ideal para aniversários e comemorações.",,"media://products/61.jpg,media://products/62.jpg,media://products/63.jpg,media://products/64.jpg,media://products/65.jpg,media://products/66.jpg,media://products/67.jpg,media://products/68.jpg,media://products/69.jpg,media://products/70.jpg,media://products/5-3.png",,,,,,1,,Decoração,Velas,Velas de Número,,,10,,Número,8,,,VMD-BR-8
 9825230,,28563504,,,,,,,,,,,"<p><strong>A Vela Número Mini Design Branco</strong> da Silver Festas é ideal para deixar o bolo ainda mais especial em aniversários e comemorações.</p>

<p>Com design moderno e acabamento de alta qualidade, essa vela é perfeita para celebrar idades, datas importantes e momentos inesquecíveis, combinando com diversos temas de festa.</p>

<p>Produzida em parafina de excelente qualidade, possui encaixe fácil no bolo, garantindo praticidade e segurança na decoração.</p>

<p><strong>Benefícios</strong></p>
<ul>
  <li>Design moderno e elegante</li>
  <li>Excelente acabamento</li>
  <li>Ideal para bolos de aniversário</li>
  <li>Fácil de fixar no bolo</li>
</ul>

<p><strong>Especificações</strong></p>
<ul>
  <li><strong>Cor:</strong> Branco</li>
  <li><strong>Marca:</strong> Silver Festas</li>
  <li><strong>Material:</strong> Parafina</li>
  <li><strong>Conteúdo:</strong> 1 vela (1 unidade)</li>
</ul>
","Vela de número branco com design moderno, ideal para aniversários e comemorações.",,"media://products/61.jpg,media://products/62.jpg,media://products/63.jpg,media://products/64.jpg,media://products/65.jpg,media://products/66.jpg,media://products/67.jpg,media://products/68.jpg,media://products/69.jpg,media://products/70.jpg,media://products/5-3.png",,,,,,1,,Decoração,Velas,Velas de Número,,,10,,Número,9,,,VMD-BR-9
 9825230,,28563505,,,,,,,,,,,"<p><strong>A Vela Número Mini Design Branco</strong> da Silver Festas é ideal para deixar o bolo ainda mais especial em aniversários e comemorações.</p>

<p>Com design moderno e acabamento de alta qualidade, essa vela é perfeita para celebrar idades, datas importantes e momentos inesquecíveis, combinando com diversos temas de festa.</p>

<p>Produzida em parafina de excelente qualidade, possui encaixe fácil no bolo, garantindo praticidade e segurança na decoração.</p>

<p><strong>Benefícios</strong></p>
<ul>
  <li>Design moderno e elegante</li>
  <li>Excelente acabamento</li>
  <li>Ideal para bolos de aniversário</li>
  <li>Fácil de fixar no bolo</li>
</ul>

<p><strong>Especificações</strong></p>
<ul>
  <li><strong>Cor:</strong> Branco</li>
  <li><strong>Marca:</strong> Silver Festas</li>
  <li><strong>Material:</strong> Parafina</li>
  <li><strong>Conteúdo:</strong> 1 vela (1 unidade)</li>
</ul>
","Vela de número branco com design moderno, ideal para aniversários e comemorações.",,"media://products/61.jpg,media://products/62.jpg,media://products/63.jpg,media://products/64.jpg,media://products/65.jpg,media://products/66.jpg,media://products/67.jpg,media://products/68.jpg,media://products/69.jpg,media://products/70.jpg,media://products/5-3.png",,,,,,1,,Decoração,Velas,Velas de Número,,,10,,Número,0,,,VMD-BR-0
 9825230,,28563506,,,,,,,,,,,"<p><strong>A Vela Número Mini Design Branco</strong> da Silver Festas é ideal para deixar o bolo ainda mais especial em aniversários e comemorações.</p>

<p>Com design moderno e acabamento de alta qualidade, essa vela é perfeita para celebrar idades, datas importantes e momentos inesquecíveis, combinando com diversos temas de festa.</p>

<p>Produzida em parafina de excelente qualidade, possui encaixe fácil no bolo, garantindo praticidade e segurança na decoração.</p>

<p><strong>Benefícios</strong></p>
<ul>
  <li>Design moderno e elegante</li>
  <li>Excelente acabamento</li>
  <li>Ideal para bolos de aniversário</li>
  <li>Fácil de fixar no bolo</li>
</ul>

<p><strong>Especificações</strong></p>
<ul>
  <li><strong>Cor:</strong> Branco</li>
  <li><strong>Marca:</strong> Silver Festas</li>
  <li><strong>Material:</strong> Parafina</li>
  <li><strong>Conteúdo:</strong> 1 vela (1 unidade)</li>
</ul>
","Vela de número branco com design moderno, ideal para aniversários e comemorações.",,"media://products/61.jpg,media://products/62.jpg,media://products/63.jpg,media://products/64.jpg,media://products/65.jpg,media://products/66.jpg,media://products/67.jpg,media://products/68.jpg,media://products/69.jpg,media://products/70.jpg,media://products/5-3.png",,,,,,1,,Decoração,Velas,Velas de Número,,,10,,Número,?,,,VMD-BR-?
9832758,,,,Vela Mini Design - Bronze,/vela-mini-design-bronze,"0,020",3.00,3.00,10.00,"Vela Número Bronze | Silver Festas","Vela número bronze com design moderno, ideal para aniversários e comemorações. Destaque o bolo com charme e praticidade.","vela número bronze, vela de aniversário azul, vela para bolo, silver festas","<p><strong>A Vela Número Mini Design Bronze</strong> da Silver Festas é ideal para deixar o bolo ainda mais especial em aniversários e comemorações.</p>

<p>Com design moderno e acabamento de alta qualidade, essa vela é perfeita para celebrar idades, datas importantes e momentos inesquecíveis, combinando com diversos temas de festa.</p>

<p>Produzida em parafina de excelente qualidade, possui encaixe fácil no bolo, garantindo praticidade e segurança na decoração.</p>

<p><strong>Benefícios</strong></p>
<ul>
  <li>Design moderno e elegante</li>
  <li>Excelente acabamento</li>
  <li>Ideal para bolos de aniversário</li>
  <li>Fácil de fixar no bolo</li>
</ul>

<p><strong>Especificações</strong></p>
<ul>
  <li><strong>Cor:</strong> Bronze</li>
  <li><strong>Marca:</strong> Silver Festas</li>
  <li><strong>Material:</strong> Parafina</li>
  <li><strong>Conteúdo:</strong> 1 vela (1 unidade)</li>
</ul>
","Vela de número bronze com design moderno, ideal para aniversários e comemorações.",,"media://products/12.png,media://products/10.png,media://products/9.png,media://products/8.png,media://products/7.png,media://products/6.png,media://products/5.png,media://products/4.png,media://products/3.png,media://products/2.png,media://products/11.png,media://products/1.png",7.90,,,,,1,Silver Plastic,Decoração,Velas,Velas de Número,,,10,,,,,,
 9832758,,28582886,,,,,,,,"Vela Número Bronze | Silver Festas","Vela número bronze com design moderno, ideal para aniversários e comemorações. Destaque o bolo com charme e praticidade.","vela número bronze, vela de aniversário azul, vela para bolo, silver festas","<p><strong>A Vela Número Mini Design Bronze</strong> da Silver Festas é ideal para deixar o bolo ainda mais especial em aniversários e comemorações.</p>

<p>Com design moderno e acabamento de alta qualidade, essa vela é perfeita para celebrar idades, datas importantes e momentos inesquecíveis, combinando com diversos temas de festa.</p>

<p>Produzida em parafina de excelente qualidade, possui encaixe fácil no bolo, garantindo praticidade e segurança na decoração.</p>

<p><strong>Benefícios</strong></p>
<ul>
  <li>Design moderno e elegante</li>
  <li>Excelente acabamento</li>
  <li>Ideal para bolos de aniversário</li>
  <li>Fácil de fixar no bolo</li>
</ul>

<p><strong>Especificações</strong></p>
<ul>
  <li><strong>Cor:</strong> Bronze</li>
  <li><strong>Marca:</strong> Silver Festas</li>
  <li><strong>Material:</strong> Parafina</li>
  <li><strong>Conteúdo:</strong> 1 vela (1 unidade)</li>
</ul>
","Vela de número bronze com design moderno, ideal para aniversários e comemorações.",,"media://products/12.png,media://products/10.png,media://products/9.png,media://products/8.png,media://products/7.png,media://products/6.png,media://products/5.png,media://products/4.png,media://products/3.png,media://products/2.png,media://products/11.png,media://products/1.png",,,,,,1,,Decoração,Velas,Velas de Número,,,10,,Número,1,,,VMD-BZ-1
 9832758,,28582887,,,,,,,,"Vela Número Bronze | Silver Festas","Vela número bronze com design moderno, ideal para aniversários e comemorações. Destaque o bolo com charme e praticidade.","vela número bronze, vela de aniversário azul, vela para bolo, silver festas","<p><strong>A Vela Número Mini Design Bronze</strong> da Silver Festas é ideal para deixar o bolo ainda mais especial em aniversários e comemorações.</p>

<p>Com design moderno e acabamento de alta qualidade, essa vela é perfeita para celebrar idades, datas importantes e momentos inesquecíveis, combinando com diversos temas de festa.</p>

<p>Produzida em parafina de excelente qualidade, possui encaixe fácil no bolo, garantindo praticidade e segurança na decoração.</p>

<p><strong>Benefícios</strong></p>
<ul>
  <li>Design moderno e elegante</li>
  <li>Excelente acabamento</li>
  <li>Ideal para bolos de aniversário</li>
  <li>Fácil de fixar no bolo</li>
</ul>

<p><strong>Especificações</strong></p>
<ul>
  <li><strong>Cor:</strong> Bronze</li>
  <li><strong>Marca:</strong> Silver Festas</li>
  <li><strong>Material:</strong> Parafina</li>
  <li><strong>Conteúdo:</strong> 1 vela (1 unidade)</li>
</ul>
","Vela de número bronze com design moderno, ideal para aniversários e comemorações.",,"media://products/12.png,media://products/10.png,media://products/9.png,media://products/8.png,media://products/7.png,media://products/6.png,media://products/5.png,media://products/4.png,media://products/3.png,media://products/2.png,media://products/11.png,media://products/1.png",,,,,,1,,Decoração,Velas,Velas de Número,,,10,,Número,2,,,VMD-BZ-2
 9832758,,28582888,,,,,,,,"Vela Número Bronze | Silver Festas","Vela número bronze com design moderno, ideal para aniversários e comemorações. Destaque o bolo com charme e praticidade.","vela número bronze, vela de aniversário azul, vela para bolo, silver festas","<p><strong>A Vela Número Mini Design Bronze</strong> da Silver Festas é ideal para deixar o bolo ainda mais especial em aniversários e comemorações.</p>

<p>Com design moderno e acabamento de alta qualidade, essa vela é perfeita para celebrar idades, datas importantes e momentos inesquecíveis, combinando com diversos temas de festa.</p>

<p>Produzida em parafina de excelente qualidade, possui encaixe fácil no bolo, garantindo praticidade e segurança na decoração.</p>

<p><strong>Benefícios</strong></p>
<ul>
  <li>Design moderno e elegante</li>
  <li>Excelente acabamento</li>
  <li>Ideal para bolos de aniversário</li>
  <li>Fácil de fixar no bolo</li>
</ul>

<p><strong>Especificações</strong></p>
<ul>
  <li><strong>Cor:</strong> Bronze</li>
  <li><strong>Marca:</strong> Silver Festas</li>
  <li><strong>Material:</strong> Parafina</li>
  <li><strong>Conteúdo:</strong> 1 vela (1 unidade)</li>
</ul>
","Vela de número bronze com design moderno, ideal para aniversários e comemorações.",,"media://products/12.png,media://products/10.png,media://products/9.png,media://products/8.png,media://products/7.png,media://products/6.png,media://products/5.png,media://products/4.png,media://products/3.png,media://products/2.png,media://products/11.png,media://products/1.png",,,,,,1,,Decoração,Velas,Velas de Número,,,10,,Número,3,,,VMD-BZ-3
 9832758,,28582889,,,,,,,,"Vela Número Bronze | Silver Festas","Vela número bronze com design moderno, ideal para aniversários e comemorações. Destaque o bolo com charme e praticidade.","vela número bronze, vela de aniversário azul, vela para bolo, silver festas","<p><strong>A Vela Número Mini Design Bronze</strong> da Silver Festas é ideal para deixar o bolo ainda mais especial em aniversários e comemorações.</p>

<p>Com design moderno e acabamento de alta qualidade, essa vela é perfeita para celebrar idades, datas importantes e momentos inesquecíveis, combinando com diversos temas de festa.</p>

<p>Produzida em parafina de excelente qualidade, possui encaixe fácil no bolo, garantindo praticidade e segurança na decoração.</p>

<p><strong>Benefícios</strong></p>
<ul>
  <li>Design moderno e elegante</li>
  <li>Excelente acabamento</li>
  <li>Ideal para bolos de aniversário</li>
  <li>Fácil de fixar no bolo</li>
</ul>

<p><strong>Especificações</strong></p>
<ul>
  <li><strong>Cor:</strong> Bronze</li>
  <li><strong>Marca:</strong> Silver Festas</li>
  <li><strong>Material:</strong> Parafina</li>
  <li><strong>Conteúdo:</strong> 1 vela (1 unidade)</li>
</ul>
","Vela de número bronze com design moderno, ideal para aniversários e comemorações.",,"media://products/12.png,media://products/10.png,media://products/9.png,media://products/8.png,media://products/7.png,media://products/6.png,media://products/5.png,media://products/4.png,media://products/3.png,media://products/2.png,media://products/11.png,media://products/1.png",,,,,,1,,Decoração,Velas,Velas de Número,,,10,,Número,4,,,VMD-BZ-4
 9832758,,28582890,,,,,,,,"Vela Número Bronze | Silver Festas","Vela número bronze com design moderno, ideal para aniversários e comemorações. Destaque o bolo com charme e praticidade.","vela número bronze, vela de aniversário azul, vela para bolo, silver festas","<p><strong>A Vela Número Mini Design Bronze</strong> da Silver Festas é ideal para deixar o bolo ainda mais especial em aniversários e comemorações.</p>

<p>Com design moderno e acabamento de alta qualidade, essa vela é perfeita para celebrar idades, datas importantes e momentos inesquecíveis, combinando com diversos temas de festa.</p>

<p>Produzida em parafina de excelente qualidade, possui encaixe fácil no bolo, garantindo praticidade e segurança na decoração.</p>

<p><strong>Benefícios</strong></p>
<ul>
  <li>Design moderno e elegante</li>
  <li>Excelente acabamento</li>
  <li>Ideal para bolos de aniversário</li>
  <li>Fácil de fixar no bolo</li>
</ul>

<p><strong>Especificações</strong></p>
<ul>
  <li><strong>Cor:</strong> Bronze</li>
  <li><strong>Marca:</strong> Silver Festas</li>
  <li><strong>Material:</strong> Parafina</li>
  <li><strong>Conteúdo:</strong> 1 vela (1 unidade)</li>
</ul>
","Vela de número bronze com design moderno, ideal para aniversários e comemorações.",,"media://products/12.png,media://products/10.png,media://products/9.png,media://products/8.png,media://products/7.png,media://products/6.png,media://products/5.png,media://products/4.png,media://products/3.png,media://products/2.png,media://products/11.png,media://products/1.png",,,,,,1,,Decoração,Velas,Velas de Número,,,10,,Número,5,,,VMD-BZ-5
 9832758,,28582891,,,,,,,,"Vela Número Bronze | Silver Festas","Vela número bronze com design moderno, ideal para aniversários e comemorações. Destaque o bolo com charme e praticidade.","vela número bronze, vela de aniversário azul, vela para bolo, silver festas","<p><strong>A Vela Número Mini Design Bronze</strong> da Silver Festas é ideal para deixar o bolo ainda mais especial em aniversários e comemorações.</p>

<p>Com design moderno e acabamento de alta qualidade, essa vela é perfeita para celebrar idades, datas importantes e momentos inesquecíveis, combinando com diversos temas de festa.</p>

<p>Produzida em parafina de excelente qualidade, possui encaixe fácil no bolo, garantindo praticidade e segurança na decoração.</p>

<p><strong>Benefícios</strong></p>
<ul>
  <li>Design moderno e elegante</li>
  <li>Excelente acabamento</li>
  <li>Ideal para bolos de aniversário</li>
  <li>Fácil de fixar no bolo</li>
</ul>

<p><strong>Especificações</strong></p>
<ul>
  <li><strong>Cor:</strong> Bronze</li>
  <li><strong>Marca:</strong> Silver Festas</li>
  <li><strong>Material:</strong> Parafina</li>
  <li><strong>Conteúdo:</strong> 1 vela (1 unidade)</li>
</ul>
","Vela de número bronze com design moderno, ideal para aniversários e comemorações.",,"media://products/12.png,media://products/10.png,media://products/9.png,media://products/8.png,media://products/7.png,media://products/6.png,media://products/5.png,media://products/4.png,media://products/3.png,media://products/2.png,media://products/11.png,media://products/1.png",,,,,,1,,Decoração,Velas,Velas de Número,,,10,,Número,6,,,VMD-BZ-6
 9832758,,28582892,,,,,,,,"Vela Número Bronze | Silver Festas","Vela número bronze com design moderno, ideal para aniversários e comemorações. Destaque o bolo com charme e praticidade.","vela número bronze, vela de aniversário azul, vela para bolo, silver festas","<p><strong>A Vela Número Mini Design Bronze</strong> da Silver Festas é ideal para deixar o bolo ainda mais especial em aniversários e comemorações.</p>

<p>Com design moderno e acabamento de alta qualidade, essa vela é perfeita para celebrar idades, datas importantes e momentos inesquecíveis, combinando com diversos temas de festa.</p>

<p>Produzida em parafina de excelente qualidade, possui encaixe fácil no bolo, garantindo praticidade e segurança na decoração.</p>

<p><strong>Benefícios</strong></p>
<ul>
  <li>Design moderno e elegante</li>
  <li>Excelente acabamento</li>
  <li>Ideal para bolos de aniversário</li>
  <li>Fácil de fixar no bolo</li>
</ul>

<p><strong>Especificações</strong></p>
<ul>
  <li><strong>Cor:</strong> Bronze</li>
  <li><strong>Marca:</strong> Silver Festas</li>
  <li><strong>Material:</strong> Parafina</li>
  <li><strong>Conteúdo:</strong> 1 vela (1 unidade)</li>
</ul>
","Vela de número bronze com design moderno, ideal para aniversários e comemorações.",,"media://products/12.png,media://products/10.png,media://products/9.png,media://products/8.png,media://products/7.png,media://products/6.png,media://products/5.png,media://products/4.png,media://products/3.png,media://products/2.png,media://products/11.png,media://products/1.png",,,,,,1,,Decoração,Velas,Velas de Número,,,10,,Número,7,,,VMD-BZ-7
 9832758,,28582893,,,,,,,,"Vela Número Bronze | Silver Festas","Vela número bronze com design moderno, ideal para aniversários e comemorações. Destaque o bolo com charme e praticidade.","vela número bronze, vela de aniversário azul, vela para bolo, silver festas","<p><strong>A Vela Número Mini Design Bronze</strong> da Silver Festas é ideal para deixar o bolo ainda mais especial em aniversários e comemorações.</p>

<p>Com design moderno e acabamento de alta qualidade, essa vela é perfeita para celebrar idades, datas importantes e momentos inesquecíveis, combinando com diversos temas de festa.</p>

<p>Produzida em parafina de excelente qualidade, possui encaixe fácil no bolo, garantindo praticidade e segurança na decoração.</p>

<p><strong>Benefícios</strong></p>
<ul>
  <li>Design moderno e elegante</li>
  <li>Excelente acabamento</li>
  <li>Ideal para bolos de aniversário</li>
  <li>Fácil de fixar no bolo</li>
</ul>

<p><strong>Especificações</strong></p>
<ul>
  <li><strong>Cor:</strong> Bronze</li>
  <li><strong>Marca:</strong> Silver Festas</li>
  <li><strong>Material:</strong> Parafina</li>
  <li><strong>Conteúdo:</strong> 1 vela (1 unidade)</li>
</ul>
","Vela de número bronze com design moderno, ideal para aniversários e comemorações.",,"media://products/12.png,media://products/10.png,media://products/9.png,media://products/8.png,media://products/7.png,media://products/6.png,media://products/5.png,media://products/4.png,media://products/3.png,media://products/2.png,media://products/11.png,media://products/1.png",,,,,,1,,Decoração,Velas,Velas de Número,,,10,,Número,8,,,VMD-BZ-8
 9832758,,28582894,,,,,,,,"Vela Número Bronze | Silver Festas","Vela número bronze com design moderno, ideal para aniversários e comemorações. Destaque o bolo com charme e praticidade.","vela número bronze, vela de aniversário azul, vela para bolo, silver festas","<p><strong>A Vela Número Mini Design Bronze</strong> da Silver Festas é ideal para deixar o bolo ainda mais especial em aniversários e comemorações.</p>

<p>Com design moderno e acabamento de alta qualidade, essa vela é perfeita para celebrar idades, datas importantes e momentos inesquecíveis, combinando com diversos temas de festa.</p>

<p>Produzida em parafina de excelente qualidade, possui encaixe fácil no bolo, garantindo praticidade e segurança na decoração.</p>

<p><strong>Benefícios</strong></p>
<ul>
  <li>Design moderno e elegante</li>
  <li>Excelente acabamento</li>
  <li>Ideal para bolos de aniversário</li>
  <li>Fácil de fixar no bolo</li>
</ul>

<p><strong>Especificações</strong></p>
<ul>
  <li><strong>Cor:</strong> Bronze</li>
  <li><strong>Marca:</strong> Silver Festas</li>
  <li><strong>Material:</strong> Parafina</li>
  <li><strong>Conteúdo:</strong> 1 vela (1 unidade)</li>
</ul>
","Vela de número bronze com design moderno, ideal para aniversários e comemorações.",,"media://products/12.png,media://products/10.png,media://products/9.png,media://products/8.png,media://products/7.png,media://products/6.png,media://products/5.png,media://products/4.png,media://products/3.png,media://products/2.png,media://products/11.png,media://products/1.png",,,,,,1,,Decoração,Velas,Velas de Número,,,10,,Número,9,,,VMD-BZ-9
 9832758,,28582895,,,,,,,,"Vela Número Bronze | Silver Festas","Vela número bronze com design moderno, ideal para aniversários e comemorações. Destaque o bolo com charme e praticidade.","vela número bronze, vela de aniversário azul, vela para bolo, silver festas","<p><strong>A Vela Número Mini Design Bronze</strong> da Silver Festas é ideal para deixar o bolo ainda mais especial em aniversários e comemorações.</p>

<p>Com design moderno e acabamento de alta qualidade, essa vela é perfeita para celebrar idades, datas importantes e momentos inesquecíveis, combinando com diversos temas de festa.</p>

<p>Produzida em parafina de excelente qualidade, possui encaixe fácil no bolo, garantindo praticidade e segurança na decoração.</p>

<p><strong>Benefícios</strong></p>
<ul>
  <li>Design moderno e elegante</li>
  <li>Excelente acabamento</li>
  <li>Ideal para bolos de aniversário</li>
  <li>Fácil de fixar no bolo</li>
</ul>

<p><strong>Especificações</strong></p>
<ul>
  <li><strong>Cor:</strong> Bronze</li>
  <li><strong>Marca:</strong> Silver Festas</li>
  <li><strong>Material:</strong> Parafina</li>
  <li><strong>Conteúdo:</strong> 1 vela (1 unidade)</li>
</ul>
","Vela de número bronze com design moderno, ideal para aniversários e comemorações.",,"media://products/12.png,media://products/10.png,media://products/9.png,media://products/8.png,media://products/7.png,media://products/6.png,media://products/5.png,media://products/4.png,media://products/3.png,media://products/2.png,media://products/11.png,media://products/1.png",,,,,,1,,Decoração,Velas,Velas de Número,,,10,,Número,0,,,VMD-BZ-0
 9832758,,28582896,,,,,,,,"Vela Número Bronze | Silver Festas","Vela número bronze com design moderno, ideal para aniversários e comemorações. Destaque o bolo com charme e praticidade.","vela número bronze, vela de aniversário azul, vela para bolo, silver festas","<p><strong>A Vela Número Mini Design Bronze</strong> da Silver Festas é ideal para deixar o bolo ainda mais especial em aniversários e comemorações.</p>

<p>Com design moderno e acabamento de alta qualidade, essa vela é perfeita para celebrar idades, datas importantes e momentos inesquecíveis, combinando com diversos temas de festa.</p>

<p>Produzida em parafina de excelente qualidade, possui encaixe fácil no bolo, garantindo praticidade e segurança na decoração.</p>

<p><strong>Benefícios</strong></p>
<ul>
  <li>Design moderno e elegante</li>
  <li>Excelente acabamento</li>
  <li>Ideal para bolos de aniversário</li>
  <li>Fácil de fixar no bolo</li>
</ul>

<p><strong>Especificações</strong></p>
<ul>
  <li><strong>Cor:</strong> Bronze</li>
  <li><strong>Marca:</strong> Silver Festas</li>
  <li><strong>Material:</strong> Parafina</li>
  <li><strong>Conteúdo:</strong> 1 vela (1 unidade)</li>
</ul>
","Vela de número bronze com design moderno, ideal para aniversários e comemorações.",,"media://products/12.png,media://products/10.png,media://products/9.png,media://products/8.png,media://products/7.png,media://products/6.png,media://products/5.png,media://products/4.png,media://products/3.png,media://products/2.png,media://products/11.png,media://products/1.png",,,,,,1,,Decoração,Velas,Velas de Número,,,10,,Número,?,,,VMD-BZ-?
9825554,,,,Vela Mini Design - Dourado,/vela-mini-design-dourado,"0,020",3.00,3.00,10.00,"Vela Número Dourado | Silver Festas","Vela número dourado com design moderno, ideal para aniversários e comemorações. Destaque o bolo com charme e praticidade.","vela número dourado, vela de aniversário dourado, vela para bolo, silver festas","<p><strong>A Vela Número Mini Design Dourado</strong> da Silver Festas é ideal para deixar o bolo ainda mais especial em aniversários e comemorações.</p>

<p>Com design moderno e acabamento de alta qualidade, essa vela é perfeita para celebrar idades, datas importantes e momentos inesquecíveis, combinando com diversos temas de festa.</p>

<p>Produzida em parafina de excelente qualidade, possui encaixe fácil no bolo, garantindo praticidade e segurança na decoração.</p>

<p><strong>Benefícios</strong></p>
<ul>
  <li>Design moderno e elegante</li>
  <li>Excelente acabamento</li>
  <li>Ideal para bolos de aniversário</li>
  <li>Fácil de fixar no bolo</li>
</ul>

<p><strong>Especificações</strong></p>
<ul>
  <li><strong>Cor:</strong> Dourado</li>
  <li><strong>Marca:</strong> Silver Festas</li>
  <li><strong>Material:</strong> Parafina</li>
  <li><strong>Conteúdo:</strong> 1 vela (1 unidade)</li>
</ul>
","Vela de número dourado com design moderno, ideal para aniversários e comemorações.",,"media://products/design-sem-nome-5.png,media://products/design-sem-nome-6.png,media://products/design-sem-nome-7.png,media://products/design-sem-nome-8.png,media://products/design-sem-nome-9.png,media://products/design-sem-nome-10.png,media://products/design-sem-nome-11.png,media://products/design-sem-nome-12.png,media://products/design-sem-nome-13.png,media://products/design-sem-nome-14.png,media://products/design-sem-nome-15.png,media://products/design-sem-nome-16.png",7.90,,,,,1,Silver Plastic,Decoração,Velas,Velas de Número,,,10,,,,,,
 9825554,,28564017,,,,,,,,"Vela Número Dourado | Silver Festas","Vela número dourado com design moderno, ideal para aniversários e comemorações. Destaque o bolo com charme e praticidade.","vela número dourado, vela de aniversário dourado, vela para bolo, silver festas","<p><strong>A Vela Número Mini Design Dourado</strong> da Silver Festas é ideal para deixar o bolo ainda mais especial em aniversários e comemorações.</p>

<p>Com design moderno e acabamento de alta qualidade, essa vela é perfeita para celebrar idades, datas importantes e momentos inesquecíveis, combinando com diversos temas de festa.</p>

<p>Produzida em parafina de excelente qualidade, possui encaixe fácil no bolo, garantindo praticidade e segurança na decoração.</p>

<p><strong>Benefícios</strong></p>
<ul>
  <li>Design moderno e elegante</li>
  <li>Excelente acabamento</li>
  <li>Ideal para bolos de aniversário</li>
  <li>Fácil de fixar no bolo</li>
</ul>

<p><strong>Especificações</strong></p>
<ul>
  <li><strong>Cor:</strong> Dourado</li>
  <li><strong>Marca:</strong> Silver Festas</li>
  <li><strong>Material:</strong> Parafina</li>
  <li><strong>Conteúdo:</strong> 1 vela (1 unidade)</li>
</ul>
","Vela de número dourado com design moderno, ideal para aniversários e comemorações.",,"media://products/design-sem-nome-5.png,media://products/design-sem-nome-6.png,media://products/design-sem-nome-7.png,media://products/design-sem-nome-8.png,media://products/design-sem-nome-9.png,media://products/design-sem-nome-10.png,media://products/design-sem-nome-11.png,media://products/design-sem-nome-12.png,media://products/design-sem-nome-13.png,media://products/design-sem-nome-14.png,media://products/design-sem-nome-15.png,media://products/design-sem-nome-16.png",,,,,,1,,Decoração,Velas,Velas de Número,,,10,,Número,1,,,VMD-DD-1
 9825554,,28564018,,,,,,,,"Vela Número Dourado | Silver Festas","Vela número dourado com design moderno, ideal para aniversários e comemorações. Destaque o bolo com charme e praticidade.","vela número dourado, vela de aniversário dourado, vela para bolo, silver festas","<p><strong>A Vela Número Mini Design Dourado</strong> da Silver Festas é ideal para deixar o bolo ainda mais especial em aniversários e comemorações.</p>

<p>Com design moderno e acabamento de alta qualidade, essa vela é perfeita para celebrar idades, datas importantes e momentos inesquecíveis, combinando com diversos temas de festa.</p>

<p>Produzida em parafina de excelente qualidade, possui encaixe fácil no bolo, garantindo praticidade e segurança na decoração.</p>

<p><strong>Benefícios</strong></p>
<ul>
  <li>Design moderno e elegante</li>
  <li>Excelente acabamento</li>
  <li>Ideal para bolos de aniversário</li>
  <li>Fácil de fixar no bolo</li>
</ul>

<p><strong>Especificações</strong></p>
<ul>
  <li><strong>Cor:</strong> Dourado</li>
  <li><strong>Marca:</strong> Silver Festas</li>
  <li><strong>Material:</strong> Parafina</li>
  <li><strong>Conteúdo:</strong> 1 vela (1 unidade)</li>
</ul>
","Vela de número dourado com design moderno, ideal para aniversários e comemorações.",,"media://products/design-sem-nome-5.png,media://products/design-sem-nome-6.png,media://products/design-sem-nome-7.png,media://products/design-sem-nome-8.png,media://products/design-sem-nome-9.png,media://products/design-sem-nome-10.png,media://products/design-sem-nome-11.png,media://products/design-sem-nome-12.png,media://products/design-sem-nome-13.png,media://products/design-sem-nome-14.png,media://products/design-sem-nome-15.png,media://products/design-sem-nome-16.png",,,,,,1,,Decoração,Velas,Velas de Número,,,10,,Número,2,,,VMD-DD-2
 9825554,,28564019,,,,,,,,"Vela Número Dourado | Silver Festas","Vela número dourado com design moderno, ideal para aniversários e comemorações. Destaque o bolo com charme e praticidade.","vela número dourado, vela de aniversário dourado, vela para bolo, silver festas","<p><strong>A Vela Número Mini Design Dourado</strong> da Silver Festas é ideal para deixar o bolo ainda mais especial em aniversários e comemorações.</p>

<p>Com design moderno e acabamento de alta qualidade, essa vela é perfeita para celebrar idades, datas importantes e momentos inesquecíveis, combinando com diversos temas de festa.</p>

<p>Produzida em parafina de excelente qualidade, possui encaixe fácil no bolo, garantindo praticidade e segurança na decoração.</p>

<p><strong>Benefícios</strong></p>
<ul>
  <li>Design moderno e elegante</li>
  <li>Excelente acabamento</li>
  <li>Ideal para bolos de aniversário</li>
  <li>Fácil de fixar no bolo</li>
</ul>

<p><strong>Especificações</strong></p>
<ul>
  <li><strong>Cor:</strong> Dourado</li>
  <li><strong>Marca:</strong> Silver Festas</li>
  <li><strong>Material:</strong> Parafina</li>
  <li><strong>Conteúdo:</strong> 1 vela (1 unidade)</li>
</ul>
","Vela de número dourado com design moderno, ideal para aniversários e comemorações.",,"media://products/design-sem-nome-5.png,media://products/design-sem-nome-6.png,media://products/design-sem-nome-7.png,media://products/design-sem-nome-8.png,media://products/design-sem-nome-9.png,media://products/design-sem-nome-10.png,media://products/design-sem-nome-11.png,media://products/design-sem-nome-12.png,media://products/design-sem-nome-13.png,media://products/design-sem-nome-14.png,media://products/design-sem-nome-15.png,media://products/design-sem-nome-16.png",,,,,,1,,Decoração,Velas,Velas de Número,,,10,,Número,3,,,VMD-DD-3
 9825554,,28564020,,,,,,,,"Vela Número Dourado | Silver Festas","Vela número dourado com design moderno, ideal para aniversários e comemorações. Destaque o bolo com charme e praticidade.","vela número dourado, vela de aniversário dourado, vela para bolo, silver festas","<p><strong>A Vela Número Mini Design Dourado</strong> da Silver Festas é ideal para deixar o bolo ainda mais especial em aniversários e comemorações.</p>

<p>Com design moderno e acabamento de alta qualidade, essa vela é perfeita para celebrar idades, datas importantes e momentos inesquecíveis, combinando com diversos temas de festa.</p>

<p>Produzida em parafina de excelente qualidade, possui encaixe fácil no bolo, garantindo praticidade e segurança na decoração.</p>

<p><strong>Benefícios</strong></p>
<ul>
  <li>Design moderno e elegante</li>
  <li>Excelente acabamento</li>
  <li>Ideal para bolos de aniversário</li>
  <li>Fácil de fixar no bolo</li>
</ul>

<p><strong>Especificações</strong></p>
<ul>
  <li><strong>Cor:</strong> Dourado</li>
  <li><strong>Marca:</strong> Silver Festas</li>
  <li><strong>Material:</strong> Parafina</li>
  <li><strong>Conteúdo:</strong> 1 vela (1 unidade)</li>
</ul>
","Vela de número dourado com design moderno, ideal para aniversários e comemorações.",,"media://products/design-sem-nome-5.png,media://products/design-sem-nome-6.png,media://products/design-sem-nome-7.png,media://products/design-sem-nome-8.png,media://products/design-sem-nome-9.png,media://products/design-sem-nome-10.png,media://products/design-sem-nome-11.png,media://products/design-sem-nome-12.png,media://products/design-sem-nome-13.png,media://products/design-sem-nome-14.png,media://products/design-sem-nome-15.png,media://products/design-sem-nome-16.png",,,,,,1,,Decoração,Velas,Velas de Número,,,10,,Número,4,,,VMD-DD-4
 9825554,,28564021,,,,,,,,"Vela Número Dourado | Silver Festas","Vela número dourado com design moderno, ideal para aniversários e comemorações. Destaque o bolo com charme e praticidade.","vela número dourado, vela de aniversário dourado, vela para bolo, silver festas","<p><strong>A Vela Número Mini Design Dourado</strong> da Silver Festas é ideal para deixar o bolo ainda mais especial em aniversários e comemorações.</p>

<p>Com design moderno e acabamento de alta qualidade, essa vela é perfeita para celebrar idades, datas importantes e momentos inesquecíveis, combinando com diversos temas de festa.</p>

<p>Produzida em parafina de excelente qualidade, possui encaixe fácil no bolo, garantindo praticidade e segurança na decoração.</p>

<p><strong>Benefícios</strong></p>
<ul>
  <li>Design moderno e elegante</li>
  <li>Excelente acabamento</li>
  <li>Ideal para bolos de aniversário</li>
  <li>Fácil de fixar no bolo</li>
</ul>

<p><strong>Especificações</strong></p>
<ul>
  <li><strong>Cor:</strong> Dourado</li>
  <li><strong>Marca:</strong> Silver Festas</li>
  <li><strong>Material:</strong> Parafina</li>
  <li><strong>Conteúdo:</strong> 1 vela (1 unidade)</li>
</ul>
","Vela de número dourado com design moderno, ideal para aniversários e comemorações.",,"media://products/design-sem-nome-5.png,media://products/design-sem-nome-6.png,media://products/design-sem-nome-7.png,media://products/design-sem-nome-8.png,media://products/design-sem-nome-9.png,media://products/design-sem-nome-10.png,media://products/design-sem-nome-11.png,media://products/design-sem-nome-12.png,media://products/design-sem-nome-13.png,media://products/design-sem-nome-14.png,media://products/design-sem-nome-15.png,media://products/design-sem-nome-16.png",,,,,,1,,Decoração,Velas,Velas de Número,,,10,,Número,5,,,VMD-DD-5
 9825554,,28564022,,,,,,,,"Vela Número Dourado | Silver Festas","Vela número dourado com design moderno, ideal para aniversários e comemorações. Destaque o bolo com charme e praticidade.","vela número dourado, vela de aniversário dourado, vela para bolo, silver festas","<p><strong>A Vela Número Mini Design Dourado</strong> da Silver Festas é ideal para deixar o bolo ainda mais especial em aniversários e comemorações.</p>

<p>Com design moderno e acabamento de alta qualidade, essa vela é perfeita para celebrar idades, datas importantes e momentos inesquecíveis, combinando com diversos temas de festa.</p>

<p>Produzida em parafina de excelente qualidade, possui encaixe fácil no bolo, garantindo praticidade e segurança na decoração.</p>

<p><strong>Benefícios</strong></p>
<ul>
  <li>Design moderno e elegante</li>
  <li>Excelente acabamento</li>
  <li>Ideal para bolos de aniversário</li>
  <li>Fácil de fixar no bolo</li>
</ul>

<p><strong>Especificações</strong></p>
<ul>
  <li><strong>Cor:</strong> Dourado</li>
  <li><strong>Marca:</strong> Silver Festas</li>
  <li><strong>Material:</strong> Parafina</li>
  <li><strong>Conteúdo:</strong> 1 vela (1 unidade)</li>
</ul>
","Vela de número dourado com design moderno, ideal para aniversários e comemorações.",,"media://products/design-sem-nome-5.png,media://products/design-sem-nome-6.png,media://products/design-sem-nome-7.png,media://products/design-sem-nome-8.png,media://products/design-sem-nome-9.png,media://products/design-sem-nome-10.png,media://products/design-sem-nome-11.png,media://products/design-sem-nome-12.png,media://products/design-sem-nome-13.png,media://products/design-sem-nome-14.png,media://products/design-sem-nome-15.png,media://products/design-sem-nome-16.png",,,,,,1,,Decoração,Velas,Velas de Número,,,10,,Número,6,,,VMD-DD-6
 9825554,,28564023,,,,,,,,"Vela Número Dourado | Silver Festas","Vela número dourado com design moderno, ideal para aniversários e comemorações. Destaque o bolo com charme e praticidade.","vela número dourado, vela de aniversário dourado, vela para bolo, silver festas","<p><strong>A Vela Número Mini Design Dourado</strong> da Silver Festas é ideal para deixar o bolo ainda mais especial em aniversários e comemorações.</p>

<p>Com design moderno e acabamento de alta qualidade, essa vela é perfeita para celebrar idades, datas importantes e momentos inesquecíveis, combinando com diversos temas de festa.</p>

<p>Produzida em parafina de excelente qualidade, possui encaixe fácil no bolo, garantindo praticidade e segurança na decoração.</p>

<p><strong>Benefícios</strong></p>
<ul>
  <li>Design moderno e elegante</li>
  <li>Excelente acabamento</li>
  <li>Ideal para bolos de aniversário</li>
  <li>Fácil de fixar no bolo</li>
</ul>

<p><strong>Especificações</strong></p>
<ul>
  <li><strong>Cor:</strong> Dourado</li>
  <li><strong>Marca:</strong> Silver Festas</li>
  <li><strong>Material:</strong> Parafina</li>
  <li><strong>Conteúdo:</strong> 1 vela (1 unidade)</li>
</ul>
","Vela de número dourado com design moderno, ideal para aniversários e comemorações.",,"media://products/design-sem-nome-5.png,media://products/design-sem-nome-6.png,media://products/design-sem-nome-7.png,media://products/design-sem-nome-8.png,media://products/design-sem-nome-9.png,media://products/design-sem-nome-10.png,media://products/design-sem-nome-11.png,media://products/design-sem-nome-12.png,media://products/design-sem-nome-13.png,media://products/design-sem-nome-14.png,media://products/design-sem-nome-15.png,media://products/design-sem-nome-16.png",,,,,,1,,Decoração,Velas,Velas de Número,,,10,,Número,7,,,VMD-DD-7
 9825554,,28564024,,,,,,,,"Vela Número Dourado | Silver Festas","Vela número dourado com design moderno, ideal para aniversários e comemorações. Destaque o bolo com charme e praticidade.","vela número dourado, vela de aniversário dourado, vela para bolo, silver festas","<p><strong>A Vela Número Mini Design Dourado</strong> da Silver Festas é ideal para deixar o bolo ainda mais especial em aniversários e comemorações.</p>

<p>Com design moderno e acabamento de alta qualidade, essa vela é perfeita para celebrar idades, datas importantes e momentos inesquecíveis, combinando com diversos temas de festa.</p>

<p>Produzida em parafina de excelente qualidade, possui encaixe fácil no bolo, garantindo praticidade e segurança na decoração.</p>

<p><strong>Benefícios</strong></p>
<ul>
  <li>Design moderno e elegante</li>
  <li>Excelente acabamento</li>
  <li>Ideal para bolos de aniversário</li>
  <li>Fácil de fixar no bolo</li>
</ul>

<p><strong>Especificações</strong></p>
<ul>
  <li><strong>Cor:</strong> Dourado</li>
  <li><strong>Marca:</strong> Silver Festas</li>
  <li><strong>Material:</strong> Parafina</li>
  <li><strong>Conteúdo:</strong> 1 vela (1 unidade)</li>
</ul>
","Vela de número dourado com design moderno, ideal para aniversários e comemorações.",,"media://products/design-sem-nome-5.png,media://products/design-sem-nome-6.png,media://products/design-sem-nome-7.png,media://products/design-sem-nome-8.png,media://products/design-sem-nome-9.png,media://products/design-sem-nome-10.png,media://products/design-sem-nome-11.png,media://products/design-sem-nome-12.png,media://products/design-sem-nome-13.png,media://products/design-sem-nome-14.png,media://products/design-sem-nome-15.png,media://products/design-sem-nome-16.png",,,,,,1,,Decoração,Velas,Velas de Número,,,10,,Número,8,,,VMD-DD-8
 9825554,,28564025,,,,,,,,"Vela Número Dourado | Silver Festas","Vela número dourado com design moderno, ideal para aniversários e comemorações. Destaque o bolo com charme e praticidade.","vela número dourado, vela de aniversário dourado, vela para bolo, silver festas","<p><strong>A Vela Número Mini Design Dourado</strong> da Silver Festas é ideal para deixar o bolo ainda mais especial em aniversários e comemorações.</p>

<p>Com design moderno e acabamento de alta qualidade, essa vela é perfeita para celebrar idades, datas importantes e momentos inesquecíveis, combinando com diversos temas de festa.</p>

<p>Produzida em parafina de excelente qualidade, possui encaixe fácil no bolo, garantindo praticidade e segurança na decoração.</p>

<p><strong>Benefícios</strong></p>
<ul>
  <li>Design moderno e elegante</li>
  <li>Excelente acabamento</li>
  <li>Ideal para bolos de aniversário</li>
  <li>Fácil de fixar no bolo</li>
</ul>

<p><strong>Especificações</strong></p>
<ul>
  <li><strong>Cor:</strong> Dourado</li>
  <li><strong>Marca:</strong> Silver Festas</li>
  <li><strong>Material:</strong> Parafina</li>
  <li><strong>Conteúdo:</strong> 1 vela (1 unidade)</li>
</ul>
","Vela de número dourado com design moderno, ideal para aniversários e comemorações.",,"media://products/design-sem-nome-5.png,media://products/design-sem-nome-6.png,media://products/design-sem-nome-7.png,media://products/design-sem-nome-8.png,media://products/design-sem-nome-9.png,media://products/design-sem-nome-10.png,media://products/design-sem-nome-11.png,media://products/design-sem-nome-12.png,media://products/design-sem-nome-13.png,media://products/design-sem-nome-14.png,media://products/design-sem-nome-15.png,media://products/design-sem-nome-16.png",,,,,,1,,Decoração,Velas,Velas de Número,,,10,,Número,9,,,VMD-DD-9
 9825554,,28564026,,,,,,,,"Vela Número Dourado | Silver Festas","Vela número dourado com design moderno, ideal para aniversários e comemorações. Destaque o bolo com charme e praticidade.","vela número dourado, vela de aniversário dourado, vela para bolo, silver festas","<p><strong>A Vela Número Mini Design Dourado</strong> da Silver Festas é ideal para deixar o bolo ainda mais especial em aniversários e comemorações.</p>

<p>Com design moderno e acabamento de alta qualidade, essa vela é perfeita para celebrar idades, datas importantes e momentos inesquecíveis, combinando com diversos temas de festa.</p>

<p>Produzida em parafina de excelente qualidade, possui encaixe fácil no bolo, garantindo praticidade e segurança na decoração.</p>

<p><strong>Benefícios</strong></p>
<ul>
  <li>Design moderno e elegante</li>
  <li>Excelente acabamento</li>
  <li>Ideal para bolos de aniversário</li>
  <li>Fácil de fixar no bolo</li>
</ul>

<p><strong>Especificações</strong></p>
<ul>
  <li><strong>Cor:</strong> Dourado</li>
  <li><strong>Marca:</strong> Silver Festas</li>
  <li><strong>Material:</strong> Parafina</li>
  <li><strong>Conteúdo:</strong> 1 vela (1 unidade)</li>
</ul>
","Vela de número dourado com design moderno, ideal para aniversários e comemorações.",,"media://products/design-sem-nome-5.png,media://products/design-sem-nome-6.png,media://products/design-sem-nome-7.png,media://products/design-sem-nome-8.png,media://products/design-sem-nome-9.png,media://products/design-sem-nome-10.png,media://products/design-sem-nome-11.png,media://products/design-sem-nome-12.png,media://products/design-sem-nome-13.png,media://products/design-sem-nome-14.png,media://products/design-sem-nome-15.png,media://products/design-sem-nome-16.png",,,,,,1,,Decoração,Velas,Velas de Número,,,10,,Número,0,,,VMD-DD-0
 9825554,,28564027,,,,,,,,"Vela Número Dourado | Silver Festas","Vela número dourado com design moderno, ideal para aniversários e comemorações. Destaque o bolo com charme e praticidade.","vela número dourado, vela de aniversário dourado, vela para bolo, silver festas","<p><strong>A Vela Número Mini Design Dourado</strong> da Silver Festas é ideal para deixar o bolo ainda mais especial em aniversários e comemorações.</p>

<p>Com design moderno e acabamento de alta qualidade, essa vela é perfeita para celebrar idades, datas importantes e momentos inesquecíveis, combinando com diversos temas de festa.</p>

<p>Produzida em parafina de excelente qualidade, possui encaixe fácil no bolo, garantindo praticidade e segurança na decoração.</p>

<p><strong>Benefícios</strong></p>
<ul>
  <li>Design moderno e elegante</li>
  <li>Excelente acabamento</li>
  <li>Ideal para bolos de aniversário</li>
  <li>Fácil de fixar no bolo</li>
</ul>

<p><strong>Especificações</strong></p>
<ul>
  <li><strong>Cor:</strong> Dourado</li>
  <li><strong>Marca:</strong> Silver Festas</li>
  <li><strong>Material:</strong> Parafina</li>
  <li><strong>Conteúdo:</strong> 1 vela (1 unidade)</li>
</ul>
","Vela de número dourado com design moderno, ideal para aniversários e comemorações.",,"media://products/design-sem-nome-5.png,media://products/design-sem-nome-6.png,media://products/design-sem-nome-7.png,media://products/design-sem-nome-8.png,media://products/design-sem-nome-9.png,media://products/design-sem-nome-10.png,media://products/design-sem-nome-11.png,media://products/design-sem-nome-12.png,media://products/design-sem-nome-13.png,media://products/design-sem-nome-14.png,media://products/design-sem-nome-15.png,media://products/design-sem-nome-16.png",,,,,,1,,Decoração,Velas,Velas de Número,,,10,,Número,?,,,VMD-DD-?
9833055,,,,Vela Mini Design - Laranja,/vela-mini-design-laranja,"0,020",3.00,3.00,10.00,"Vela Número Mini Design Laranja | Silver Festas","Vela número laranja com design moderno, ideal para aniversários e comemorações. Destaque o bolo com charme e praticidade.","vela número laranja, vela de aniversário azul, vela para bolo, silver festas","<p><strong>A Vela Número Mini Design Laranja</strong> da Silver Festas é ideal para deixar o bolo ainda mais especial em aniversários e comemorações.</p>

<p>Com design moderno e acabamento de alta qualidade, essa vela é perfeita para celebrar idades, datas importantes e momentos inesquecíveis, combinando com diversos temas de festa.</p>

<p>Produzida em parafina de excelente qualidade, possui encaixe fácil no bolo, garantindo praticidade e segurança na decoração.</p>

<p><strong>Benefícios</strong></p>
<ul>
  <li>Design moderno e elegante</li>
  <li>Excelente acabamento</li>
  <li>Ideal para bolos de aniversário</li>
  <li>Fácil de fixar no bolo</li>
</ul>

<p><strong>Especificações</strong></p>
<ul>
  <li><strong>Cor:</strong> Laranja</li>
  <li><strong>Marca:</strong> Silver Festas</li>
  <li><strong>Material:</strong> Parafina</li>
  <li><strong>Conteúdo:</strong> 1 vela (1 unidade)</li>
</ul>
","Vela de número laranja com design moderno, ideal para aniversários e comemorações.",,"media://products/1-2.png,media://products/2-2.png,media://products/3-2.png,media://products/4-2.png,media://products/5-2.png,media://products/6-2.png,media://products/7-2.png,media://products/8-2.png,media://products/9-2.png,media://products/10-2.png,media://products/11-2.png,media://products/12-2.png",7.90,,,,,1,Silver Plastic,Decoração,Velas,Velas de Número,,,10,,,,,,
 9833055,,28583534,,,,,,,,"Vela Número Mini Design Laranja | Silver Festas","Vela número laranja com design moderno, ideal para aniversários e comemorações. Destaque o bolo com charme e praticidade.","vela número laranja, vela de aniversário azul, vela para bolo, silver festas","<p><strong>A Vela Número Mini Design Laranja</strong> da Silver Festas é ideal para deixar o bolo ainda mais especial em aniversários e comemorações.</p>

<p>Com design moderno e acabamento de alta qualidade, essa vela é perfeita para celebrar idades, datas importantes e momentos inesquecíveis, combinando com diversos temas de festa.</p>

<p>Produzida em parafina de excelente qualidade, possui encaixe fácil no bolo, garantindo praticidade e segurança na decoração.</p>

<p><strong>Benefícios</strong></p>
<ul>
  <li>Design moderno e elegante</li>
  <li>Excelente acabamento</li>
  <li>Ideal para bolos de aniversário</li>
  <li>Fácil de fixar no bolo</li>
</ul>

<p><strong>Especificações</strong></p>
<ul>
  <li><strong>Cor:</strong> Laranja</li>
  <li><strong>Marca:</strong> Silver Festas</li>
  <li><strong>Material:</strong> Parafina</li>
  <li><strong>Conteúdo:</strong> 1 vela (1 unidade)</li>
</ul>
","Vela de número laranja com design moderno, ideal para aniversários e comemorações.",,"media://products/1-2.png,media://products/2-2.png,media://products/3-2.png,media://products/4-2.png,media://products/5-2.png,media://products/6-2.png,media://products/7-2.png,media://products/8-2.png,media://products/9-2.png,media://products/10-2.png,media://products/11-2.png,media://products/12-2.png",,,,,,1,,Decoração,Velas,Velas de Número,,,10,,Número,1,,,VMD-LA-1
 9833055,,28583535,,,,,,,,"Vela Número Mini Design Laranja | Silver Festas","Vela número laranja com design moderno, ideal para aniversários e comemorações. Destaque o bolo com charme e praticidade.","vela número laranja, vela de aniversário azul, vela para bolo, silver festas","<p><strong>A Vela Número Mini Design Laranja</strong> da Silver Festas é ideal para deixar o bolo ainda mais especial em aniversários e comemorações.</p>

<p>Com design moderno e acabamento de alta qualidade, essa vela é perfeita para celebrar idades, datas importantes e momentos inesquecíveis, combinando com diversos temas de festa.</p>

<p>Produzida em parafina de excelente qualidade, possui encaixe fácil no bolo, garantindo praticidade e segurança na decoração.</p>

<p><strong>Benefícios</strong></p>
<ul>
  <li>Design moderno e elegante</li>
  <li>Excelente acabamento</li>
  <li>Ideal para bolos de aniversário</li>
  <li>Fácil de fixar no bolo</li>
</ul>

<p><strong>Especificações</strong></p>
<ul>
  <li><strong>Cor:</strong> Laranja</li>
  <li><strong>Marca:</strong> Silver Festas</li>
  <li><strong>Material:</strong> Parafina</li>
  <li><strong>Conteúdo:</strong> 1 vela (1 unidade)</li>
</ul>
","Vela de número laranja com design moderno, ideal para aniversários e comemorações.",,"media://products/1-2.png,media://products/2-2.png,media://products/3-2.png,media://products/4-2.png,media://products/5-2.png,media://products/6-2.png,media://products/7-2.png,media://products/8-2.png,media://products/9-2.png,media://products/10-2.png,media://products/11-2.png,media://products/12-2.png",,,,,,1,,Decoração,Velas,Velas de Número,,,10,,Número,2,,,VMD-LA-2
 9833055,,28583536,,,,,,,,"Vela Número Mini Design Laranja | Silver Festas","Vela número laranja com design moderno, ideal para aniversários e comemorações. Destaque o bolo com charme e praticidade.","vela número laranja, vela de aniversário azul, vela para bolo, silver festas","<p><strong>A Vela Número Mini Design Laranja</strong> da Silver Festas é ideal para deixar o bolo ainda mais especial em aniversários e comemorações.</p>

<p>Com design moderno e acabamento de alta qualidade, essa vela é perfeita para celebrar idades, datas importantes e momentos inesquecíveis, combinando com diversos temas de festa.</p>

<p>Produzida em parafina de excelente qualidade, possui encaixe fácil no bolo, garantindo praticidade e segurança na decoração.</p>

<p><strong>Benefícios</strong></p>
<ul>
  <li>Design moderno e elegante</li>
  <li>Excelente acabamento</li>
  <li>Ideal para bolos de aniversário</li>
  <li>Fácil de fixar no bolo</li>
</ul>

<p><strong>Especificações</strong></p>
<ul>
  <li><strong>Cor:</strong> Laranja</li>
  <li><strong>Marca:</strong> Silver Festas</li>
  <li><strong>Material:</strong> Parafina</li>
  <li><strong>Conteúdo:</strong> 1 vela (1 unidade)</li>
</ul>
","Vela de número laranja com design moderno, ideal para aniversários e comemorações.",,"media://products/1-2.png,media://products/2-2.png,media://products/3-2.png,media://products/4-2.png,media://products/5-2.png,media://products/6-2.png,media://products/7-2.png,media://products/8-2.png,media://products/9-2.png,media://products/10-2.png,media://products/11-2.png,media://products/12-2.png",,,,,,1,,Decoração,Velas,Velas de Número,,,10,,Número,3,,,VMD-LA-3
 9833055,,28583537,,,,,,,,"Vela Número Mini Design Laranja | Silver Festas","Vela número laranja com design moderno, ideal para aniversários e comemorações. Destaque o bolo com charme e praticidade.","vela número laranja, vela de aniversário azul, vela para bolo, silver festas","<p><strong>A Vela Número Mini Design Laranja</strong> da Silver Festas é ideal para deixar o bolo ainda mais especial em aniversários e comemorações.</p>

<p>Com design moderno e acabamento de alta qualidade, essa vela é perfeita para celebrar idades, datas importantes e momentos inesquecíveis, combinando com diversos temas de festa.</p>

<p>Produzida em parafina de excelente qualidade, possui encaixe fácil no bolo, garantindo praticidade e segurança na decoração.</p>

<p><strong>Benefícios</strong></p>
<ul>
  <li>Design moderno e elegante</li>
  <li>Excelente acabamento</li>
  <li>Ideal para bolos de aniversário</li>
  <li>Fácil de fixar no bolo</li>
</ul>

<p><strong>Especificações</strong></p>
<ul>
  <li><strong>Cor:</strong> Laranja</li>
  <li><strong>Marca:</strong> Silver Festas</li>
  <li><strong>Material:</strong> Parafina</li>
  <li><strong>Conteúdo:</strong> 1 vela (1 unidade)</li>
</ul>
","Vela de número laranja com design moderno, ideal para aniversários e comemorações.",,"media://products/1-2.png,media://products/2-2.png,media://products/3-2.png,media://products/4-2.png,media://products/5-2.png,media://products/6-2.png,media://products/7-2.png,media://products/8-2.png,media://products/9-2.png,media://products/10-2.png,media://products/11-2.png,media://products/12-2.png",,,,,,1,,Decoração,Velas,Velas de Número,,,10,,Número,4,,,VMD-LA-4
 9833055,,28583538,,,,,,,,"Vela Número Mini Design Laranja | Silver Festas","Vela número laranja com design moderno, ideal para aniversários e comemorações. Destaque o bolo com charme e praticidade.","vela número laranja, vela de aniversário azul, vela para bolo, silver festas","<p><strong>A Vela Número Mini Design Laranja</strong> da Silver Festas é ideal para deixar o bolo ainda mais especial em aniversários e comemorações.</p>

<p>Com design moderno e acabamento de alta qualidade, essa vela é perfeita para celebrar idades, datas importantes e momentos inesquecíveis, combinando com diversos temas de festa.</p>

<p>Produzida em parafina de excelente qualidade, possui encaixe fácil no bolo, garantindo praticidade e segurança na decoração.</p>

<p><strong>Benefícios</strong></p>
<ul>
  <li>Design moderno e elegante</li>
  <li>Excelente acabamento</li>
  <li>Ideal para bolos de aniversário</li>
  <li>Fácil de fixar no bolo</li>
</ul>

<p><strong>Especificações</strong></p>
<ul>
  <li><strong>Cor:</strong> Laranja</li>
  <li><strong>Marca:</strong> Silver Festas</li>
  <li><strong>Material:</strong> Parafina</li>
  <li><strong>Conteúdo:</strong> 1 vela (1 unidade)</li>
</ul>
","Vela de número laranja com design moderno, ideal para aniversários e comemorações.",,"media://products/1-2.png,media://products/2-2.png,media://products/3-2.png,media://products/4-2.png,media://products/5-2.png,media://products/6-2.png,media://products/7-2.png,media://products/8-2.png,media://products/9-2.png,media://products/10-2.png,media://products/11-2.png,media://products/12-2.png",,,,,,1,,Decoração,Velas,Velas de Número,,,10,,Número,5,,,VMD-LA-5
 9833055,,28583539,,,,,,,,"Vela Número Mini Design Laranja | Silver Festas","Vela número laranja com design moderno, ideal para aniversários e comemorações. Destaque o bolo com charme e praticidade.","vela número laranja, vela de aniversário azul, vela para bolo, silver festas","<p><strong>A Vela Número Mini Design Laranja</strong> da Silver Festas é ideal para deixar o bolo ainda mais especial em aniversários e comemorações.</p>

<p>Com design moderno e acabamento de alta qualidade, essa vela é perfeita para celebrar idades, datas importantes e momentos inesquecíveis, combinando com diversos temas de festa.</p>

<p>Produzida em parafina de excelente qualidade, possui encaixe fácil no bolo, garantindo praticidade e segurança na decoração.</p>

<p><strong>Benefícios</strong></p>
<ul>
  <li>Design moderno e elegante</li>
  <li>Excelente acabamento</li>
  <li>Ideal para bolos de aniversário</li>
  <li>Fácil de fixar no bolo</li>
</ul>

<p><strong>Especificações</strong></p>
<ul>
  <li><strong>Cor:</strong> Laranja</li>
  <li><strong>Marca:</strong> Silver Festas</li>
  <li><strong>Material:</strong> Parafina</li>
  <li><strong>Conteúdo:</strong> 1 vela (1 unidade)</li>
</ul>
","Vela de número laranja com design moderno, ideal para aniversários e comemorações.",,"media://products/1-2.png,media://products/2-2.png,media://products/3-2.png,media://products/4-2.png,media://products/5-2.png,media://products/6-2.png,media://products/7-2.png,media://products/8-2.png,media://products/9-2.png,media://products/10-2.png,media://products/11-2.png,media://products/12-2.png",,,,,,1,,Decoração,Velas,Velas de Número,,,10,,Número,6,,,VMD-LA-6
 9833055,,28583540,,,,,,,,"Vela Número Mini Design Laranja | Silver Festas","Vela número laranja com design moderno, ideal para aniversários e comemorações. Destaque o bolo com charme e praticidade.","vela número laranja, vela de aniversário azul, vela para bolo, silver festas","<p><strong>A Vela Número Mini Design Laranja</strong> da Silver Festas é ideal para deixar o bolo ainda mais especial em aniversários e comemorações.</p>

<p>Com design moderno e acabamento de alta qualidade, essa vela é perfeita para celebrar idades, datas importantes e momentos inesquecíveis, combinando com diversos temas de festa.</p>

<p>Produzida em parafina de excelente qualidade, possui encaixe fácil no bolo, garantindo praticidade e segurança na decoração.</p>

<p><strong>Benefícios</strong></p>
<ul>
  <li>Design moderno e elegante</li>
  <li>Excelente acabamento</li>
  <li>Ideal para bolos de aniversário</li>
  <li>Fácil de fixar no bolo</li>
</ul>

<p><strong>Especificações</strong></p>
<ul>
  <li><strong>Cor:</strong> Laranja</li>
  <li><strong>Marca:</strong> Silver Festas</li>
  <li><strong>Material:</strong> Parafina</li>
  <li><strong>Conteúdo:</strong> 1 vela (1 unidade)</li>
</ul>
","Vela de número laranja com design moderno, ideal para aniversários e comemorações.",,"media://products/1-2.png,media://products/2-2.png,media://products/3-2.png,media://products/4-2.png,media://products/5-2.png,media://products/6-2.png,media://products/7-2.png,media://products/8-2.png,media://products/9-2.png,media://products/10-2.png,media://products/11-2.png,media://products/12-2.png",,,,,,1,,Decoração,Velas,Velas de Número,,,10,,Número,7,,,VMD-LA-7
 9833055,,28583541,,,,,,,,"Vela Número Mini Design Laranja | Silver Festas","Vela número laranja com design moderno, ideal para aniversários e comemorações. Destaque o bolo com charme e praticidade.","vela número laranja, vela de aniversário azul, vela para bolo, silver festas","<p><strong>A Vela Número Mini Design Laranja</strong> da Silver Festas é ideal para deixar o bolo ainda mais especial em aniversários e comemorações.</p>

<p>Com design moderno e acabamento de alta qualidade, essa vela é perfeita para celebrar idades, datas importantes e momentos inesquecíveis, combinando com diversos temas de festa.</p>

<p>Produzida em parafina de excelente qualidade, possui encaixe fácil no bolo, garantindo praticidade e segurança na decoração.</p>

<p><strong>Benefícios</strong></p>
<ul>
  <li>Design moderno e elegante</li>
  <li>Excelente acabamento</li>
  <li>Ideal para bolos de aniversário</li>
  <li>Fácil de fixar no bolo</li>
</ul>

<p><strong>Especificações</strong></p>
<ul>
  <li><strong>Cor:</strong> Laranja</li>
  <li><strong>Marca:</strong> Silver Festas</li>
  <li><strong>Material:</strong> Parafina</li>
  <li><strong>Conteúdo:</strong> 1 vela (1 unidade)</li>
</ul>
","Vela de número laranja com design moderno, ideal para aniversários e comemorações.",,"media://products/1-2.png,media://products/2-2.png,media://products/3-2.png,media://products/4-2.png,media://products/5-2.png,media://products/6-2.png,media://products/7-2.png,media://products/8-2.png,media://products/9-2.png,media://products/10-2.png,media://products/11-2.png,media://products/12-2.png",,,,,,1,,Decoração,Velas,Velas de Número,,,10,,Número,8,,,VMD-LA-8
 9833055,,28583542,,,,,,,,"Vela Número Mini Design Laranja | Silver Festas","Vela número laranja com design moderno, ideal para aniversários e comemorações. Destaque o bolo com charme e praticidade.","vela número laranja, vela de aniversário azul, vela para bolo, silver festas","<p><strong>A Vela Número Mini Design Laranja</strong> da Silver Festas é ideal para deixar o bolo ainda mais especial em aniversários e comemorações.</p>

<p>Com design moderno e acabamento de alta qualidade, essa vela é perfeita para celebrar idades, datas importantes e momentos inesquecíveis, combinando com diversos temas de festa.</p>

<p>Produzida em parafina de excelente qualidade, possui encaixe fácil no bolo, garantindo praticidade e segurança na decoração.</p>

<p><strong>Benefícios</strong></p>
<ul>
  <li>Design moderno e elegante</li>
  <li>Excelente acabamento</li>
  <li>Ideal para bolos de aniversário</li>
  <li>Fácil de fixar no bolo</li>
</ul>

<p><strong>Especificações</strong></p>
<ul>
  <li><strong>Cor:</strong> Laranja</li>
  <li><strong>Marca:</strong> Silver Festas</li>
  <li><strong>Material:</strong> Parafina</li>
  <li><strong>Conteúdo:</strong> 1 vela (1 unidade)</li>
</ul>
","Vela de número laranja com design moderno, ideal para aniversários e comemorações.",,"media://products/1-2.png,media://products/2-2.png,media://products/3-2.png,media://products/4-2.png,media://products/5-2.png,media://products/6-2.png,media://products/7-2.png,media://products/8-2.png,media://products/9-2.png,media://products/10-2.png,media://products/11-2.png,media://products/12-2.png",,,,,,1,,Decoração,Velas,Velas de Número,,,10,,Número,9,,,VMD-LA-9
 9833055,,28583543,,,,,,,,"Vela Número Mini Design Laranja | Silver Festas","Vela número laranja com design moderno, ideal para aniversários e comemorações. Destaque o bolo com charme e praticidade.","vela número laranja, vela de aniversário azul, vela para bolo, silver festas","<p><strong>A Vela Número Mini Design Laranja</strong> da Silver Festas é ideal para deixar o bolo ainda mais especial em aniversários e comemorações.</p>

<p>Com design moderno e acabamento de alta qualidade, essa vela é perfeita para celebrar idades, datas importantes e momentos inesquecíveis, combinando com diversos temas de festa.</p>

<p>Produzida em parafina de excelente qualidade, possui encaixe fácil no bolo, garantindo praticidade e segurança na decoração.</p>

<p><strong>Benefícios</strong></p>
<ul>
  <li>Design moderno e elegante</li>
  <li>Excelente acabamento</li>
  <li>Ideal para bolos de aniversário</li>
  <li>Fácil de fixar no bolo</li>
</ul>

<p><strong>Especificações</strong></p>
<ul>
  <li><strong>Cor:</strong> Laranja</li>
  <li><strong>Marca:</strong> Silver Festas</li>
  <li><strong>Material:</strong> Parafina</li>
  <li><strong>Conteúdo:</strong> 1 vela (1 unidade)</li>
</ul>
","Vela de número laranja com design moderno, ideal para aniversários e comemorações.",,"media://products/1-2.png,media://products/2-2.png,media://products/3-2.png,media://products/4-2.png,media://products/5-2.png,media://products/6-2.png,media://products/7-2.png,media://products/8-2.png,media://products/9-2.png,media://products/10-2.png,media://products/11-2.png,media://products/12-2.png",,,,,,1,,Decoração,Velas,Velas de Número,,,10,,Número,0,,,VMD-LA-0
 9833055,,28583544,,,,,,,,"Vela Número Mini Design Laranja | Silver Festas","Vela número laranja com design moderno, ideal para aniversários e comemorações. Destaque o bolo com charme e praticidade.","vela número laranja, vela de aniversário azul, vela para bolo, silver festas","<p><strong>A Vela Número Mini Design Laranja</strong> da Silver Festas é ideal para deixar o bolo ainda mais especial em aniversários e comemorações.</p>

<p>Com design moderno e acabamento de alta qualidade, essa vela é perfeita para celebrar idades, datas importantes e momentos inesquecíveis, combinando com diversos temas de festa.</p>

<p>Produzida em parafina de excelente qualidade, possui encaixe fácil no bolo, garantindo praticidade e segurança na decoração.</p>

<p><strong>Benefícios</strong></p>
<ul>
  <li>Design moderno e elegante</li>
  <li>Excelente acabamento</li>
  <li>Ideal para bolos de aniversário</li>
  <li>Fácil de fixar no bolo</li>
</ul>

<p><strong>Especificações</strong></p>
<ul>
  <li><strong>Cor:</strong> Laranja</li>
  <li><strong>Marca:</strong> Silver Festas</li>
  <li><strong>Material:</strong> Parafina</li>
  <li><strong>Conteúdo:</strong> 1 vela (1 unidade)</li>
</ul>
","Vela de número laranja com design moderno, ideal para aniversários e comemorações.",,"media://products/1-2.png,media://products/2-2.png,media://products/3-2.png,media://products/4-2.png,media://products/5-2.png,media://products/6-2.png,media://products/7-2.png,media://products/8-2.png,media://products/9-2.png,media://products/10-2.png,media://products/11-2.png,media://products/12-2.png",,,,,,1,,Decoração,Velas,Velas de Número,,,10,,Número,?,,,VMD-LA-?
9832929,,,,Vela Mini Design - Lilás,/vela-mini-design-lilas,"0,020",3.00,3.00,10.00,"Vela Número Mini Design Lilás | Silver Festas","Vela número lilás com design moderno, ideal para aniversários e comemorações. Destaque o bolo com charme e praticidade.","vela número lilás, vela de aniversário azul, vela para bolo, silver festas","<p><strong>A Vela Número Mini Design Lilás</strong> da Silver Festas é ideal para deixar o bolo ainda mais especial em aniversários e comemorações.</p>

<p>Com design moderno e acabamento de alta qualidade, essa vela é perfeita para celebrar idades, datas importantes e momentos inesquecíveis, combinando com diversos temas de festa.</p>

<p>Produzida em parafina de excelente qualidade, possui encaixe fácil no bolo, garantindo praticidade e segurança na decoração.</p>

<p><strong>Benefícios</strong></p>
<ul>
  <li>Design moderno e elegante</li>
  <li>Excelente acabamento</li>
  <li>Ideal para bolos de aniversário</li>
  <li>Fácil de fixar no bolo</li>
</ul>

<p><strong>Especificações</strong></p>
<ul>
  <li><strong>Cor:</strong> Lilás</li>
  <li><strong>Marca:</strong> Silver Festas</li>
  <li><strong>Material:</strong> Parafina</li>
  <li><strong>Conteúdo:</strong> 1 vela (1 unidade)</li>
</ul>
","Vela de número lilás com design moderno, ideal para aniversários e comemorações.",,"media://products/1-1.png,media://products/2-1.png,media://products/3-1.png,media://products/4-1.png,media://products/5-1.png,media://products/6-1.png,media://products/7-1.png,media://products/8-1.png,media://products/9-1.png,media://products/10-1.png,media://products/11-1.png,media://products/12-1.png",7.90,,,,,1,Silver Plastic,Decoração,Velas,Velas de Número,,,10,,,,,,
 9832929,,28583246,,,,,,,,"Vela Número Mini Design Lilás | Silver Festas","Vela número lilás com design moderno, ideal para aniversários e comemorações. Destaque o bolo com charme e praticidade.","vela número lilás, vela de aniversário azul, vela para bolo, silver festas","<p><strong>A Vela Número Mini Design Lilás</strong> da Silver Festas é ideal para deixar o bolo ainda mais especial em aniversários e comemorações.</p>

<p>Com design moderno e acabamento de alta qualidade, essa vela é perfeita para celebrar idades, datas importantes e momentos inesquecíveis, combinando com diversos temas de festa.</p>

<p>Produzida em parafina de excelente qualidade, possui encaixe fácil no bolo, garantindo praticidade e segurança na decoração.</p>

<p><strong>Benefícios</strong></p>
<ul>
  <li>Design moderno e elegante</li>
  <li>Excelente acabamento</li>
  <li>Ideal para bolos de aniversário</li>
  <li>Fácil de fixar no bolo</li>
</ul>

<p><strong>Especificações</strong></p>
<ul>
  <li><strong>Cor:</strong> Lilás</li>
  <li><strong>Marca:</strong> Silver Festas</li>
  <li><strong>Material:</strong> Parafina</li>
  <li><strong>Conteúdo:</strong> 1 vela (1 unidade)</li>
</ul>
","Vela de número lilás com design moderno, ideal para aniversários e comemorações.",,"media://products/1-1.png,media://products/2-1.png,media://products/3-1.png,media://products/4-1.png,media://products/5-1.png,media://products/6-1.png,media://products/7-1.png,media://products/8-1.png,media://products/9-1.png,media://products/10-1.png,media://products/11-1.png,media://products/12-1.png",,,,,,1,,Decoração,Velas,Velas de Número,,,10,,Número,1,,,VMD-LL-1
 9832929,,28583247,,,,,,,,"Vela Número Mini Design Lilás | Silver Festas","Vela número lilás com design moderno, ideal para aniversários e comemorações. Destaque o bolo com charme e praticidade.","vela número lilás, vela de aniversário azul, vela para bolo, silver festas","<p><strong>A Vela Número Mini Design Lilás</strong> da Silver Festas é ideal para deixar o bolo ainda mais especial em aniversários e comemorações.</p>

<p>Com design moderno e acabamento de alta qualidade, essa vela é perfeita para celebrar idades, datas importantes e momentos inesquecíveis, combinando com diversos temas de festa.</p>

<p>Produzida em parafina de excelente qualidade, possui encaixe fácil no bolo, garantindo praticidade e segurança na decoração.</p>

<p><strong>Benefícios</strong></p>
<ul>
  <li>Design moderno e elegante</li>
  <li>Excelente acabamento</li>
  <li>Ideal para bolos de aniversário</li>
  <li>Fácil de fixar no bolo</li>
</ul>

<p><strong>Especificações</strong></p>
<ul>
  <li><strong>Cor:</strong> Lilás</li>
  <li><strong>Marca:</strong> Silver Festas</li>
  <li><strong>Material:</strong> Parafina</li>
  <li><strong>Conteúdo:</strong> 1 vela (1 unidade)</li>
</ul>
","Vela de número lilás com design moderno, ideal para aniversários e comemorações.",,"media://products/1-1.png,media://products/2-1.png,media://products/3-1.png,media://products/4-1.png,media://products/5-1.png,media://products/6-1.png,media://products/7-1.png,media://products/8-1.png,media://products/9-1.png,media://products/10-1.png,media://products/11-1.png,media://products/12-1.png",,,,,,1,,Decoração,Velas,Velas de Número,,,10,,Número,2,,,VMD-LL-2
 9832929,,28583248,,,,,,,,"Vela Número Mini Design Lilás | Silver Festas","Vela número lilás com design moderno, ideal para aniversários e comemorações. Destaque o bolo com charme e praticidade.","vela número lilás, vela de aniversário azul, vela para bolo, silver festas","<p><strong>A Vela Número Mini Design Lilás</strong> da Silver Festas é ideal para deixar o bolo ainda mais especial em aniversários e comemorações.</p>

<p>Com design moderno e acabamento de alta qualidade, essa vela é perfeita para celebrar idades, datas importantes e momentos inesquecíveis, combinando com diversos temas de festa.</p>

<p>Produzida em parafina de excelente qualidade, possui encaixe fácil no bolo, garantindo praticidade e segurança na decoração.</p>

<p><strong>Benefícios</strong></p>
<ul>
  <li>Design moderno e elegante</li>
  <li>Excelente acabamento</li>
  <li>Ideal para bolos de aniversário</li>
  <li>Fácil de fixar no bolo</li>
</ul>

<p><strong>Especificações</strong></p>
<ul>
  <li><strong>Cor:</strong> Lilás</li>
  <li><strong>Marca:</strong> Silver Festas</li>
  <li><strong>Material:</strong> Parafina</li>
  <li><strong>Conteúdo:</strong> 1 vela (1 unidade)</li>
</ul>
","Vela de número lilás com design moderno, ideal para aniversários e comemorações.",,"media://products/1-1.png,media://products/2-1.png,media://products/3-1.png,media://products/4-1.png,media://products/5-1.png,media://products/6-1.png,media://products/7-1.png,media://products/8-1.png,media://products/9-1.png,media://products/10-1.png,media://products/11-1.png,media://products/12-1.png",,,,,,1,,Decoração,Velas,Velas de Número,,,10,,Número,3,,,VMD-LL-3
 9832929,,28583249,,,,,,,,"Vela Número Mini Design Lilás | Silver Festas","Vela número lilás com design moderno, ideal para aniversários e comemorações. Destaque o bolo com charme e praticidade.","vela número lilás, vela de aniversário azul, vela para bolo, silver festas","<p><strong>A Vela Número Mini Design Lilás</strong> da Silver Festas é ideal para deixar o bolo ainda mais especial em aniversários e comemorações.</p>

<p>Com design moderno e acabamento de alta qualidade, essa vela é perfeita para celebrar idades, datas importantes e momentos inesquecíveis, combinando com diversos temas de festa.</p>

<p>Produzida em parafina de excelente qualidade, possui encaixe fácil no bolo, garantindo praticidade e segurança na decoração.</p>

<p><strong>Benefícios</strong></p>
<ul>
  <li>Design moderno e elegante</li>
  <li>Excelente acabamento</li>
  <li>Ideal para bolos de aniversário</li>
  <li>Fácil de fixar no bolo</li>
</ul>

<p><strong>Especificações</strong></p>
<ul>
  <li><strong>Cor:</strong> Lilás</li>
  <li><strong>Marca:</strong> Silver Festas</li>
  <li><strong>Material:</strong> Parafina</li>
  <li><strong>Conteúdo:</strong> 1 vela (1 unidade)</li>
</ul>
","Vela de número lilás com design moderno, ideal para aniversários e comemorações.",,"media://products/1-1.png,media://products/2-1.png,media://products/3-1.png,media://products/4-1.png,media://products/5-1.png,media://products/6-1.png,media://products/7-1.png,media://products/8-1.png,media://products/9-1.png,media://products/10-1.png,media://products/11-1.png,media://products/12-1.png",,,,,,1,,Decoração,Velas,Velas de Número,,,10,,Número,4,,,VMD-LL-4
 9832929,,28583250,,,,,,,,"Vela Número Mini Design Lilás | Silver Festas","Vela número lilás com design moderno, ideal para aniversários e comemorações. Destaque o bolo com charme e praticidade.","vela número lilás, vela de aniversário azul, vela para bolo, silver festas","<p><strong>A Vela Número Mini Design Lilás</strong> da Silver Festas é ideal para deixar o bolo ainda mais especial em aniversários e comemorações.</p>

<p>Com design moderno e acabamento de alta qualidade, essa vela é perfeita para celebrar idades, datas importantes e momentos inesquecíveis, combinando com diversos temas de festa.</p>

<p>Produzida em parafina de excelente qualidade, possui encaixe fácil no bolo, garantindo praticidade e segurança na decoração.</p>

<p><strong>Benefícios</strong></p>
<ul>
  <li>Design moderno e elegante</li>
  <li>Excelente acabamento</li>
  <li>Ideal para bolos de aniversário</li>
  <li>Fácil de fixar no bolo</li>
</ul>

<p><strong>Especificações</strong></p>
<ul>
  <li><strong>Cor:</strong> Lilás</li>
  <li><strong>Marca:</strong> Silver Festas</li>
  <li><strong>Material:</strong> Parafina</li>
  <li><strong>Conteúdo:</strong> 1 vela (1 unidade)</li>
</ul>
","Vela de número lilás com design moderno, ideal para aniversários e comemorações.",,"media://products/1-1.png,media://products/2-1.png,media://products/3-1.png,media://products/4-1.png,media://products/5-1.png,media://products/6-1.png,media://products/7-1.png,media://products/8-1.png,media://products/9-1.png,media://products/10-1.png,media://products/11-1.png,media://products/12-1.png",,,,,,1,,Decoração,Velas,Velas de Número,,,10,,Número,5,,,VMD-LL-5
 9832929,,28583251,,,,,,,,"Vela Número Mini Design Lilás | Silver Festas","Vela número lilás com design moderno, ideal para aniversários e comemorações. Destaque o bolo com charme e praticidade.","vela número lilás, vela de aniversário azul, vela para bolo, silver festas","<p><strong>A Vela Número Mini Design Lilás</strong> da Silver Festas é ideal para deixar o bolo ainda mais especial em aniversários e comemorações.</p>

<p>Com design moderno e acabamento de alta qualidade, essa vela é perfeita para celebrar idades, datas importantes e momentos inesquecíveis, combinando com diversos temas de festa.</p>

<p>Produzida em parafina de excelente qualidade, possui encaixe fácil no bolo, garantindo praticidade e segurança na decoração.</p>

<p><strong>Benefícios</strong></p>
<ul>
  <li>Design moderno e elegante</li>
  <li>Excelente acabamento</li>
  <li>Ideal para bolos de aniversário</li>
  <li>Fácil de fixar no bolo</li>
</ul>

<p><strong>Especificações</strong></p>
<ul>
  <li><strong>Cor:</strong> Lilás</li>
  <li><strong>Marca:</strong> Silver Festas</li>
  <li><strong>Material:</strong> Parafina</li>
  <li><strong>Conteúdo:</strong> 1 vela (1 unidade)</li>
</ul>
","Vela de número lilás com design moderno, ideal para aniversários e comemorações.",,"media://products/1-1.png,media://products/2-1.png,media://products/3-1.png,media://products/4-1.png,media://products/5-1.png,media://products/6-1.png,media://products/7-1.png,media://products/8-1.png,media://products/9-1.png,media://products/10-1.png,media://products/11-1.png,media://products/12-1.png",,,,,,1,,Decoração,Velas,Velas de Número,,,10,,Número,6,,,VMD-LL-6
 9832929,,28583252,,,,,,,,"Vela Número Mini Design Lilás | Silver Festas","Vela número lilás com design moderno, ideal para aniversários e comemorações. Destaque o bolo com charme e praticidade.","vela número lilás, vela de aniversário azul, vela para bolo, silver festas","<p><strong>A Vela Número Mini Design Lilás</strong> da Silver Festas é ideal para deixar o bolo ainda mais especial em aniversários e comemorações.</p>

<p>Com design moderno e acabamento de alta qualidade, essa vela é perfeita para celebrar idades, datas importantes e momentos inesquecíveis, combinando com diversos temas de festa.</p>

<p>Produzida em parafina de excelente qualidade, possui encaixe fácil no bolo, garantindo praticidade e segurança na decoração.</p>

<p><strong>Benefícios</strong></p>
<ul>
  <li>Design moderno e elegante</li>
  <li>Excelente acabamento</li>
  <li>Ideal para bolos de aniversário</li>
  <li>Fácil de fixar no bolo</li>
</ul>

<p><strong>Especificações</strong></p>
<ul>
  <li><strong>Cor:</strong> Lilás</li>
  <li><strong>Marca:</strong> Silver Festas</li>
  <li><strong>Material:</strong> Parafina</li>
  <li><strong>Conteúdo:</strong> 1 vela (1 unidade)</li>
</ul>
","Vela de número lilás com design moderno, ideal para aniversários e comemorações.",,"media://products/1-1.png,media://products/2-1.png,media://products/3-1.png,media://products/4-1.png,media://products/5-1.png,media://products/6-1.png,media://products/7-1.png,media://products/8-1.png,media://products/9-1.png,media://products/10-1.png,media://products/11-1.png,media://products/12-1.png",,,,,,1,,Decoração,Velas,Velas de Número,,,10,,Número,7,,,VMD-LL-7
 9832929,,28583253,,,,,,,,"Vela Número Mini Design Lilás | Silver Festas","Vela número lilás com design moderno, ideal para aniversários e comemorações. Destaque o bolo com charme e praticidade.","vela número lilás, vela de aniversário azul, vela para bolo, silver festas","<p><strong>A Vela Número Mini Design Lilás</strong> da Silver Festas é ideal para deixar o bolo ainda mais especial em aniversários e comemorações.</p>

<p>Com design moderno e acabamento de alta qualidade, essa vela é perfeita para celebrar idades, datas importantes e momentos inesquecíveis, combinando com diversos temas de festa.</p>

<p>Produzida em parafina de excelente qualidade, possui encaixe fácil no bolo, garantindo praticidade e segurança na decoração.</p>

<p><strong>Benefícios</strong></p>
<ul>
  <li>Design moderno e elegante</li>
  <li>Excelente acabamento</li>
  <li>Ideal para bolos de aniversário</li>
  <li>Fácil de fixar no bolo</li>
</ul>

<p><strong>Especificações</strong></p>
<ul>
  <li><strong>Cor:</strong> Lilás</li>
  <li><strong>Marca:</strong> Silver Festas</li>
  <li><strong>Material:</strong> Parafina</li>
  <li><strong>Conteúdo:</strong> 1 vela (1 unidade)</li>
</ul>
","Vela de número lilás com design moderno, ideal para aniversários e comemorações.",,"media://products/1-1.png,media://products/2-1.png,media://products/3-1.png,media://products/4-1.png,media://products/5-1.png,media://products/6-1.png,media://products/7-1.png,media://products/8-1.png,media://products/9-1.png,media://products/10-1.png,media://products/11-1.png,media://products/12-1.png",,,,,,1,,Decoração,Velas,Velas de Número,,,10,,Número,8,,,VMD-LL-8
 9832929,,28583254,,,,,,,,"Vela Número Mini Design Lilás | Silver Festas","Vela número lilás com design moderno, ideal para aniversários e comemorações. Destaque o bolo com charme e praticidade.","vela número lilás, vela de aniversário azul, vela para bolo, silver festas","<p><strong>A Vela Número Mini Design Lilás</strong> da Silver Festas é ideal para deixar o bolo ainda mais especial em aniversários e comemorações.</p>

<p>Com design moderno e acabamento de alta qualidade, essa vela é perfeita para celebrar idades, datas importantes e momentos inesquecíveis, combinando com diversos temas de festa.</p>

<p>Produzida em parafina de excelente qualidade, possui encaixe fácil no bolo, garantindo praticidade e segurança na decoração.</p>

<p><strong>Benefícios</strong></p>
<ul>
  <li>Design moderno e elegante</li>
  <li>Excelente acabamento</li>
  <li>Ideal para bolos de aniversário</li>
  <li>Fácil de fixar no bolo</li>
</ul>

<p><strong>Especificações</strong></p>
<ul>
  <li><strong>Cor:</strong> Lilás</li>
  <li><strong>Marca:</strong> Silver Festas</li>
  <li><strong>Material:</strong> Parafina</li>
  <li><strong>Conteúdo:</strong> 1 vela (1 unidade)</li>
</ul>
","Vela de número lilás com design moderno, ideal para aniversários e comemorações.",,"media://products/1-1.png,media://products/2-1.png,media://products/3-1.png,media://products/4-1.png,media://products/5-1.png,media://products/6-1.png,media://products/7-1.png,media://products/8-1.png,media://products/9-1.png,media://products/10-1.png,media://products/11-1.png,media://products/12-1.png",,,,,,1,,Decoração,Velas,Velas de Número,,,10,,Número,9,,,VMD-LL-9
 9832929,,28583255,,,,,,,,"Vela Número Mini Design Lilás | Silver Festas","Vela número lilás com design moderno, ideal para aniversários e comemorações. Destaque o bolo com charme e praticidade.","vela número lilás, vela de aniversário azul, vela para bolo, silver festas","<p><strong>A Vela Número Mini Design Lilás</strong> da Silver Festas é ideal para deixar o bolo ainda mais especial em aniversários e comemorações.</p>

<p>Com design moderno e acabamento de alta qualidade, essa vela é perfeita para celebrar idades, datas importantes e momentos inesquecíveis, combinando com diversos temas de festa.</p>

<p>Produzida em parafina de excelente qualidade, possui encaixe fácil no bolo, garantindo praticidade e segurança na decoração.</p>

<p><strong>Benefícios</strong></p>
<ul>
  <li>Design moderno e elegante</li>
  <li>Excelente acabamento</li>
  <li>Ideal para bolos de aniversário</li>
  <li>Fácil de fixar no bolo</li>
</ul>

<p><strong>Especificações</strong></p>
<ul>
  <li><strong>Cor:</strong> Lilás</li>
  <li><strong>Marca:</strong> Silver Festas</li>
  <li><strong>Material:</strong> Parafina</li>
  <li><strong>Conteúdo:</strong> 1 vela (1 unidade)</li>
</ul>
","Vela de número lilás com design moderno, ideal para aniversários e comemorações.",,"media://products/1-1.png,media://products/2-1.png,media://products/3-1.png,media://products/4-1.png,media://products/5-1.png,media://products/6-1.png,media://products/7-1.png,media://products/8-1.png,media://products/9-1.png,media://products/10-1.png,media://products/11-1.png,media://products/12-1.png",,,,,,1,,Decoração,Velas,Velas de Número,,,10,,Número,0,,,VMD-LL-0
 9832929,,28583256,,,,,,,,"Vela Número Mini Design Lilás | Silver Festas","Vela número lilás com design moderno, ideal para aniversários e comemorações. Destaque o bolo com charme e praticidade.","vela número lilás, vela de aniversário azul, vela para bolo, silver festas","<p><strong>A Vela Número Mini Design Lilás</strong> da Silver Festas é ideal para deixar o bolo ainda mais especial em aniversários e comemorações.</p>

<p>Com design moderno e acabamento de alta qualidade, essa vela é perfeita para celebrar idades, datas importantes e momentos inesquecíveis, combinando com diversos temas de festa.</p>

<p>Produzida em parafina de excelente qualidade, possui encaixe fácil no bolo, garantindo praticidade e segurança na decoração.</p>

<p><strong>Benefícios</strong></p>
<ul>
  <li>Design moderno e elegante</li>
  <li>Excelente acabamento</li>
  <li>Ideal para bolos de aniversário</li>
  <li>Fácil de fixar no bolo</li>
</ul>

<p><strong>Especificações</strong></p>
<ul>
  <li><strong>Cor:</strong> Lilás</li>
  <li><strong>Marca:</strong> Silver Festas</li>
  <li><strong>Material:</strong> Parafina</li>
  <li><strong>Conteúdo:</strong> 1 vela (1 unidade)</li>
</ul>
","Vela de número lilás com design moderno, ideal para aniversários e comemorações.",,"media://products/1-1.png,media://products/2-1.png,media://products/3-1.png,media://products/4-1.png,media://products/5-1.png,media://products/6-1.png,media://products/7-1.png,media://products/8-1.png,media://products/9-1.png,media://products/10-1.png,media://products/11-1.png,media://products/12-1.png",,,,,,1,,Decoração,Velas,Velas de Número,,,10,,Número,?,,,VMD-LL-?
9825131,,,,Vela Mini Design - Verde Candy,/vela-mini-design-verde-candy,"0,020",3.00,3.00,10.00,,,,"<p><strong>A Vela Número Mini Design Verde Candy</strong> da Silver Festas é ideal para deixar o bolo ainda mais especial em aniversários e comemorações.</p>

<p>Com design moderno e acabamento de alta qualidade, essa vela é perfeita para celebrar idades, datas importantes e momentos inesquecíveis, combinando com diversos temas de festa.</p>

<p>Produzida em parafina de excelente qualidade, possui encaixe fácil no bolo, garantindo praticidade e segurança na decoração.</p>

<p><strong>Benefícios</strong></p>
<ul>
  <li>Design moderno e elegante</li>
  <li>Excelente acabamento</li>
  <li>Ideal para bolos de aniversário</li>
  <li>Fácil de fixar no bolo</li>
</ul>

<p><strong>Especificações</strong></p>
<ul>
  <li><strong>Cor:</strong> Verde Candy</li>
  <li><strong>Marca:</strong> Silver Festas</li>
  <li><strong>Material:</strong> Parafina</li>
  <li><strong>Conteúdo:</strong> 1 vela (1 unidade)</li>
</ul>
","Vela de número rosa bebe com design moderno, ideal para aniversários e comemorações.",,"media://products/1.jpg,media://products/2.jpg,media://products/3.jpg,media://products/4.jpg,media://products/5.jpg,media://products/6.jpg,media://products/7.jpg,media://products/8.jpg,media://products/9.jpg,media://products/10.jpg,media://products/7-3.png",7.90,,,,,1,Silver Plastic,Decoração,Velas,Velas de Número,,,10,,,,,,
 9825131,,28563303,,,,,,,,,,,"<p><strong>A Vela Número Mini Design Verde Candy</strong> da Silver Festas é ideal para deixar o bolo ainda mais especial em aniversários e comemorações.</p>

<p>Com design moderno e acabamento de alta qualidade, essa vela é perfeita para celebrar idades, datas importantes e momentos inesquecíveis, combinando com diversos temas de festa.</p>

<p>Produzida em parafina de excelente qualidade, possui encaixe fácil no bolo, garantindo praticidade e segurança na decoração.</p>

<p><strong>Benefícios</strong></p>
<ul>
  <li>Design moderno e elegante</li>
  <li>Excelente acabamento</li>
  <li>Ideal para bolos de aniversário</li>
  <li>Fácil de fixar no bolo</li>
</ul>

<p><strong>Especificações</strong></p>
<ul>
  <li><strong>Cor:</strong> Verde Candy</li>
  <li><strong>Marca:</strong> Silver Festas</li>
  <li><strong>Material:</strong> Parafina</li>
  <li><strong>Conteúdo:</strong> 1 vela (1 unidade)</li>
</ul>
","Vela de número rosa bebe com design moderno, ideal para aniversários e comemorações.",,"media://products/1.jpg,media://products/2.jpg,media://products/3.jpg,media://products/4.jpg,media://products/5.jpg,media://products/6.jpg,media://products/7.jpg,media://products/8.jpg,media://products/9.jpg,media://products/10.jpg,media://products/7-3.png",,,,,,1,,Decoração,Velas,Velas de Número,,,10,,Número,1,,,VMD-VR-1
 9825131,,28563304,,,,,,,,,,,"<p><strong>A Vela Número Mini Design Verde Candy</strong> da Silver Festas é ideal para deixar o bolo ainda mais especial em aniversários e comemorações.</p>

<p>Com design moderno e acabamento de alta qualidade, essa vela é perfeita para celebrar idades, datas importantes e momentos inesquecíveis, combinando com diversos temas de festa.</p>

<p>Produzida em parafina de excelente qualidade, possui encaixe fácil no bolo, garantindo praticidade e segurança na decoração.</p>

<p><strong>Benefícios</strong></p>
<ul>
  <li>Design moderno e elegante</li>
  <li>Excelente acabamento</li>
  <li>Ideal para bolos de aniversário</li>
  <li>Fácil de fixar no bolo</li>
</ul>

<p><strong>Especificações</strong></p>
<ul>
  <li><strong>Cor:</strong> Verde Candy</li>
  <li><strong>Marca:</strong> Silver Festas</li>
  <li><strong>Material:</strong> Parafina</li>
  <li><strong>Conteúdo:</strong> 1 vela (1 unidade)</li>
</ul>
","Vela de número rosa bebe com design moderno, ideal para aniversários e comemorações.",,"media://products/1.jpg,media://products/2.jpg,media://products/3.jpg,media://products/4.jpg,media://products/5.jpg,media://products/6.jpg,media://products/7.jpg,media://products/8.jpg,media://products/9.jpg,media://products/10.jpg,media://products/7-3.png",,,,,,1,,Decoração,Velas,Velas de Número,,,10,,Número,2,,,VMD-VR-2
 9825131,,28563305,,,,,,,,,,,"<p><strong>A Vela Número Mini Design Verde Candy</strong> da Silver Festas é ideal para deixar o bolo ainda mais especial em aniversários e comemorações.</p>

<p>Com design moderno e acabamento de alta qualidade, essa vela é perfeita para celebrar idades, datas importantes e momentos inesquecíveis, combinando com diversos temas de festa.</p>

<p>Produzida em parafina de excelente qualidade, possui encaixe fácil no bolo, garantindo praticidade e segurança na decoração.</p>

<p><strong>Benefícios</strong></p>
<ul>
  <li>Design moderno e elegante</li>
  <li>Excelente acabamento</li>
  <li>Ideal para bolos de aniversário</li>
  <li>Fácil de fixar no bolo</li>
</ul>

<p><strong>Especificações</strong></p>
<ul>
  <li><strong>Cor:</strong> Verde Candy</li>
  <li><strong>Marca:</strong> Silver Festas</li>
  <li><strong>Material:</strong> Parafina</li>
  <li><strong>Conteúdo:</strong> 1 vela (1 unidade)</li>
</ul>
","Vela de número rosa bebe com design moderno, ideal para aniversários e comemorações.",,"media://products/1.jpg,media://products/2.jpg,media://products/3.jpg,media://products/4.jpg,media://products/5.jpg,media://products/6.jpg,media://products/7.jpg,media://products/8.jpg,media://products/9.jpg,media://products/10.jpg,media://products/7-3.png",,,,,,1,,Decoração,Velas,Velas de Número,,,10,,Número,3,,,VMD-VR-3
 9825131,,28563306,,,,,,,,,,,"<p><strong>A Vela Número Mini Design Verde Candy</strong> da Silver Festas é ideal para deixar o bolo ainda mais especial em aniversários e comemorações.</p>

<p>Com design moderno e acabamento de alta qualidade, essa vela é perfeita para celebrar idades, datas importantes e momentos inesquecíveis, combinando com diversos temas de festa.</p>

<p>Produzida em parafina de excelente qualidade, possui encaixe fácil no bolo, garantindo praticidade e segurança na decoração.</p>

<p><strong>Benefícios</strong></p>
<ul>
  <li>Design moderno e elegante</li>
  <li>Excelente acabamento</li>
  <li>Ideal para bolos de aniversário</li>
  <li>Fácil de fixar no bolo</li>
</ul>

<p><strong>Especificações</strong></p>
<ul>
  <li><strong>Cor:</strong> Verde Candy</li>
  <li><strong>Marca:</strong> Silver Festas</li>
  <li><strong>Material:</strong> Parafina</li>
  <li><strong>Conteúdo:</strong> 1 vela (1 unidade)</li>
</ul>
","Vela de número rosa bebe com design moderno, ideal para aniversários e comemorações.",,"media://products/1.jpg,media://products/2.jpg,media://products/3.jpg,media://products/4.jpg,media://products/5.jpg,media://products/6.jpg,media://products/7.jpg,media://products/8.jpg,media://products/9.jpg,media://products/10.jpg,media://products/7-3.png",,,,,,1,,Decoração,Velas,Velas de Número,,,10,,Número,4,,,VMD-VR-4
 9825131,,28563307,,,,,,,,,,,"<p><strong>A Vela Número Mini Design Verde Candy</strong> da Silver Festas é ideal para deixar o bolo ainda mais especial em aniversários e comemorações.</p>

<p>Com design moderno e acabamento de alta qualidade, essa vela é perfeita para celebrar idades, datas importantes e momentos inesquecíveis, combinando com diversos temas de festa.</p>

<p>Produzida em parafina de excelente qualidade, possui encaixe fácil no bolo, garantindo praticidade e segurança na decoração.</p>

<p><strong>Benefícios</strong></p>
<ul>
  <li>Design moderno e elegante</li>
  <li>Excelente acabamento</li>
  <li>Ideal para bolos de aniversário</li>
  <li>Fácil de fixar no bolo</li>
</ul>

<p><strong>Especificações</strong></p>
<ul>
  <li><strong>Cor:</strong> Verde Candy</li>
  <li><strong>Marca:</strong> Silver Festas</li>
  <li><strong>Material:</strong> Parafina</li>
  <li><strong>Conteúdo:</strong> 1 vela (1 unidade)</li>
</ul>
","Vela de número rosa bebe com design moderno, ideal para aniversários e comemorações.",,"media://products/1.jpg,media://products/2.jpg,media://products/3.jpg,media://products/4.jpg,media://products/5.jpg,media://products/6.jpg,media://products/7.jpg,media://products/8.jpg,media://products/9.jpg,media://products/10.jpg,media://products/7-3.png",,,,,,1,,Decoração,Velas,Velas de Número,,,10,,Número,5,,,VMD-VR-5
 9825131,,28563308,,,,,,,,,,,"<p><strong>A Vela Número Mini Design Verde Candy</strong> da Silver Festas é ideal para deixar o bolo ainda mais especial em aniversários e comemorações.</p>

<p>Com design moderno e acabamento de alta qualidade, essa vela é perfeita para celebrar idades, datas importantes e momentos inesquecíveis, combinando com diversos temas de festa.</p>

<p>Produzida em parafina de excelente qualidade, possui encaixe fácil no bolo, garantindo praticidade e segurança na decoração.</p>

<p><strong>Benefícios</strong></p>
<ul>
  <li>Design moderno e elegante</li>
  <li>Excelente acabamento</li>
  <li>Ideal para bolos de aniversário</li>
  <li>Fácil de fixar no bolo</li>
</ul>

<p><strong>Especificações</strong></p>
<ul>
  <li><strong>Cor:</strong> Verde Candy</li>
  <li><strong>Marca:</strong> Silver Festas</li>
  <li><strong>Material:</strong> Parafina</li>
  <li><strong>Conteúdo:</strong> 1 vela (1 unidade)</li>
</ul>
","Vela de número rosa bebe com design moderno, ideal para aniversários e comemorações.",,"media://products/1.jpg,media://products/2.jpg,media://products/3.jpg,media://products/4.jpg,media://products/5.jpg,media://products/6.jpg,media://products/7.jpg,media://products/8.jpg,media://products/9.jpg,media://products/10.jpg,media://products/7-3.png",,,,,,1,,Decoração,Velas,Velas de Número,,,10,,Número,6,,,VMD-VR-6
 9825131,,28563309,,,,,,,,,,,"<p><strong>A Vela Número Mini Design Verde Candy</strong> da Silver Festas é ideal para deixar o bolo ainda mais especial em aniversários e comemorações.</p>

<p>Com design moderno e acabamento de alta qualidade, essa vela é perfeita para celebrar idades, datas importantes e momentos inesquecíveis, combinando com diversos temas de festa.</p>

<p>Produzida em parafina de excelente qualidade, possui encaixe fácil no bolo, garantindo praticidade e segurança na decoração.</p>

<p><strong>Benefícios</strong></p>
<ul>
  <li>Design moderno e elegante</li>
  <li>Excelente acabamento</li>
  <li>Ideal para bolos de aniversário</li>
  <li>Fácil de fixar no bolo</li>
</ul>

<p><strong>Especificações</strong></p>
<ul>
  <li><strong>Cor:</strong> Verde Candy</li>
  <li><strong>Marca:</strong> Silver Festas</li>
  <li><strong>Material:</strong> Parafina</li>
  <li><strong>Conteúdo:</strong> 1 vela (1 unidade)</li>
</ul>
","Vela de número rosa bebe com design moderno, ideal para aniversários e comemorações.",,"media://products/1.jpg,media://products/2.jpg,media://products/3.jpg,media://products/4.jpg,media://products/5.jpg,media://products/6.jpg,media://products/7.jpg,media://products/8.jpg,media://products/9.jpg,media://products/10.jpg,media://products/7-3.png",,,,,,1,,Decoração,Velas,Velas de Número,,,10,,Número,7,,,VMD-VR-7
 9825131,,28563310,,,,,,,,,,,"<p><strong>A Vela Número Mini Design Verde Candy</strong> da Silver Festas é ideal para deixar o bolo ainda mais especial em aniversários e comemorações.</p>

<p>Com design moderno e acabamento de alta qualidade, essa vela é perfeita para celebrar idades, datas importantes e momentos inesquecíveis, combinando com diversos temas de festa.</p>

<p>Produzida em parafina de excelente qualidade, possui encaixe fácil no bolo, garantindo praticidade e segurança na decoração.</p>

<p><strong>Benefícios</strong></p>
<ul>
  <li>Design moderno e elegante</li>
  <li>Excelente acabamento</li>
  <li>Ideal para bolos de aniversário</li>
  <li>Fácil de fixar no bolo</li>
</ul>

<p><strong>Especificações</strong></p>
<ul>
  <li><strong>Cor:</strong> Verde Candy</li>
  <li><strong>Marca:</strong> Silver Festas</li>
  <li><strong>Material:</strong> Parafina</li>
  <li><strong>Conteúdo:</strong> 1 vela (1 unidade)</li>
</ul>
","Vela de número rosa bebe com design moderno, ideal para aniversários e comemorações.",,"media://products/1.jpg,media://products/2.jpg,media://products/3.jpg,media://products/4.jpg,media://products/5.jpg,media://products/6.jpg,media://products/7.jpg,media://products/8.jpg,media://products/9.jpg,media://products/10.jpg,media://products/7-3.png",,,,,,1,,Decoração,Velas,Velas de Número,,,10,,Número,8,,,VMD-VR-8
 9825131,,28563311,,,,,,,,,,,"<p><strong>A Vela Número Mini Design Verde Candy</strong> da Silver Festas é ideal para deixar o bolo ainda mais especial em aniversários e comemorações.</p>

<p>Com design moderno e acabamento de alta qualidade, essa vela é perfeita para celebrar idades, datas importantes e momentos inesquecíveis, combinando com diversos temas de festa.</p>

<p>Produzida em parafina de excelente qualidade, possui encaixe fácil no bolo, garantindo praticidade e segurança na decoração.</p>

<p><strong>Benefícios</strong></p>
<ul>
  <li>Design moderno e elegante</li>
  <li>Excelente acabamento</li>
  <li>Ideal para bolos de aniversário</li>
  <li>Fácil de fixar no bolo</li>
</ul>

<p><strong>Especificações</strong></p>
<ul>
  <li><strong>Cor:</strong> Verde Candy</li>
  <li><strong>Marca:</strong> Silver Festas</li>
  <li><strong>Material:</strong> Parafina</li>
  <li><strong>Conteúdo:</strong> 1 vela (1 unidade)</li>
</ul>
","Vela de número rosa bebe com design moderno, ideal para aniversários e comemorações.",,"media://products/1.jpg,media://products/2.jpg,media://products/3.jpg,media://products/4.jpg,media://products/5.jpg,media://products/6.jpg,media://products/7.jpg,media://products/8.jpg,media://products/9.jpg,media://products/10.jpg,media://products/7-3.png",,,,,,1,,Decoração,Velas,Velas de Número,,,10,,Número,9,,,VMD-VR-9
 9825131,,28563312,,,,,,,,,,,"<p><strong>A Vela Número Mini Design Verde Candy</strong> da Silver Festas é ideal para deixar o bolo ainda mais especial em aniversários e comemorações.</p>

<p>Com design moderno e acabamento de alta qualidade, essa vela é perfeita para celebrar idades, datas importantes e momentos inesquecíveis, combinando com diversos temas de festa.</p>

<p>Produzida em parafina de excelente qualidade, possui encaixe fácil no bolo, garantindo praticidade e segurança na decoração.</p>

<p><strong>Benefícios</strong></p>
<ul>
  <li>Design moderno e elegante</li>
  <li>Excelente acabamento</li>
  <li>Ideal para bolos de aniversário</li>
  <li>Fácil de fixar no bolo</li>
</ul>

<p><strong>Especificações</strong></p>
<ul>
  <li><strong>Cor:</strong> Verde Candy</li>
  <li><strong>Marca:</strong> Silver Festas</li>
  <li><strong>Material:</strong> Parafina</li>
  <li><strong>Conteúdo:</strong> 1 vela (1 unidade)</li>
</ul>
","Vela de número rosa bebe com design moderno, ideal para aniversários e comemorações.",,"media://products/1.jpg,media://products/2.jpg,media://products/3.jpg,media://products/4.jpg,media://products/5.jpg,media://products/6.jpg,media://products/7.jpg,media://products/8.jpg,media://products/9.jpg,media://products/10.jpg,media://products/7-3.png",,,,,,1,,Decoração,Velas,Velas de Número,,,10,,Número,0,,,VMD-VR-0
 9825131,,28563313,,,,,,,,,,,"<p><strong>A Vela Número Mini Design Verde Candy</strong> da Silver Festas é ideal para deixar o bolo ainda mais especial em aniversários e comemorações.</p>

<p>Com design moderno e acabamento de alta qualidade, essa vela é perfeita para celebrar idades, datas importantes e momentos inesquecíveis, combinando com diversos temas de festa.</p>

<p>Produzida em parafina de excelente qualidade, possui encaixe fácil no bolo, garantindo praticidade e segurança na decoração.</p>

<p><strong>Benefícios</strong></p>
<ul>
  <li>Design moderno e elegante</li>
  <li>Excelente acabamento</li>
  <li>Ideal para bolos de aniversário</li>
  <li>Fácil de fixar no bolo</li>
</ul>

<p><strong>Especificações</strong></p>
<ul>
  <li><strong>Cor:</strong> Verde Candy</li>
  <li><strong>Marca:</strong> Silver Festas</li>
  <li><strong>Material:</strong> Parafina</li>
  <li><strong>Conteúdo:</strong> 1 vela (1 unidade)</li>
</ul>
","Vela de número rosa bebe com design moderno, ideal para aniversários e comemorações.",,"media://products/1.jpg,media://products/2.jpg,media://products/3.jpg,media://products/4.jpg,media://products/5.jpg,media://products/6.jpg,media://products/7.jpg,media://products/8.jpg,media://products/9.jpg,media://products/10.jpg,media://products/7-3.png",,,,,,1,,Decoração,Velas,Velas de Número,,,10,,Número,?,,,VMD-VR-?
9818958,,,,Vela Número Mini Design Azul – Silver Festas,/vela-numero-azul-silver-festas,"0,020",3.00,3.00,10.00,"Vela Número Azul | Silver Festas","Vela número azul com design moderno, ideal para aniversários e comemorações. Destaque o bolo com charme e praticidade.","vela número azul, vela de aniversário azul, vela para bolo, silver festas","<p><strong>A Vela Número Mini Design Azul</strong> da Silver Festas é ideal para deixar o bolo ainda mais especial em aniversários e comemorações.</p>

<p>Com design moderno e acabamento de alta qualidade, essa vela é perfeita para celebrar idades, datas importantes e momentos inesquecíveis, combinando com diversos temas de festa.</p>

<p>Produzida em parafina de excelente qualidade, possui encaixe fácil no bolo, garantindo praticidade e segurança na decoração.</p>

<p><strong>Benefícios</strong></p>
<ul>
  <li>Design moderno e elegante</li>
  <li>Excelente acabamento</li>
  <li>Ideal para bolos de aniversário</li>
  <li>Fácil de fixar no bolo</li>
</ul>

<p><strong>Especificações</strong></p>
<ul>
  <li><strong>Cor:</strong> Azul</li>
  <li><strong>Marca:</strong> Silver Festas</li>
  <li><strong>Material:</strong> Parafina</li>
  <li><strong>Conteúdo:</strong> 1 vela (1 unidade)</li>
</ul>
","Vela de número azul com design moderno, ideal para aniversários e comemorações.",,"media://products/71.jpg,media://products/72.jpg,media://products/73.jpg,media://products/74.jpg,media://products/75.jpg,media://products/76.jpg,media://products/77.jpg,media://products/78.jpg,media://products/79.jpg,media://products/80.jpg,media://products/6-3.png",7.90,,,,,1,Silver Plastic,Decoração,Velas,Velas de Número,,,10,,,,,,
 9818958,,28544789,,,,,,,,"Vela Número Azul | Silver Festas","Vela número azul com design moderno, ideal para aniversários e comemorações. Destaque o bolo com charme e praticidade.","vela número azul, vela de aniversário azul, vela para bolo, silver festas","<p><strong>A Vela Número Mini Design Azul</strong> da Silver Festas é ideal para deixar o bolo ainda mais especial em aniversários e comemorações.</p>

<p>Com design moderno e acabamento de alta qualidade, essa vela é perfeita para celebrar idades, datas importantes e momentos inesquecíveis, combinando com diversos temas de festa.</p>

<p>Produzida em parafina de excelente qualidade, possui encaixe fácil no bolo, garantindo praticidade e segurança na decoração.</p>

<p><strong>Benefícios</strong></p>
<ul>
  <li>Design moderno e elegante</li>
  <li>Excelente acabamento</li>
  <li>Ideal para bolos de aniversário</li>
  <li>Fácil de fixar no bolo</li>
</ul>

<p><strong>Especificações</strong></p>
<ul>
  <li><strong>Cor:</strong> Azul</li>
  <li><strong>Marca:</strong> Silver Festas</li>
  <li><strong>Material:</strong> Parafina</li>
  <li><strong>Conteúdo:</strong> 1 vela (1 unidade)</li>
</ul>
","Vela de número azul com design moderno, ideal para aniversários e comemorações.",,"media://products/71.jpg,media://products/72.jpg,media://products/73.jpg,media://products/74.jpg,media://products/75.jpg,media://products/76.jpg,media://products/77.jpg,media://products/78.jpg,media://products/79.jpg,media://products/80.jpg,media://products/6-3.png",,,,,,1,,Decoração,Velas,Velas de Número,,,10,,Número,1,,,VMD-AZ-1
 9818958,,28544790,,,,,,,,"Vela Número Azul | Silver Festas","Vela número azul com design moderno, ideal para aniversários e comemorações. Destaque o bolo com charme e praticidade.","vela número azul, vela de aniversário azul, vela para bolo, silver festas","<p><strong>A Vela Número Mini Design Azul</strong> da Silver Festas é ideal para deixar o bolo ainda mais especial em aniversários e comemorações.</p>

<p>Com design moderno e acabamento de alta qualidade, essa vela é perfeita para celebrar idades, datas importantes e momentos inesquecíveis, combinando com diversos temas de festa.</p>

<p>Produzida em parafina de excelente qualidade, possui encaixe fácil no bolo, garantindo praticidade e segurança na decoração.</p>

<p><strong>Benefícios</strong></p>
<ul>
  <li>Design moderno e elegante</li>
  <li>Excelente acabamento</li>
  <li>Ideal para bolos de aniversário</li>
  <li>Fácil de fixar no bolo</li>
</ul>

<p><strong>Especificações</strong></p>
<ul>
  <li><strong>Cor:</strong> Azul</li>
  <li><strong>Marca:</strong> Silver Festas</li>
  <li><strong>Material:</strong> Parafina</li>
  <li><strong>Conteúdo:</strong> 1 vela (1 unidade)</li>
</ul>
","Vela de número azul com design moderno, ideal para aniversários e comemorações.",,"media://products/71.jpg,media://products/72.jpg,media://products/73.jpg,media://products/74.jpg,media://products/75.jpg,media://products/76.jpg,media://products/77.jpg,media://products/78.jpg,media://products/79.jpg,media://products/80.jpg,media://products/6-3.png",,,,,,1,,Decoração,Velas,Velas de Número,,,10,,Número,2,,,VMD-AZ-2
 9818958,,28544791,,,,,,,,"Vela Número Azul | Silver Festas","Vela número azul com design moderno, ideal para aniversários e comemorações. Destaque o bolo com charme e praticidade.","vela número azul, vela de aniversário azul, vela para bolo, silver festas","<p><strong>A Vela Número Mini Design Azul</strong> da Silver Festas é ideal para deixar o bolo ainda mais especial em aniversários e comemorações.</p>

<p>Com design moderno e acabamento de alta qualidade, essa vela é perfeita para celebrar idades, datas importantes e momentos inesquecíveis, combinando com diversos temas de festa.</p>

<p>Produzida em parafina de excelente qualidade, possui encaixe fácil no bolo, garantindo praticidade e segurança na decoração.</p>

<p><strong>Benefícios</strong></p>
<ul>
  <li>Design moderno e elegante</li>
  <li>Excelente acabamento</li>
  <li>Ideal para bolos de aniversário</li>
  <li>Fácil de fixar no bolo</li>
</ul>

<p><strong>Especificações</strong></p>
<ul>
  <li><strong>Cor:</strong> Azul</li>
  <li><strong>Marca:</strong> Silver Festas</li>
  <li><strong>Material:</strong> Parafina</li>
  <li><strong>Conteúdo:</strong> 1 vela (1 unidade)</li>
</ul>
","Vela de número azul com design moderno, ideal para aniversários e comemorações.",,"media://products/71.jpg,media://products/72.jpg,media://products/73.jpg,media://products/74.jpg,media://products/75.jpg,media://products/76.jpg,media://products/77.jpg,media://products/78.jpg,media://products/79.jpg,media://products/80.jpg,media://products/6-3.png",,,,,,1,,Decoração,Velas,Velas de Número,,,10,,Número,3,,,VMD-AZ-3
 9818958,,28544792,,,,,,,,"Vela Número Azul | Silver Festas","Vela número azul com design moderno, ideal para aniversários e comemorações. Destaque o bolo com charme e praticidade.","vela número azul, vela de aniversário azul, vela para bolo, silver festas","<p><strong>A Vela Número Mini Design Azul</strong> da Silver Festas é ideal para deixar o bolo ainda mais especial em aniversários e comemorações.</p>

<p>Com design moderno e acabamento de alta qualidade, essa vela é perfeita para celebrar idades, datas importantes e momentos inesquecíveis, combinando com diversos temas de festa.</p>

<p>Produzida em parafina de excelente qualidade, possui encaixe fácil no bolo, garantindo praticidade e segurança na decoração.</p>

<p><strong>Benefícios</strong></p>
<ul>
  <li>Design moderno e elegante</li>
  <li>Excelente acabamento</li>
  <li>Ideal para bolos de aniversário</li>
  <li>Fácil de fixar no bolo</li>
</ul>

<p><strong>Especificações</strong></p>
<ul>
  <li><strong>Cor:</strong> Azul</li>
  <li><strong>Marca:</strong> Silver Festas</li>
  <li><strong>Material:</strong> Parafina</li>
  <li><strong>Conteúdo:</strong> 1 vela (1 unidade)</li>
</ul>
","Vela de número azul com design moderno, ideal para aniversários e comemorações.",,"media://products/71.jpg,media://products/72.jpg,media://products/73.jpg,media://products/74.jpg,media://products/75.jpg,media://products/76.jpg,media://products/77.jpg,media://products/78.jpg,media://products/79.jpg,media://products/80.jpg,media://products/6-3.png",,,,,,1,,Decoração,Velas,Velas de Número,,,10,,Número,4,,,VMD-AZ-4
 9818958,,28544793,,,,,,,,"Vela Número Azul | Silver Festas","Vela número azul com design moderno, ideal para aniversários e comemorações. Destaque o bolo com charme e praticidade.","vela número azul, vela de aniversário azul, vela para bolo, silver festas","<p><strong>A Vela Número Mini Design Azul</strong> da Silver Festas é ideal para deixar o bolo ainda mais especial em aniversários e comemorações.</p>

<p>Com design moderno e acabamento de alta qualidade, essa vela é perfeita para celebrar idades, datas importantes e momentos inesquecíveis, combinando com diversos temas de festa.</p>

<p>Produzida em parafina de excelente qualidade, possui encaixe fácil no bolo, garantindo praticidade e segurança na decoração.</p>

<p><strong>Benefícios</strong></p>
<ul>
  <li>Design moderno e elegante</li>
  <li>Excelente acabamento</li>
  <li>Ideal para bolos de aniversário</li>
  <li>Fácil de fixar no bolo</li>
</ul>

<p><strong>Especificações</strong></p>
<ul>
  <li><strong>Cor:</strong> Azul</li>
  <li><strong>Marca:</strong> Silver Festas</li>
  <li><strong>Material:</strong> Parafina</li>
  <li><strong>Conteúdo:</strong> 1 vela (1 unidade)</li>
</ul>
","Vela de número azul com design moderno, ideal para aniversários e comemorações.",,"media://products/71.jpg,media://products/72.jpg,media://products/73.jpg,media://products/74.jpg,media://products/75.jpg,media://products/76.jpg,media://products/77.jpg,media://products/78.jpg,media://products/79.jpg,media://products/80.jpg,media://products/6-3.png",,,,,,1,,Decoração,Velas,Velas de Número,,,10,,Número,5,,,VMD-AZ-5
 9818958,,28544794,,,,,,,,"Vela Número Azul | Silver Festas","Vela número azul com design moderno, ideal para aniversários e comemorações. Destaque o bolo com charme e praticidade.","vela número azul, vela de aniversário azul, vela para bolo, silver festas","<p><strong>A Vela Número Mini Design Azul</strong> da Silver Festas é ideal para deixar o bolo ainda mais especial em aniversários e comemorações.</p>

<p>Com design moderno e acabamento de alta qualidade, essa vela é perfeita para celebrar idades, datas importantes e momentos inesquecíveis, combinando com diversos temas de festa.</p>

<p>Produzida em parafina de excelente qualidade, possui encaixe fácil no bolo, garantindo praticidade e segurança na decoração.</p>

<p><strong>Benefícios</strong></p>
<ul>
  <li>Design moderno e elegante</li>
  <li>Excelente acabamento</li>
  <li>Ideal para bolos de aniversário</li>
  <li>Fácil de fixar no bolo</li>
</ul>

<p><strong>Especificações</strong></p>
<ul>
  <li><strong>Cor:</strong> Azul</li>
  <li><strong>Marca:</strong> Silver Festas</li>
  <li><strong>Material:</strong> Parafina</li>
  <li><strong>Conteúdo:</strong> 1 vela (1 unidade)</li>
</ul>
","Vela de número azul com design moderno, ideal para aniversários e comemorações.",,"media://products/71.jpg,media://products/72.jpg,media://products/73.jpg,media://products/74.jpg,media://products/75.jpg,media://products/76.jpg,media://products/77.jpg,media://products/78.jpg,media://products/79.jpg,media://products/80.jpg,media://products/6-3.png",,,,,,1,,Decoração,Velas,Velas de Número,,,10,,Número,6,,,VMD-AZ-6
 9818958,,28544795,,,,,,,,"Vela Número Azul | Silver Festas","Vela número azul com design moderno, ideal para aniversários e comemorações. Destaque o bolo com charme e praticidade.","vela número azul, vela de aniversário azul, vela para bolo, silver festas","<p><strong>A Vela Número Mini Design Azul</strong> da Silver Festas é ideal para deixar o bolo ainda mais especial em aniversários e comemorações.</p>

<p>Com design moderno e acabamento de alta qualidade, essa vela é perfeita para celebrar idades, datas importantes e momentos inesquecíveis, combinando com diversos temas de festa.</p>

<p>Produzida em parafina de excelente qualidade, possui encaixe fácil no bolo, garantindo praticidade e segurança na decoração.</p>

<p><strong>Benefícios</strong></p>
<ul>
  <li>Design moderno e elegante</li>
  <li>Excelente acabamento</li>
  <li>Ideal para bolos de aniversário</li>
  <li>Fácil de fixar no bolo</li>
</ul>

<p><strong>Especificações</strong></p>
<ul>
  <li><strong>Cor:</strong> Azul</li>
  <li><strong>Marca:</strong> Silver Festas</li>
  <li><strong>Material:</strong> Parafina</li>
  <li><strong>Conteúdo:</strong> 1 vela (1 unidade)</li>
</ul>
","Vela de número azul com design moderno, ideal para aniversários e comemorações.",,"media://products/71.jpg,media://products/72.jpg,media://products/73.jpg,media://products/74.jpg,media://products/75.jpg,media://products/76.jpg,media://products/77.jpg,media://products/78.jpg,media://products/79.jpg,media://products/80.jpg,media://products/6-3.png",,,,,,1,,Decoração,Velas,Velas de Número,,,10,,Número,7,,,VMD-AZ-7
 9818958,,28544796,,,,,,,,"Vela Número Azul | Silver Festas","Vela número azul com design moderno, ideal para aniversários e comemorações. Destaque o bolo com charme e praticidade.","vela número azul, vela de aniversário azul, vela para bolo, silver festas","<p><strong>A Vela Número Mini Design Azul</strong> da Silver Festas é ideal para deixar o bolo ainda mais especial em aniversários e comemorações.</p>

<p>Com design moderno e acabamento de alta qualidade, essa vela é perfeita para celebrar idades, datas importantes e momentos inesquecíveis, combinando com diversos temas de festa.</p>

<p>Produzida em parafina de excelente qualidade, possui encaixe fácil no bolo, garantindo praticidade e segurança na decoração.</p>

<p><strong>Benefícios</strong></p>
<ul>
  <li>Design moderno e elegante</li>
  <li>Excelente acabamento</li>
  <li>Ideal para bolos de aniversário</li>
  <li>Fácil de fixar no bolo</li>
</ul>

<p><strong>Especificações</strong></p>
<ul>
  <li><strong>Cor:</strong> Azul</li>
  <li><strong>Marca:</strong> Silver Festas</li>
  <li><strong>Material:</strong> Parafina</li>
  <li><strong>Conteúdo:</strong> 1 vela (1 unidade)</li>
</ul>
","Vela de número azul com design moderno, ideal para aniversários e comemorações.",,"media://products/71.jpg,media://products/72.jpg,media://products/73.jpg,media://products/74.jpg,media://products/75.jpg,media://products/76.jpg,media://products/77.jpg,media://products/78.jpg,media://products/79.jpg,media://products/80.jpg,media://products/6-3.png",,,,,,1,,Decoração,Velas,Velas de Número,,,10,,Número,8,,,VMD-AZ-8
 9818958,,28544797,,,,,,,,"Vela Número Azul | Silver Festas","Vela número azul com design moderno, ideal para aniversários e comemorações. Destaque o bolo com charme e praticidade.","vela número azul, vela de aniversário azul, vela para bolo, silver festas","<p><strong>A Vela Número Mini Design Azul</strong> da Silver Festas é ideal para deixar o bolo ainda mais especial em aniversários e comemorações.</p>

<p>Com design moderno e acabamento de alta qualidade, essa vela é perfeita para celebrar idades, datas importantes e momentos inesquecíveis, combinando com diversos temas de festa.</p>

<p>Produzida em parafina de excelente qualidade, possui encaixe fácil no bolo, garantindo praticidade e segurança na decoração.</p>

<p><strong>Benefícios</strong></p>
<ul>
  <li>Design moderno e elegante</li>
  <li>Excelente acabamento</li>
  <li>Ideal para bolos de aniversário</li>
  <li>Fácil de fixar no bolo</li>
</ul>

<p><strong>Especificações</strong></p>
<ul>
  <li><strong>Cor:</strong> Azul</li>
  <li><strong>Marca:</strong> Silver Festas</li>
  <li><strong>Material:</strong> Parafina</li>
  <li><strong>Conteúdo:</strong> 1 vela (1 unidade)</li>
</ul>
","Vela de número azul com design moderno, ideal para aniversários e comemorações.",,"media://products/71.jpg,media://products/72.jpg,media://products/73.jpg,media://products/74.jpg,media://products/75.jpg,media://products/76.jpg,media://products/77.jpg,media://products/78.jpg,media://products/79.jpg,media://products/80.jpg,media://products/6-3.png",,,,,,1,,Decoração,Velas,Velas de Número,,,10,,Número,9,,,VMD-AZ-9
 9818958,,28544798,,,,,,,,"Vela Número Azul | Silver Festas","Vela número azul com design moderno, ideal para aniversários e comemorações. Destaque o bolo com charme e praticidade.","vela número azul, vela de aniversário azul, vela para bolo, silver festas","<p><strong>A Vela Número Mini Design Azul</strong> da Silver Festas é ideal para deixar o bolo ainda mais especial em aniversários e comemorações.</p>

<p>Com design moderno e acabamento de alta qualidade, essa vela é perfeita para celebrar idades, datas importantes e momentos inesquecíveis, combinando com diversos temas de festa.</p>

<p>Produzida em parafina de excelente qualidade, possui encaixe fácil no bolo, garantindo praticidade e segurança na decoração.</p>

<p><strong>Benefícios</strong></p>
<ul>
  <li>Design moderno e elegante</li>
  <li>Excelente acabamento</li>
  <li>Ideal para bolos de aniversário</li>
  <li>Fácil de fixar no bolo</li>
</ul>

<p><strong>Especificações</strong></p>
<ul>
  <li><strong>Cor:</strong> Azul</li>
  <li><strong>Marca:</strong> Silver Festas</li>
  <li><strong>Material:</strong> Parafina</li>
  <li><strong>Conteúdo:</strong> 1 vela (1 unidade)</li>
</ul>
","Vela de número azul com design moderno, ideal para aniversários e comemorações.",,"media://products/71.jpg,media://products/72.jpg,media://products/73.jpg,media://products/74.jpg,media://products/75.jpg,media://products/76.jpg,media://products/77.jpg,media://products/78.jpg,media://products/79.jpg,media://products/80.jpg,media://products/6-3.png",,,,,,1,,Decoração,Velas,Velas de Número,,,10,,Número,0,,,VMD-AZ-0
 9818958,,28544799,,,,,,,,"Vela Número Azul | Silver Festas","Vela número azul com design moderno, ideal para aniversários e comemorações. Destaque o bolo com charme e praticidade.","vela número azul, vela de aniversário azul, vela para bolo, silver festas","<p><strong>A Vela Número Mini Design Azul</strong> da Silver Festas é ideal para deixar o bolo ainda mais especial em aniversários e comemorações.</p>

<p>Com design moderno e acabamento de alta qualidade, essa vela é perfeita para celebrar idades, datas importantes e momentos inesquecíveis, combinando com diversos temas de festa.</p>

<p>Produzida em parafina de excelente qualidade, possui encaixe fácil no bolo, garantindo praticidade e segurança na decoração.</p>

<p><strong>Benefícios</strong></p>
<ul>
  <li>Design moderno e elegante</li>
  <li>Excelente acabamento</li>
  <li>Ideal para bolos de aniversário</li>
  <li>Fácil de fixar no bolo</li>
</ul>

<p><strong>Especificações</strong></p>
<ul>
  <li><strong>Cor:</strong> Azul</li>
  <li><strong>Marca:</strong> Silver Festas</li>
  <li><strong>Material:</strong> Parafina</li>
  <li><strong>Conteúdo:</strong> 1 vela (1 unidade)</li>
</ul>
","Vela de número azul com design moderno, ideal para aniversários e comemorações.",,"media://products/71.jpg,media://products/72.jpg,media://products/73.jpg,media://products/74.jpg,media://products/75.jpg,media://products/76.jpg,media://products/77.jpg,media://products/78.jpg,media://products/79.jpg,media://products/80.jpg,media://products/6-3.png",,,,,,1,,Decoração,Velas,Velas de Número,,,10,,Número,?,,,VMD-AZ-?
9825110,,,,Vela Número Mini Design Rosa,/vela-numero-mini-design-rosa,"0,020",3.00,3.00,10.00,"Vela Número Candy Color Rosa | Silver Festas","Vela número rosa metalizada, ideal para aniversários e comemorações. Um toque sofisticado para a decoração do bolo.","vela número rosa, vela de aniversário rosa, vela para bolo, silver festas","<p><strong>A Vela Número Mini Design Rosa</strong> da Silver Festas é ideal para deixar o bolo ainda mais especial em aniversários e comemorações.</p>

<p>Com design moderno e acabamento de alta qualidade, essa vela é perfeita para celebrar idades, datas importantes e momentos inesquecíveis, combinando com diversos temas de festa.</p>

<p>Produzida em parafina de excelente qualidade, possui encaixe fácil no bolo, garantindo praticidade e segurança na decoração.</p>

<p><strong>Benefícios</strong></p>
<ul>
  <li>Design moderno e elegante</li>
  <li>Excelente acabamento</li>
  <li>Ideal para bolos de aniversário</li>
  <li>Fácil de fixar no bolo</li>
</ul>

<p><strong>Especificações</strong></p>
<ul>
  <li><strong>Cor:</strong> Rosa</li>
  <li><strong>Marca:</strong> Silver Festas</li>
  <li><strong>Material:</strong> Parafina</li>
  <li><strong>Conteúdo:</strong> 1 vela (1 unidade)</li>
</ul>
","Vela de número rosa com design moderno, ideal para aniversários e comemorações.",,"media://products/51.jpg,media://products/52.jpg,media://products/53.jpg,media://products/54.jpg,media://products/55.jpg,media://products/56.jpg,media://products/57.jpg,media://products/58.jpg,media://products/59.jpg,media://products/60.jpg,media://products/3-3.png",7.90,,,,,1,Silver Plastic,Decoração,Velas,Velas de Número,,,0,,,,,,
 9825110,,28563246,,,,,,,,"Vela Número Candy Color Rosa | Silver Festas","Vela número rosa metalizada, ideal para aniversários e comemorações. Um toque sofisticado para a decoração do bolo.","vela número rosa, vela de aniversário rosa, vela para bolo, silver festas","<p><strong>A Vela Número Mini Design Rosa</strong> da Silver Festas é ideal para deixar o bolo ainda mais especial em aniversários e comemorações.</p>

<p>Com design moderno e acabamento de alta qualidade, essa vela é perfeita para celebrar idades, datas importantes e momentos inesquecíveis, combinando com diversos temas de festa.</p>

<p>Produzida em parafina de excelente qualidade, possui encaixe fácil no bolo, garantindo praticidade e segurança na decoração.</p>

<p><strong>Benefícios</strong></p>
<ul>
  <li>Design moderno e elegante</li>
  <li>Excelente acabamento</li>
  <li>Ideal para bolos de aniversário</li>
  <li>Fácil de fixar no bolo</li>
</ul>

<p><strong>Especificações</strong></p>
<ul>
  <li><strong>Cor:</strong> Rosa</li>
  <li><strong>Marca:</strong> Silver Festas</li>
  <li><strong>Material:</strong> Parafina</li>
  <li><strong>Conteúdo:</strong> 1 vela (1 unidade)</li>
</ul>
","Vela de número rosa com design moderno, ideal para aniversários e comemorações.",,"media://products/51.jpg,media://products/52.jpg,media://products/53.jpg,media://products/54.jpg,media://products/55.jpg,media://products/56.jpg,media://products/57.jpg,media://products/58.jpg,media://products/59.jpg,media://products/60.jpg,media://products/3-3.png",,,,,,1,,Decoração,Velas,Velas de Número,,,0,,Número,1,,,VMD-RO-1
 9825110,,28563247,,,,,,,,"Vela Número Candy Color Rosa | Silver Festas","Vela número rosa metalizada, ideal para aniversários e comemorações. Um toque sofisticado para a decoração do bolo.","vela número rosa, vela de aniversário rosa, vela para bolo, silver festas","<p><strong>A Vela Número Mini Design Rosa</strong> da Silver Festas é ideal para deixar o bolo ainda mais especial em aniversários e comemorações.</p>

<p>Com design moderno e acabamento de alta qualidade, essa vela é perfeita para celebrar idades, datas importantes e momentos inesquecíveis, combinando com diversos temas de festa.</p>

<p>Produzida em parafina de excelente qualidade, possui encaixe fácil no bolo, garantindo praticidade e segurança na decoração.</p>

<p><strong>Benefícios</strong></p>
<ul>
  <li>Design moderno e elegante</li>
  <li>Excelente acabamento</li>
  <li>Ideal para bolos de aniversário</li>
  <li>Fácil de fixar no bolo</li>
</ul>

<p><strong>Especificações</strong></p>
<ul>
  <li><strong>Cor:</strong> Rosa</li>
  <li><strong>Marca:</strong> Silver Festas</li>
  <li><strong>Material:</strong> Parafina</li>
  <li><strong>Conteúdo:</strong> 1 vela (1 unidade)</li>
</ul>
","Vela de número rosa com design moderno, ideal para aniversários e comemorações.",,"media://products/51.jpg,media://products/52.jpg,media://products/53.jpg,media://products/54.jpg,media://products/55.jpg,media://products/56.jpg,media://products/57.jpg,media://products/58.jpg,media://products/59.jpg,media://products/60.jpg,media://products/3-3.png",,,,,,1,,Decoração,Velas,Velas de Número,,,0,,Número,2,,,VMD-RO-2
 9825110,,28563248,,,,,,,,"Vela Número Candy Color Rosa | Silver Festas","Vela número rosa metalizada, ideal para aniversários e comemorações. Um toque sofisticado para a decoração do bolo.","vela número rosa, vela de aniversário rosa, vela para bolo, silver festas","<p><strong>A Vela Número Mini Design Rosa</strong> da Silver Festas é ideal para deixar o bolo ainda mais especial em aniversários e comemorações.</p>

<p>Com design moderno e acabamento de alta qualidade, essa vela é perfeita para celebrar idades, datas importantes e momentos inesquecíveis, combinando com diversos temas de festa.</p>

<p>Produzida em parafina de excelente qualidade, possui encaixe fácil no bolo, garantindo praticidade e segurança na decoração.</p>

<p><strong>Benefícios</strong></p>
<ul>
  <li>Design moderno e elegante</li>
  <li>Excelente acabamento</li>
  <li>Ideal para bolos de aniversário</li>
  <li>Fácil de fixar no bolo</li>
</ul>

<p><strong>Especificações</strong></p>
<ul>
  <li><strong>Cor:</strong> Rosa</li>
  <li><strong>Marca:</strong> Silver Festas</li>
  <li><strong>Material:</strong> Parafina</li>
  <li><strong>Conteúdo:</strong> 1 vela (1 unidade)</li>
</ul>
","Vela de número rosa com design moderno, ideal para aniversários e comemorações.",,"media://products/51.jpg,media://products/52.jpg,media://products/53.jpg,media://products/54.jpg,media://products/55.jpg,media://products/56.jpg,media://products/57.jpg,media://products/58.jpg,media://products/59.jpg,media://products/60.jpg,media://products/3-3.png",,,,,,1,,Decoração,Velas,Velas de Número,,,0,,Número,3,,,VMD-RO-3
 9825110,,28563249,,,,,,,,"Vela Número Candy Color Rosa | Silver Festas","Vela número rosa metalizada, ideal para aniversários e comemorações. Um toque sofisticado para a decoração do bolo.","vela número rosa, vela de aniversário rosa, vela para bolo, silver festas","<p><strong>A Vela Número Mini Design Rosa</strong> da Silver Festas é ideal para deixar o bolo ainda mais especial em aniversários e comemorações.</p>

<p>Com design moderno e acabamento de alta qualidade, essa vela é perfeita para celebrar idades, datas importantes e momentos inesquecíveis, combinando com diversos temas de festa.</p>

<p>Produzida em parafina de excelente qualidade, possui encaixe fácil no bolo, garantindo praticidade e segurança na decoração.</p>

<p><strong>Benefícios</strong></p>
<ul>
  <li>Design moderno e elegante</li>
  <li>Excelente acabamento</li>
  <li>Ideal para bolos de aniversário</li>
  <li>Fácil de fixar no bolo</li>
</ul>

<p><strong>Especificações</strong></p>
<ul>
  <li><strong>Cor:</strong> Rosa</li>
  <li><strong>Marca:</strong> Silver Festas</li>
  <li><strong>Material:</strong> Parafina</li>
  <li><strong>Conteúdo:</strong> 1 vela (1 unidade)</li>
</ul>
","Vela de número rosa com design moderno, ideal para aniversários e comemorações.",,"media://products/51.jpg,media://products/52.jpg,media://products/53.jpg,media://products/54.jpg,media://products/55.jpg,media://products/56.jpg,media://products/57.jpg,media://products/58.jpg,media://products/59.jpg,media://products/60.jpg,media://products/3-3.png",,,,,,1,,Decoração,Velas,Velas de Número,,,0,,Número,4,,,VMD-RO-4
 9825110,,28563250,,,,,,,,"Vela Número Candy Color Rosa | Silver Festas","Vela número rosa metalizada, ideal para aniversários e comemorações. Um toque sofisticado para a decoração do bolo.","vela número rosa, vela de aniversário rosa, vela para bolo, silver festas","<p><strong>A Vela Número Mini Design Rosa</strong> da Silver Festas é ideal para deixar o bolo ainda mais especial em aniversários e comemorações.</p>

<p>Com design moderno e acabamento de alta qualidade, essa vela é perfeita para celebrar idades, datas importantes e momentos inesquecíveis, combinando com diversos temas de festa.</p>

<p>Produzida em parafina de excelente qualidade, possui encaixe fácil no bolo, garantindo praticidade e segurança na decoração.</p>

<p><strong>Benefícios</strong></p>
<ul>
  <li>Design moderno e elegante</li>
  <li>Excelente acabamento</li>
  <li>Ideal para bolos de aniversário</li>
  <li>Fácil de fixar no bolo</li>
</ul>

<p><strong>Especificações</strong></p>
<ul>
  <li><strong>Cor:</strong> Rosa</li>
  <li><strong>Marca:</strong> Silver Festas</li>
  <li><strong>Material:</strong> Parafina</li>
  <li><strong>Conteúdo:</strong> 1 vela (1 unidade)</li>
</ul>
","Vela de número rosa com design moderno, ideal para aniversários e comemorações.",,"media://products/51.jpg,media://products/52.jpg,media://products/53.jpg,media://products/54.jpg,media://products/55.jpg,media://products/56.jpg,media://products/57.jpg,media://products/58.jpg,media://products/59.jpg,media://products/60.jpg,media://products/3-3.png",,,,,,1,,Decoração,Velas,Velas de Número,,,0,,Número,5,,,VMD-RO-5
 9825110,,28563251,,,,,,,,"Vela Número Candy Color Rosa | Silver Festas","Vela número rosa metalizada, ideal para aniversários e comemorações. Um toque sofisticado para a decoração do bolo.","vela número rosa, vela de aniversário rosa, vela para bolo, silver festas","<p><strong>A Vela Número Mini Design Rosa</strong> da Silver Festas é ideal para deixar o bolo ainda mais especial em aniversários e comemorações.</p>

<p>Com design moderno e acabamento de alta qualidade, essa vela é perfeita para celebrar idades, datas importantes e momentos inesquecíveis, combinando com diversos temas de festa.</p>

<p>Produzida em parafina de excelente qualidade, possui encaixe fácil no bolo, garantindo praticidade e segurança na decoração.</p>

<p><strong>Benefícios</strong></p>
<ul>
  <li>Design moderno e elegante</li>
  <li>Excelente acabamento</li>
  <li>Ideal para bolos de aniversário</li>
  <li>Fácil de fixar no bolo</li>
</ul>

<p><strong>Especificações</strong></p>
<ul>
  <li><strong>Cor:</strong> Rosa</li>
  <li><strong>Marca:</strong> Silver Festas</li>
  <li><strong>Material:</strong> Parafina</li>
  <li><strong>Conteúdo:</strong> 1 vela (1 unidade)</li>
</ul>
","Vela de número rosa com design moderno, ideal para aniversários e comemorações.",,"media://products/51.jpg,media://products/52.jpg,media://products/53.jpg,media://products/54.jpg,media://products/55.jpg,media://products/56.jpg,media://products/57.jpg,media://products/58.jpg,media://products/59.jpg,media://products/60.jpg,media://products/3-3.png",,,,,,1,,Decoração,Velas,Velas de Número,,,0,,Número,6,,,VMD-RO-6
 9825110,,28563252,,,,,,,,"Vela Número Candy Color Rosa | Silver Festas","Vela número rosa metalizada, ideal para aniversários e comemorações. Um toque sofisticado para a decoração do bolo.","vela número rosa, vela de aniversário rosa, vela para bolo, silver festas","<p><strong>A Vela Número Mini Design Rosa</strong> da Silver Festas é ideal para deixar o bolo ainda mais especial em aniversários e comemorações.</p>

<p>Com design moderno e acabamento de alta qualidade, essa vela é perfeita para celebrar idades, datas importantes e momentos inesquecíveis, combinando com diversos temas de festa.</p>

<p>Produzida em parafina de excelente qualidade, possui encaixe fácil no bolo, garantindo praticidade e segurança na decoração.</p>

<p><strong>Benefícios</strong></p>
<ul>
  <li>Design moderno e elegante</li>
  <li>Excelente acabamento</li>
  <li>Ideal para bolos de aniversário</li>
  <li>Fácil de fixar no bolo</li>
</ul>

<p><strong>Especificações</strong></p>
<ul>
  <li><strong>Cor:</strong> Rosa</li>
  <li><strong>Marca:</strong> Silver Festas</li>
  <li><strong>Material:</strong> Parafina</li>
  <li><strong>Conteúdo:</strong> 1 vela (1 unidade)</li>
</ul>
","Vela de número rosa com design moderno, ideal para aniversários e comemorações.",,"media://products/51.jpg,media://products/52.jpg,media://products/53.jpg,media://products/54.jpg,media://products/55.jpg,media://products/56.jpg,media://products/57.jpg,media://products/58.jpg,media://products/59.jpg,media://products/60.jpg,media://products/3-3.png",,,,,,1,,Decoração,Velas,Velas de Número,,,0,,Número,7,,,VMD-RO-7
 9825110,,28563253,,,,,,,,"Vela Número Candy Color Rosa | Silver Festas","Vela número rosa metalizada, ideal para aniversários e comemorações. Um toque sofisticado para a decoração do bolo.","vela número rosa, vela de aniversário rosa, vela para bolo, silver festas","<p><strong>A Vela Número Mini Design Rosa</strong> da Silver Festas é ideal para deixar o bolo ainda mais especial em aniversários e comemorações.</p>

<p>Com design moderno e acabamento de alta qualidade, essa vela é perfeita para celebrar idades, datas importantes e momentos inesquecíveis, combinando com diversos temas de festa.</p>

<p>Produzida em parafina de excelente qualidade, possui encaixe fácil no bolo, garantindo praticidade e segurança na decoração.</p>

<p><strong>Benefícios</strong></p>
<ul>
  <li>Design moderno e elegante</li>
  <li>Excelente acabamento</li>
  <li>Ideal para bolos de aniversário</li>
  <li>Fácil de fixar no bolo</li>
</ul>

<p><strong>Especificações</strong></p>
<ul>
  <li><strong>Cor:</strong> Rosa</li>
  <li><strong>Marca:</strong> Silver Festas</li>
  <li><strong>Material:</strong> Parafina</li>
  <li><strong>Conteúdo:</strong> 1 vela (1 unidade)</li>
</ul>
","Vela de número rosa com design moderno, ideal para aniversários e comemorações.",,"media://products/51.jpg,media://products/52.jpg,media://products/53.jpg,media://products/54.jpg,media://products/55.jpg,media://products/56.jpg,media://products/57.jpg,media://products/58.jpg,media://products/59.jpg,media://products/60.jpg,media://products/3-3.png",,,,,,1,,Decoração,Velas,Velas de Número,,,0,,Número,8,,,VMD-RO-8
 9825110,,28563254,,,,,,,,"Vela Número Candy Color Rosa | Silver Festas","Vela número rosa metalizada, ideal para aniversários e comemorações. Um toque sofisticado para a decoração do bolo.","vela número rosa, vela de aniversário rosa, vela para bolo, silver festas","<p><strong>A Vela Número Mini Design Rosa</strong> da Silver Festas é ideal para deixar o bolo ainda mais especial em aniversários e comemorações.</p>

<p>Com design moderno e acabamento de alta qualidade, essa vela é perfeita para celebrar idades, datas importantes e momentos inesquecíveis, combinando com diversos temas de festa.</p>

<p>Produzida em parafina de excelente qualidade, possui encaixe fácil no bolo, garantindo praticidade e segurança na decoração.</p>

<p><strong>Benefícios</strong></p>
<ul>
  <li>Design moderno e elegante</li>
  <li>Excelente acabamento</li>
  <li>Ideal para bolos de aniversário</li>
  <li>Fácil de fixar no bolo</li>
</ul>

<p><strong>Especificações</strong></p>
<ul>
  <li><strong>Cor:</strong> Rosa</li>
  <li><strong>Marca:</strong> Silver Festas</li>
  <li><strong>Material:</strong> Parafina</li>
  <li><strong>Conteúdo:</strong> 1 vela (1 unidade)</li>
</ul>
","Vela de número rosa com design moderno, ideal para aniversários e comemorações.",,"media://products/51.jpg,media://products/52.jpg,media://products/53.jpg,media://products/54.jpg,media://products/55.jpg,media://products/56.jpg,media://products/57.jpg,media://products/58.jpg,media://products/59.jpg,media://products/60.jpg,media://products/3-3.png",,,,,,1,,Decoração,Velas,Velas de Número,,,0,,Número,9,,,VMD-RO-9
 9825110,,28563255,,,,,,,,"Vela Número Candy Color Rosa | Silver Festas","Vela número rosa metalizada, ideal para aniversários e comemorações. Um toque sofisticado para a decoração do bolo.","vela número rosa, vela de aniversário rosa, vela para bolo, silver festas","<p><strong>A Vela Número Mini Design Rosa</strong> da Silver Festas é ideal para deixar o bolo ainda mais especial em aniversários e comemorações.</p>

<p>Com design moderno e acabamento de alta qualidade, essa vela é perfeita para celebrar idades, datas importantes e momentos inesquecíveis, combinando com diversos temas de festa.</p>

<p>Produzida em parafina de excelente qualidade, possui encaixe fácil no bolo, garantindo praticidade e segurança na decoração.</p>

<p><strong>Benefícios</strong></p>
<ul>
  <li>Design moderno e elegante</li>
  <li>Excelente acabamento</li>
  <li>Ideal para bolos de aniversário</li>
  <li>Fácil de fixar no bolo</li>
</ul>

<p><strong>Especificações</strong></p>
<ul>
  <li><strong>Cor:</strong> Rosa</li>
  <li><strong>Marca:</strong> Silver Festas</li>
  <li><strong>Material:</strong> Parafina</li>
  <li><strong>Conteúdo:</strong> 1 vela (1 unidade)</li>
</ul>
","Vela de número rosa com design moderno, ideal para aniversários e comemorações.",,"media://products/51.jpg,media://products/52.jpg,media://products/53.jpg,media://products/54.jpg,media://products/55.jpg,media://products/56.jpg,media://products/57.jpg,media://products/58.jpg,media://products/59.jpg,media://products/60.jpg,media://products/3-3.png",,,,,,1,,Decoração,Velas,Velas de Número,,,0,,Número,0,,,VMD-RO-0
 9825110,,28563256,,,,,,,,"Vela Número Candy Color Rosa | Silver Festas","Vela número rosa metalizada, ideal para aniversários e comemorações. Um toque sofisticado para a decoração do bolo.","vela número rosa, vela de aniversário rosa, vela para bolo, silver festas","<p><strong>A Vela Número Mini Design Rosa</strong> da Silver Festas é ideal para deixar o bolo ainda mais especial em aniversários e comemorações.</p>

<p>Com design moderno e acabamento de alta qualidade, essa vela é perfeita para celebrar idades, datas importantes e momentos inesquecíveis, combinando com diversos temas de festa.</p>

<p>Produzida em parafina de excelente qualidade, possui encaixe fácil no bolo, garantindo praticidade e segurança na decoração.</p>

<p><strong>Benefícios</strong></p>
<ul>
  <li>Design moderno e elegante</li>
  <li>Excelente acabamento</li>
  <li>Ideal para bolos de aniversário</li>
  <li>Fácil de fixar no bolo</li>
</ul>

<p><strong>Especificações</strong></p>
<ul>
  <li><strong>Cor:</strong> Rosa</li>
  <li><strong>Marca:</strong> Silver Festas</li>
  <li><strong>Material:</strong> Parafina</li>
  <li><strong>Conteúdo:</strong> 1 vela (1 unidade)</li>
</ul>
","Vela de número rosa com design moderno, ideal para aniversários e comemorações.",,"media://products/51.jpg,media://products/52.jpg,media://products/53.jpg,media://products/54.jpg,media://products/55.jpg,media://products/56.jpg,media://products/57.jpg,media://products/58.jpg,media://products/59.jpg,media://products/60.jpg,media://products/3-3.png",,,,,,1,,Decoração,Velas,Velas de Número,,,0,,Número,?,,,VMD-RO-?
9825060,,,,Vela Número Mini Design Rosa Bebe,/vela-numero-mini-design-rosa-bebe,"0,020",3.00,3.00,10.00,"Vela Número Rosa Bebe | Silver Festas","Vela número rosa bebe com design moderno, ideal para aniversários e comemorações. Destaque o bolo com charme e praticidade.","vela número rosa bebe, vela de aniversário rosa bebe, vela para bolo, silver festas","<p><strong>A Vela Número Mini Design Rosa</strong> da Silver Festas é ideal para deixar o bolo ainda mais especial em aniversários e comemorações.</p>

<p>Com design moderno e acabamento de alta qualidade, essa vela é perfeita para celebrar idades, datas importantes e momentos inesquecíveis, combinando com diversos temas de festa.</p>

<p>Produzida em parafina de excelente qualidade, possui encaixe fácil no bolo, garantindo praticidade e segurança na decoração.</p>

<p><strong>Benefícios</strong></p>
<ul>
  <li>Design moderno e elegante</li>
  <li>Excelente acabamento</li>
  <li>Ideal para bolos de aniversário</li>
  <li>Fácil de fixar no bolo</li>
</ul>

<p><strong>Especificações</strong></p>
<ul>
  <li><strong>Cor:</strong> Rosa Bebe</li>
  <li><strong>Marca:</strong> Silver Festas</li>
  <li><strong>Material:</strong> Parafina</li>
  <li><strong>Conteúdo:</strong> 1 vela (1 unidade)</li>
</ul>
","Vela de número rosa bebe com design moderno, ideal para aniversários e comemorações.",,"media://products/21.jpg,media://products/22.jpg,media://products/23.jpg,media://products/24.jpg,media://products/25.jpg,media://products/26.jpg,media://products/27.jpg,media://products/28.jpg,media://products/29.jpg,media://products/30.jpg,media://products/2-3.png",7.90,,,,,1,Silver Plastic,Decoração,Velas,Velas de Número,,,10,,,,,,
 9825060,,28563102,,,,,,,,"Vela Número Rosa Bebe | Silver Festas","Vela número rosa bebe com design moderno, ideal para aniversários e comemorações. Destaque o bolo com charme e praticidade.","vela número rosa bebe, vela de aniversário rosa bebe, vela para bolo, silver festas","<p><strong>A Vela Número Mini Design Rosa</strong> da Silver Festas é ideal para deixar o bolo ainda mais especial em aniversários e comemorações.</p>

<p>Com design moderno e acabamento de alta qualidade, essa vela é perfeita para celebrar idades, datas importantes e momentos inesquecíveis, combinando com diversos temas de festa.</p>

<p>Produzida em parafina de excelente qualidade, possui encaixe fácil no bolo, garantindo praticidade e segurança na decoração.</p>

<p><strong>Benefícios</strong></p>
<ul>
  <li>Design moderno e elegante</li>
  <li>Excelente acabamento</li>
  <li>Ideal para bolos de aniversário</li>
  <li>Fácil de fixar no bolo</li>
</ul>

<p><strong>Especificações</strong></p>
<ul>
  <li><strong>Cor:</strong> Rosa Bebe</li>
  <li><strong>Marca:</strong> Silver Festas</li>
  <li><strong>Material:</strong> Parafina</li>
  <li><strong>Conteúdo:</strong> 1 vela (1 unidade)</li>
</ul>
","Vela de número rosa bebe com design moderno, ideal para aniversários e comemorações.",,"media://products/21.jpg,media://products/22.jpg,media://products/23.jpg,media://products/24.jpg,media://products/25.jpg,media://products/26.jpg,media://products/27.jpg,media://products/28.jpg,media://products/29.jpg,media://products/30.jpg,media://products/2-3.png",,,,,,1,,Decoração,Velas,Velas de Número,,,10,,Número,1,,,VMD-RS-1
 9825060,,28563103,,,,,,,,"Vela Número Rosa Bebe | Silver Festas","Vela número rosa bebe com design moderno, ideal para aniversários e comemorações. Destaque o bolo com charme e praticidade.","vela número rosa bebe, vela de aniversário rosa bebe, vela para bolo, silver festas","<p><strong>A Vela Número Mini Design Rosa</strong> da Silver Festas é ideal para deixar o bolo ainda mais especial em aniversários e comemorações.</p>

<p>Com design moderno e acabamento de alta qualidade, essa vela é perfeita para celebrar idades, datas importantes e momentos inesquecíveis, combinando com diversos temas de festa.</p>

<p>Produzida em parafina de excelente qualidade, possui encaixe fácil no bolo, garantindo praticidade e segurança na decoração.</p>

<p><strong>Benefícios</strong></p>
<ul>
  <li>Design moderno e elegante</li>
  <li>Excelente acabamento</li>
  <li>Ideal para bolos de aniversário</li>
  <li>Fácil de fixar no bolo</li>
</ul>

<p><strong>Especificações</strong></p>
<ul>
  <li><strong>Cor:</strong> Rosa Bebe</li>
  <li><strong>Marca:</strong> Silver Festas</li>
  <li><strong>Material:</strong> Parafina</li>
  <li><strong>Conteúdo:</strong> 1 vela (1 unidade)</li>
</ul>
","Vela de número rosa bebe com design moderno, ideal para aniversários e comemorações.",,"media://products/21.jpg,media://products/22.jpg,media://products/23.jpg,media://products/24.jpg,media://products/25.jpg,media://products/26.jpg,media://products/27.jpg,media://products/28.jpg,media://products/29.jpg,media://products/30.jpg,media://products/2-3.png",,,,,,1,,Decoração,Velas,Velas de Número,,,10,,Número,2,,,VMD-RS-2
 9825060,,28563104,,,,,,,,"Vela Número Rosa Bebe | Silver Festas","Vela número rosa bebe com design moderno, ideal para aniversários e comemorações. Destaque o bolo com charme e praticidade.","vela número rosa bebe, vela de aniversário rosa bebe, vela para bolo, silver festas","<p><strong>A Vela Número Mini Design Rosa</strong> da Silver Festas é ideal para deixar o bolo ainda mais especial em aniversários e comemorações.</p>

<p>Com design moderno e acabamento de alta qualidade, essa vela é perfeita para celebrar idades, datas importantes e momentos inesquecíveis, combinando com diversos temas de festa.</p>

<p>Produzida em parafina de excelente qualidade, possui encaixe fácil no bolo, garantindo praticidade e segurança na decoração.</p>

<p><strong>Benefícios</strong></p>
<ul>
  <li>Design moderno e elegante</li>
  <li>Excelente acabamento</li>
  <li>Ideal para bolos de aniversário</li>
  <li>Fácil de fixar no bolo</li>
</ul>

<p><strong>Especificações</strong></p>
<ul>
  <li><strong>Cor:</strong> Rosa Bebe</li>
  <li><strong>Marca:</strong> Silver Festas</li>
  <li><strong>Material:</strong> Parafina</li>
  <li><strong>Conteúdo:</strong> 1 vela (1 unidade)</li>
</ul>
","Vela de número rosa bebe com design moderno, ideal para aniversários e comemorações.",,"media://products/21.jpg,media://products/22.jpg,media://products/23.jpg,media://products/24.jpg,media://products/25.jpg,media://products/26.jpg,media://products/27.jpg,media://products/28.jpg,media://products/29.jpg,media://products/30.jpg,media://products/2-3.png",,,,,,1,,Decoração,Velas,Velas de Número,,,10,,Número,3,,,VMD-RS-3
 9825060,,28563105,,,,,,,,"Vela Número Rosa Bebe | Silver Festas","Vela número rosa bebe com design moderno, ideal para aniversários e comemorações. Destaque o bolo com charme e praticidade.","vela número rosa bebe, vela de aniversário rosa bebe, vela para bolo, silver festas","<p><strong>A Vela Número Mini Design Rosa</strong> da Silver Festas é ideal para deixar o bolo ainda mais especial em aniversários e comemorações.</p>

<p>Com design moderno e acabamento de alta qualidade, essa vela é perfeita para celebrar idades, datas importantes e momentos inesquecíveis, combinando com diversos temas de festa.</p>

<p>Produzida em parafina de excelente qualidade, possui encaixe fácil no bolo, garantindo praticidade e segurança na decoração.</p>

<p><strong>Benefícios</strong></p>
<ul>
  <li>Design moderno e elegante</li>
  <li>Excelente acabamento</li>
  <li>Ideal para bolos de aniversário</li>
  <li>Fácil de fixar no bolo</li>
</ul>

<p><strong>Especificações</strong></p>
<ul>
  <li><strong>Cor:</strong> Rosa Bebe</li>
  <li><strong>Marca:</strong> Silver Festas</li>
  <li><strong>Material:</strong> Parafina</li>
  <li><strong>Conteúdo:</strong> 1 vela (1 unidade)</li>
</ul>
","Vela de número rosa bebe com design moderno, ideal para aniversários e comemorações.",,"media://products/21.jpg,media://products/22.jpg,media://products/23.jpg,media://products/24.jpg,media://products/25.jpg,media://products/26.jpg,media://products/27.jpg,media://products/28.jpg,media://products/29.jpg,media://products/30.jpg,media://products/2-3.png",,,,,,1,,Decoração,Velas,Velas de Número,,,10,,Número,4,,,VMD-RS-4
 9825060,,28563106,,,,,,,,"Vela Número Rosa Bebe | Silver Festas","Vela número rosa bebe com design moderno, ideal para aniversários e comemorações. Destaque o bolo com charme e praticidade.","vela número rosa bebe, vela de aniversário rosa bebe, vela para bolo, silver festas","<p><strong>A Vela Número Mini Design Rosa</strong> da Silver Festas é ideal para deixar o bolo ainda mais especial em aniversários e comemorações.</p>

<p>Com design moderno e acabamento de alta qualidade, essa vela é perfeita para celebrar idades, datas importantes e momentos inesquecíveis, combinando com diversos temas de festa.</p>

<p>Produzida em parafina de excelente qualidade, possui encaixe fácil no bolo, garantindo praticidade e segurança na decoração.</p>

<p><strong>Benefícios</strong></p>
<ul>
  <li>Design moderno e elegante</li>
  <li>Excelente acabamento</li>
  <li>Ideal para bolos de aniversário</li>
  <li>Fácil de fixar no bolo</li>
</ul>

<p><strong>Especificações</strong></p>
<ul>
  <li><strong>Cor:</strong> Rosa Bebe</li>
  <li><strong>Marca:</strong> Silver Festas</li>
  <li><strong>Material:</strong> Parafina</li>
  <li><strong>Conteúdo:</strong> 1 vela (1 unidade)</li>
</ul>
","Vela de número rosa bebe com design moderno, ideal para aniversários e comemorações.",,"media://products/21.jpg,media://products/22.jpg,media://products/23.jpg,media://products/24.jpg,media://products/25.jpg,media://products/26.jpg,media://products/27.jpg,media://products/28.jpg,media://products/29.jpg,media://products/30.jpg,media://products/2-3.png",,,,,,1,,Decoração,Velas,Velas de Número,,,10,,Número,5,,,VMD-RS-5
 9825060,,28563107,,,,,,,,"Vela Número Rosa Bebe | Silver Festas","Vela número rosa bebe com design moderno, ideal para aniversários e comemorações. Destaque o bolo com charme e praticidade.","vela número rosa bebe, vela de aniversário rosa bebe, vela para bolo, silver festas","<p><strong>A Vela Número Mini Design Rosa</strong> da Silver Festas é ideal para deixar o bolo ainda mais especial em aniversários e comemorações.</p>

<p>Com design moderno e acabamento de alta qualidade, essa vela é perfeita para celebrar idades, datas importantes e momentos inesquecíveis, combinando com diversos temas de festa.</p>

<p>Produzida em parafina de excelente qualidade, possui encaixe fácil no bolo, garantindo praticidade e segurança na decoração.</p>

<p><strong>Benefícios</strong></p>
<ul>
  <li>Design moderno e elegante</li>
  <li>Excelente acabamento</li>
  <li>Ideal para bolos de aniversário</li>
  <li>Fácil de fixar no bolo</li>
</ul>

<p><strong>Especificações</strong></p>
<ul>
  <li><strong>Cor:</strong> Rosa Bebe</li>
  <li><strong>Marca:</strong> Silver Festas</li>
  <li><strong>Material:</strong> Parafina</li>
  <li><strong>Conteúdo:</strong> 1 vela (1 unidade)</li>
</ul>
","Vela de número rosa bebe com design moderno, ideal para aniversários e comemorações.",,"media://products/21.jpg,media://products/22.jpg,media://products/23.jpg,media://products/24.jpg,media://products/25.jpg,media://products/26.jpg,media://products/27.jpg,media://products/28.jpg,media://products/29.jpg,media://products/30.jpg,media://products/2-3.png",,,,,,1,,Decoração,Velas,Velas de Número,,,10,,Número,6,,,VMD-RS-6
 9825060,,28563108,,,,,,,,"Vela Número Rosa Bebe | Silver Festas","Vela número rosa bebe com design moderno, ideal para aniversários e comemorações. Destaque o bolo com charme e praticidade.","vela número rosa bebe, vela de aniversário rosa bebe, vela para bolo, silver festas","<p><strong>A Vela Número Mini Design Rosa</strong> da Silver Festas é ideal para deixar o bolo ainda mais especial em aniversários e comemorações.</p>

<p>Com design moderno e acabamento de alta qualidade, essa vela é perfeita para celebrar idades, datas importantes e momentos inesquecíveis, combinando com diversos temas de festa.</p>

<p>Produzida em parafina de excelente qualidade, possui encaixe fácil no bolo, garantindo praticidade e segurança na decoração.</p>

<p><strong>Benefícios</strong></p>
<ul>
  <li>Design moderno e elegante</li>
  <li>Excelente acabamento</li>
  <li>Ideal para bolos de aniversário</li>
  <li>Fácil de fixar no bolo</li>
</ul>

<p><strong>Especificações</strong></p>
<ul>
  <li><strong>Cor:</strong> Rosa Bebe</li>
  <li><strong>Marca:</strong> Silver Festas</li>
  <li><strong>Material:</strong> Parafina</li>
  <li><strong>Conteúdo:</strong> 1 vela (1 unidade)</li>
</ul>
","Vela de número rosa bebe com design moderno, ideal para aniversários e comemorações.",,"media://products/21.jpg,media://products/22.jpg,media://products/23.jpg,media://products/24.jpg,media://products/25.jpg,media://products/26.jpg,media://products/27.jpg,media://products/28.jpg,media://products/29.jpg,media://products/30.jpg,media://products/2-3.png",,,,,,1,,Decoração,Velas,Velas de Número,,,10,,Número,7,,,VMD-RS-7
 9825060,,28563109,,,,,,,,"Vela Número Rosa Bebe | Silver Festas","Vela número rosa bebe com design moderno, ideal para aniversários e comemorações. Destaque o bolo com charme e praticidade.","vela número rosa bebe, vela de aniversário rosa bebe, vela para bolo, silver festas","<p><strong>A Vela Número Mini Design Rosa</strong> da Silver Festas é ideal para deixar o bolo ainda mais especial em aniversários e comemorações.</p>

<p>Com design moderno e acabamento de alta qualidade, essa vela é perfeita para celebrar idades, datas importantes e momentos inesquecíveis, combinando com diversos temas de festa.</p>

<p>Produzida em parafina de excelente qualidade, possui encaixe fácil no bolo, garantindo praticidade e segurança na decoração.</p>

<p><strong>Benefícios</strong></p>
<ul>
  <li>Design moderno e elegante</li>
  <li>Excelente acabamento</li>
  <li>Ideal para bolos de aniversário</li>
  <li>Fácil de fixar no bolo</li>
</ul>

<p><strong>Especificações</strong></p>
<ul>
  <li><strong>Cor:</strong> Rosa Bebe</li>
  <li><strong>Marca:</strong> Silver Festas</li>
  <li><strong>Material:</strong> Parafina</li>
  <li><strong>Conteúdo:</strong> 1 vela (1 unidade)</li>
</ul>
","Vela de número rosa bebe com design moderno, ideal para aniversários e comemorações.",,"media://products/21.jpg,media://products/22.jpg,media://products/23.jpg,media://products/24.jpg,media://products/25.jpg,media://products/26.jpg,media://products/27.jpg,media://products/28.jpg,media://products/29.jpg,media://products/30.jpg,media://products/2-3.png",,,,,,1,,Decoração,Velas,Velas de Número,,,10,,Número,8,,,VMD-RS-8
 9825060,,28563110,,,,,,,,"Vela Número Rosa Bebe | Silver Festas","Vela número rosa bebe com design moderno, ideal para aniversários e comemorações. Destaque o bolo com charme e praticidade.","vela número rosa bebe, vela de aniversário rosa bebe, vela para bolo, silver festas","<p><strong>A Vela Número Mini Design Rosa</strong> da Silver Festas é ideal para deixar o bolo ainda mais especial em aniversários e comemorações.</p>

<p>Com design moderno e acabamento de alta qualidade, essa vela é perfeita para celebrar idades, datas importantes e momentos inesquecíveis, combinando com diversos temas de festa.</p>

<p>Produzida em parafina de excelente qualidade, possui encaixe fácil no bolo, garantindo praticidade e segurança na decoração.</p>

<p><strong>Benefícios</strong></p>
<ul>
  <li>Design moderno e elegante</li>
  <li>Excelente acabamento</li>
  <li>Ideal para bolos de aniversário</li>
  <li>Fácil de fixar no bolo</li>
</ul>

<p><strong>Especificações</strong></p>
<ul>
  <li><strong>Cor:</strong> Rosa Bebe</li>
  <li><strong>Marca:</strong> Silver Festas</li>
  <li><strong>Material:</strong> Parafina</li>
  <li><strong>Conteúdo:</strong> 1 vela (1 unidade)</li>
</ul>
","Vela de número rosa bebe com design moderno, ideal para aniversários e comemorações.",,"media://products/21.jpg,media://products/22.jpg,media://products/23.jpg,media://products/24.jpg,media://products/25.jpg,media://products/26.jpg,media://products/27.jpg,media://products/28.jpg,media://products/29.jpg,media://products/30.jpg,media://products/2-3.png",,,,,,1,,Decoração,Velas,Velas de Número,,,10,,Número,9,,,VMD-RS-9
 9825060,,28563111,,,,,,,,"Vela Número Rosa Bebe | Silver Festas","Vela número rosa bebe com design moderno, ideal para aniversários e comemorações. Destaque o bolo com charme e praticidade.","vela número rosa bebe, vela de aniversário rosa bebe, vela para bolo, silver festas","<p><strong>A Vela Número Mini Design Rosa</strong> da Silver Festas é ideal para deixar o bolo ainda mais especial em aniversários e comemorações.</p>

<p>Com design moderno e acabamento de alta qualidade, essa vela é perfeita para celebrar idades, datas importantes e momentos inesquecíveis, combinando com diversos temas de festa.</p>

<p>Produzida em parafina de excelente qualidade, possui encaixe fácil no bolo, garantindo praticidade e segurança na decoração.</p>

<p><strong>Benefícios</strong></p>
<ul>
  <li>Design moderno e elegante</li>
  <li>Excelente acabamento</li>
  <li>Ideal para bolos de aniversário</li>
  <li>Fácil de fixar no bolo</li>
</ul>

<p><strong>Especificações</strong></p>
<ul>
  <li><strong>Cor:</strong> Rosa Bebe</li>
  <li><strong>Marca:</strong> Silver Festas</li>
  <li><strong>Material:</strong> Parafina</li>
  <li><strong>Conteúdo:</strong> 1 vela (1 unidade)</li>
</ul>
","Vela de número rosa bebe com design moderno, ideal para aniversários e comemorações.",,"media://products/21.jpg,media://products/22.jpg,media://products/23.jpg,media://products/24.jpg,media://products/25.jpg,media://products/26.jpg,media://products/27.jpg,media://products/28.jpg,media://products/29.jpg,media://products/30.jpg,media://products/2-3.png",,,,,,1,,Decoração,Velas,Velas de Número,,,10,,Número,0,,,VMD-RS-0
 9825060,,28563112,,,,,,,,"Vela Número Rosa Bebe | Silver Festas","Vela número rosa bebe com design moderno, ideal para aniversários e comemorações. Destaque o bolo com charme e praticidade.","vela número rosa bebe, vela de aniversário rosa bebe, vela para bolo, silver festas","<p><strong>A Vela Número Mini Design Rosa</strong> da Silver Festas é ideal para deixar o bolo ainda mais especial em aniversários e comemorações.</p>

<p>Com design moderno e acabamento de alta qualidade, essa vela é perfeita para celebrar idades, datas importantes e momentos inesquecíveis, combinando com diversos temas de festa.</p>

<p>Produzida em parafina de excelente qualidade, possui encaixe fácil no bolo, garantindo praticidade e segurança na decoração.</p>

<p><strong>Benefícios</strong></p>
<ul>
  <li>Design moderno e elegante</li>
  <li>Excelente acabamento</li>
  <li>Ideal para bolos de aniversário</li>
  <li>Fácil de fixar no bolo</li>
</ul>

<p><strong>Especificações</strong></p>
<ul>
  <li><strong>Cor:</strong> Rosa Bebe</li>
  <li><strong>Marca:</strong> Silver Festas</li>
  <li><strong>Material:</strong> Parafina</li>
  <li><strong>Conteúdo:</strong> 1 vela (1 unidade)</li>
</ul>
","Vela de número rosa bebe com design moderno, ideal para aniversários e comemorações.",,"media://products/21.jpg,media://products/22.jpg,media://products/23.jpg,media://products/24.jpg,media://products/25.jpg,media://products/26.jpg,media://products/27.jpg,media://products/28.jpg,media://products/29.jpg,media://products/30.jpg,media://products/2-3.png",,,,,,1,,Decoração,Velas,Velas de Número,,,10,,Número,?,,,VMD-RS-?
9824917,,,,Vela Número Mini Design Prata – Silver Festas,/vela-numero-prata-silver-festas,"0,020",3.00,3.00,10.00,"Vela Número Prata | Silver Festas","Vela número prata com design moderno, ideal para aniversários e comemorações. Destaque o bolo com charme e praticidade.","vela número prata, vela de aniversário prata, vela para bolo, silver festas","<p><strong>A Vela Número Mini Design Prata</strong> da Silver Festas é ideal para deixar o bolo ainda mais especial em aniversários e comemorações.</p>

<p>Com design moderno e acabamento de alta qualidade, essa vela é perfeita para celebrar idades, datas importantes e momentos inesquecíveis, combinando com diversos temas de festa.</p>

<p>Produzida em parafina de excelente qualidade, possui encaixe fácil no bolo, garantindo praticidade e segurança na decoração.</p>

<p><strong>Benefícios</strong></p>
<ul>
  <li>Design moderno e elegante</li>
  <li>Excelente acabamento</li>
  <li>Ideal para bolos de aniversário</li>
  <li>Fácil de fixar no bolo</li>
</ul>

<p><strong>Especificações</strong></p>
<ul>
  <li><strong>Cor:</strong> Prata</li>
  <li><strong>Marca:</strong> Silver Festas</li>
  <li><strong>Material:</strong> Parafina</li>
  <li><strong>Conteúdo:</strong> 1 vela (1 unidade)</li>
</ul>
","Vela de número prata com design moderno, ideal para aniversários e comemorações.",,"media://products/1-3.png,media://products/2-4.png,media://products/3-4.png,media://products/4-3.png,media://products/12-3.png,media://products/5-4.png,media://products/6-4.png,media://products/7-4.png,media://products/8-3.png,media://products/9-3.png,media://products/10-3.png,media://products/11-3.png",7.90,,,,,1,Silver Plastic,Decoração,Velas,Velas de Número,,,10,,,,,,
 9824917,,28562840,,,,,,,,"Vela Número Prata | Silver Festas","Vela número prata com design moderno, ideal para aniversários e comemorações. Destaque o bolo com charme e praticidade.","vela número prata, vela de aniversário prata, vela para bolo, silver festas","<p><strong>A Vela Número Mini Design Prata</strong> da Silver Festas é ideal para deixar o bolo ainda mais especial em aniversários e comemorações.</p>

<p>Com design moderno e acabamento de alta qualidade, essa vela é perfeita para celebrar idades, datas importantes e momentos inesquecíveis, combinando com diversos temas de festa.</p>

<p>Produzida em parafina de excelente qualidade, possui encaixe fácil no bolo, garantindo praticidade e segurança na decoração.</p>

<p><strong>Benefícios</strong></p>
<ul>
  <li>Design moderno e elegante</li>
  <li>Excelente acabamento</li>
  <li>Ideal para bolos de aniversário</li>
  <li>Fácil de fixar no bolo</li>
</ul>

<p><strong>Especificações</strong></p>
<ul>
  <li><strong>Cor:</strong> Prata</li>
  <li><strong>Marca:</strong> Silver Festas</li>
  <li><strong>Material:</strong> Parafina</li>
  <li><strong>Conteúdo:</strong> 1 vela (1 unidade)</li>
</ul>
","Vela de número prata com design moderno, ideal para aniversários e comemorações.",,"media://products/1-3.png,media://products/2-4.png,media://products/3-4.png,media://products/4-3.png,media://products/12-3.png,media://products/5-4.png,media://products/6-4.png,media://products/7-4.png,media://products/8-3.png,media://products/9-3.png,media://products/10-3.png,media://products/11-3.png",,,,,,1,,Decoração,Velas,Velas de Número,,,10,,Número,1,,,VMD-PR-1
 9824917,,28562841,,,,,,,,"Vela Número Prata | Silver Festas","Vela número prata com design moderno, ideal para aniversários e comemorações. Destaque o bolo com charme e praticidade.","vela número prata, vela de aniversário prata, vela para bolo, silver festas","<p><strong>A Vela Número Mini Design Prata</strong> da Silver Festas é ideal para deixar o bolo ainda mais especial em aniversários e comemorações.</p>

<p>Com design moderno e acabamento de alta qualidade, essa vela é perfeita para celebrar idades, datas importantes e momentos inesquecíveis, combinando com diversos temas de festa.</p>

<p>Produzida em parafina de excelente qualidade, possui encaixe fácil no bolo, garantindo praticidade e segurança na decoração.</p>

<p><strong>Benefícios</strong></p>
<ul>
  <li>Design moderno e elegante</li>
  <li>Excelente acabamento</li>
  <li>Ideal para bolos de aniversário</li>
  <li>Fácil de fixar no bolo</li>
</ul>

<p><strong>Especificações</strong></p>
<ul>
  <li><strong>Cor:</strong> Prata</li>
  <li><strong>Marca:</strong> Silver Festas</li>
  <li><strong>Material:</strong> Parafina</li>
  <li><strong>Conteúdo:</strong> 1 vela (1 unidade)</li>
</ul>
","Vela de número prata com design moderno, ideal para aniversários e comemorações.",,"media://products/1-3.png,media://products/2-4.png,media://products/3-4.png,media://products/4-3.png,media://products/12-3.png,media://products/5-4.png,media://products/6-4.png,media://products/7-4.png,media://products/8-3.png,media://products/9-3.png,media://products/10-3.png,media://products/11-3.png",,,,,,1,,Decoração,Velas,Velas de Número,,,10,,Número,2,,,VMD-PR-2
 9824917,,28562842,,,,,,,,"Vela Número Prata | Silver Festas","Vela número prata com design moderno, ideal para aniversários e comemorações. Destaque o bolo com charme e praticidade.","vela número prata, vela de aniversário prata, vela para bolo, silver festas","<p><strong>A Vela Número Mini Design Prata</strong> da Silver Festas é ideal para deixar o bolo ainda mais especial em aniversários e comemorações.</p>

<p>Com design moderno e acabamento de alta qualidade, essa vela é perfeita para celebrar idades, datas importantes e momentos inesquecíveis, combinando com diversos temas de festa.</p>

<p>Produzida em parafina de excelente qualidade, possui encaixe fácil no bolo, garantindo praticidade e segurança na decoração.</p>

<p><strong>Benefícios</strong></p>
<ul>
  <li>Design moderno e elegante</li>
  <li>Excelente acabamento</li>
  <li>Ideal para bolos de aniversário</li>
  <li>Fácil de fixar no bolo</li>
</ul>

<p><strong>Especificações</strong></p>
<ul>
  <li><strong>Cor:</strong> Prata</li>
  <li><strong>Marca:</strong> Silver Festas</li>
  <li><strong>Material:</strong> Parafina</li>
  <li><strong>Conteúdo:</strong> 1 vela (1 unidade)</li>
</ul>
","Vela de número prata com design moderno, ideal para aniversários e comemorações.",,"media://products/1-3.png,media://products/2-4.png,media://products/3-4.png,media://products/4-3.png,media://products/12-3.png,media://products/5-4.png,media://products/6-4.png,media://products/7-4.png,media://products/8-3.png,media://products/9-3.png,media://products/10-3.png,media://products/11-3.png",,,,,,1,,Decoração,Velas,Velas de Número,,,10,,Número,3,,,VMD-PR-3
 9824917,,28562843,,,,,,,,"Vela Número Prata | Silver Festas","Vela número prata com design moderno, ideal para aniversários e comemorações. Destaque o bolo com charme e praticidade.","vela número prata, vela de aniversário prata, vela para bolo, silver festas","<p><strong>A Vela Número Mini Design Prata</strong> da Silver Festas é ideal para deixar o bolo ainda mais especial em aniversários e comemorações.</p>

<p>Com design moderno e acabamento de alta qualidade, essa vela é perfeita para celebrar idades, datas importantes e momentos inesquecíveis, combinando com diversos temas de festa.</p>

<p>Produzida em parafina de excelente qualidade, possui encaixe fácil no bolo, garantindo praticidade e segurança na decoração.</p>

<p><strong>Benefícios</strong></p>
<ul>
  <li>Design moderno e elegante</li>
  <li>Excelente acabamento</li>
  <li>Ideal para bolos de aniversário</li>
  <li>Fácil de fixar no bolo</li>
</ul>

<p><strong>Especificações</strong></p>
<ul>
  <li><strong>Cor:</strong> Prata</li>
  <li><strong>Marca:</strong> Silver Festas</li>
  <li><strong>Material:</strong> Parafina</li>
  <li><strong>Conteúdo:</strong> 1 vela (1 unidade)</li>
</ul>
","Vela de número prata com design moderno, ideal para aniversários e comemorações.",,"media://products/1-3.png,media://products/2-4.png,media://products/3-4.png,media://products/4-3.png,media://products/12-3.png,media://products/5-4.png,media://products/6-4.png,media://products/7-4.png,media://products/8-3.png,media://products/9-3.png,media://products/10-3.png,media://products/11-3.png",,,,,,1,,Decoração,Velas,Velas de Número,,,10,,Número,4,,,VMD-PR-4
 9824917,,28562844,,,,,,,,"Vela Número Prata | Silver Festas","Vela número prata com design moderno, ideal para aniversários e comemorações. Destaque o bolo com charme e praticidade.","vela número prata, vela de aniversário prata, vela para bolo, silver festas","<p><strong>A Vela Número Mini Design Prata</strong> da Silver Festas é ideal para deixar o bolo ainda mais especial em aniversários e comemorações.</p>

<p>Com design moderno e acabamento de alta qualidade, essa vela é perfeita para celebrar idades, datas importantes e momentos inesquecíveis, combinando com diversos temas de festa.</p>

<p>Produzida em parafina de excelente qualidade, possui encaixe fácil no bolo, garantindo praticidade e segurança na decoração.</p>

<p><strong>Benefícios</strong></p>
<ul>
  <li>Design moderno e elegante</li>
  <li>Excelente acabamento</li>
  <li>Ideal para bolos de aniversário</li>
  <li>Fácil de fixar no bolo</li>
</ul>

<p><strong>Especificações</strong></p>
<ul>
  <li><strong>Cor:</strong> Prata</li>
  <li><strong>Marca:</strong> Silver Festas</li>
  <li><strong>Material:</strong> Parafina</li>
  <li><strong>Conteúdo:</strong> 1 vela (1 unidade)</li>
</ul>
","Vela de número prata com design moderno, ideal para aniversários e comemorações.",,"media://products/1-3.png,media://products/2-4.png,media://products/3-4.png,media://products/4-3.png,media://products/12-3.png,media://products/5-4.png,media://products/6-4.png,media://products/7-4.png,media://products/8-3.png,media://products/9-3.png,media://products/10-3.png,media://products/11-3.png",,,,,,1,,Decoração,Velas,Velas de Número,,,10,,Número,5,,,VMD-PR-5
 9824917,,28562845,,,,,,,,"Vela Número Prata | Silver Festas","Vela número prata com design moderno, ideal para aniversários e comemorações. Destaque o bolo com charme e praticidade.","vela número prata, vela de aniversário prata, vela para bolo, silver festas","<p><strong>A Vela Número Mini Design Prata</strong> da Silver Festas é ideal para deixar o bolo ainda mais especial em aniversários e comemorações.</p>

<p>Com design moderno e acabamento de alta qualidade, essa vela é perfeita para celebrar idades, datas importantes e momentos inesquecíveis, combinando com diversos temas de festa.</p>

<p>Produzida em parafina de excelente qualidade, possui encaixe fácil no bolo, garantindo praticidade e segurança na decoração.</p>

<p><strong>Benefícios</strong></p>
<ul>
  <li>Design moderno e elegante</li>
  <li>Excelente acabamento</li>
  <li>Ideal para bolos de aniversário</li>
  <li>Fácil de fixar no bolo</li>
</ul>

<p><strong>Especificações</strong></p>
<ul>
  <li><strong>Cor:</strong> Prata</li>
  <li><strong>Marca:</strong> Silver Festas</li>
  <li><strong>Material:</strong> Parafina</li>
  <li><strong>Conteúdo:</strong> 1 vela (1 unidade)</li>
</ul>
","Vela de número prata com design moderno, ideal para aniversários e comemorações.",,"media://products/1-3.png,media://products/2-4.png,media://products/3-4.png,media://products/4-3.png,media://products/12-3.png,media://products/5-4.png,media://products/6-4.png,media://products/7-4.png,media://products/8-3.png,media://products/9-3.png,media://products/10-3.png,media://products/11-3.png",,,,,,1,,Decoração,Velas,Velas de Número,,,10,,Número,6,,,VMD-PR-6
 9824917,,28562846,,,,,,,,"Vela Número Prata | Silver Festas","Vela número prata com design moderno, ideal para aniversários e comemorações. Destaque o bolo com charme e praticidade.","vela número prata, vela de aniversário prata, vela para bolo, silver festas","<p><strong>A Vela Número Mini Design Prata</strong> da Silver Festas é ideal para deixar o bolo ainda mais especial em aniversários e comemorações.</p>

<p>Com design moderno e acabamento de alta qualidade, essa vela é perfeita para celebrar idades, datas importantes e momentos inesquecíveis, combinando com diversos temas de festa.</p>

<p>Produzida em parafina de excelente qualidade, possui encaixe fácil no bolo, garantindo praticidade e segurança na decoração.</p>

<p><strong>Benefícios</strong></p>
<ul>
  <li>Design moderno e elegante</li>
  <li>Excelente acabamento</li>
  <li>Ideal para bolos de aniversário</li>
  <li>Fácil de fixar no bolo</li>
</ul>

<p><strong>Especificações</strong></p>
<ul>
  <li><strong>Cor:</strong> Prata</li>
  <li><strong>Marca:</strong> Silver Festas</li>
  <li><strong>Material:</strong> Parafina</li>
  <li><strong>Conteúdo:</strong> 1 vela (1 unidade)</li>
</ul>
","Vela de número prata com design moderno, ideal para aniversários e comemorações.",,"media://products/1-3.png,media://products/2-4.png,media://products/3-4.png,media://products/4-3.png,media://products/12-3.png,media://products/5-4.png,media://products/6-4.png,media://products/7-4.png,media://products/8-3.png,media://products/9-3.png,media://products/10-3.png,media://products/11-3.png",,,,,,1,,Decoração,Velas,Velas de Número,,,10,,Número,7,,,VMD-PR-7
 9824917,,28562847,,,,,,,,"Vela Número Prata | Silver Festas","Vela número prata com design moderno, ideal para aniversários e comemorações. Destaque o bolo com charme e praticidade.","vela número prata, vela de aniversário prata, vela para bolo, silver festas","<p><strong>A Vela Número Mini Design Prata</strong> da Silver Festas é ideal para deixar o bolo ainda mais especial em aniversários e comemorações.</p>

<p>Com design moderno e acabamento de alta qualidade, essa vela é perfeita para celebrar idades, datas importantes e momentos inesquecíveis, combinando com diversos temas de festa.</p>

<p>Produzida em parafina de excelente qualidade, possui encaixe fácil no bolo, garantindo praticidade e segurança na decoração.</p>

<p><strong>Benefícios</strong></p>
<ul>
  <li>Design moderno e elegante</li>
  <li>Excelente acabamento</li>
  <li>Ideal para bolos de aniversário</li>
  <li>Fácil de fixar no bolo</li>
</ul>

<p><strong>Especificações</strong></p>
<ul>
  <li><strong>Cor:</strong> Prata</li>
  <li><strong>Marca:</strong> Silver Festas</li>
  <li><strong>Material:</strong> Parafina</li>
  <li><strong>Conteúdo:</strong> 1 vela (1 unidade)</li>
</ul>
","Vela de número prata com design moderno, ideal para aniversários e comemorações.",,"media://products/1-3.png,media://products/2-4.png,media://products/3-4.png,media://products/4-3.png,media://products/12-3.png,media://products/5-4.png,media://products/6-4.png,media://products/7-4.png,media://products/8-3.png,media://products/9-3.png,media://products/10-3.png,media://products/11-3.png",,,,,,1,,Decoração,Velas,Velas de Número,,,10,,Número,8,,,VMD-PR-8
 9824917,,28562848,,,,,,,,"Vela Número Prata | Silver Festas","Vela número prata com design moderno, ideal para aniversários e comemorações. Destaque o bolo com charme e praticidade.","vela número prata, vela de aniversário prata, vela para bolo, silver festas","<p><strong>A Vela Número Mini Design Prata</strong> da Silver Festas é ideal para deixar o bolo ainda mais especial em aniversários e comemorações.</p>

<p>Com design moderno e acabamento de alta qualidade, essa vela é perfeita para celebrar idades, datas importantes e momentos inesquecíveis, combinando com diversos temas de festa.</p>

<p>Produzida em parafina de excelente qualidade, possui encaixe fácil no bolo, garantindo praticidade e segurança na decoração.</p>

<p><strong>Benefícios</strong></p>
<ul>
  <li>Design moderno e elegante</li>
  <li>Excelente acabamento</li>
  <li>Ideal para bolos de aniversário</li>
  <li>Fácil de fixar no bolo</li>
</ul>

<p><strong>Especificações</strong></p>
<ul>
  <li><strong>Cor:</strong> Prata</li>
  <li><strong>Marca:</strong> Silver Festas</li>
  <li><strong>Material:</strong> Parafina</li>
  <li><strong>Conteúdo:</strong> 1 vela (1 unidade)</li>
</ul>
","Vela de número prata com design moderno, ideal para aniversários e comemorações.",,"media://products/1-3.png,media://products/2-4.png,media://products/3-4.png,media://products/4-3.png,media://products/12-3.png,media://products/5-4.png,media://products/6-4.png,media://products/7-4.png,media://products/8-3.png,media://products/9-3.png,media://products/10-3.png,media://products/11-3.png",,,,,,1,,Decoração,Velas,Velas de Número,,,10,,Número,9,,,VMD-PR-9
 9824917,,28562849,,,,,,,,"Vela Número Prata | Silver Festas","Vela número prata com design moderno, ideal para aniversários e comemorações. Destaque o bolo com charme e praticidade.","vela número prata, vela de aniversário prata, vela para bolo, silver festas","<p><strong>A Vela Número Mini Design Prata</strong> da Silver Festas é ideal para deixar o bolo ainda mais especial em aniversários e comemorações.</p>

<p>Com design moderno e acabamento de alta qualidade, essa vela é perfeita para celebrar idades, datas importantes e momentos inesquecíveis, combinando com diversos temas de festa.</p>

<p>Produzida em parafina de excelente qualidade, possui encaixe fácil no bolo, garantindo praticidade e segurança na decoração.</p>

<p><strong>Benefícios</strong></p>
<ul>
  <li>Design moderno e elegante</li>
  <li>Excelente acabamento</li>
  <li>Ideal para bolos de aniversário</li>
  <li>Fácil de fixar no bolo</li>
</ul>

<p><strong>Especificações</strong></p>
<ul>
  <li><strong>Cor:</strong> Prata</li>
  <li><strong>Marca:</strong> Silver Festas</li>
  <li><strong>Material:</strong> Parafina</li>
  <li><strong>Conteúdo:</strong> 1 vela (1 unidade)</li>
</ul>
","Vela de número prata com design moderno, ideal para aniversários e comemorações.",,"media://products/1-3.png,media://products/2-4.png,media://products/3-4.png,media://products/4-3.png,media://products/12-3.png,media://products/5-4.png,media://products/6-4.png,media://products/7-4.png,media://products/8-3.png,media://products/9-3.png,media://products/10-3.png,media://products/11-3.png",,,,,,1,,Decoração,Velas,Velas de Número,,,10,,Número,0,,,VMD-PR-0
 9824917,,28562850,,,,,,,,"Vela Número Prata | Silver Festas","Vela número prata com design moderno, ideal para aniversários e comemorações. Destaque o bolo com charme e praticidade.","vela número prata, vela de aniversário prata, vela para bolo, silver festas","<p><strong>A Vela Número Mini Design Prata</strong> da Silver Festas é ideal para deixar o bolo ainda mais especial em aniversários e comemorações.</p>

<p>Com design moderno e acabamento de alta qualidade, essa vela é perfeita para celebrar idades, datas importantes e momentos inesquecíveis, combinando com diversos temas de festa.</p>

<p>Produzida em parafina de excelente qualidade, possui encaixe fácil no bolo, garantindo praticidade e segurança na decoração.</p>

<p><strong>Benefícios</strong></p>
<ul>
  <li>Design moderno e elegante</li>
  <li>Excelente acabamento</li>
  <li>Ideal para bolos de aniversário</li>
  <li>Fácil de fixar no bolo</li>
</ul>

<p><strong>Especificações</strong></p>
<ul>
  <li><strong>Cor:</strong> Prata</li>
  <li><strong>Marca:</strong> Silver Festas</li>
  <li><strong>Material:</strong> Parafina</li>
  <li><strong>Conteúdo:</strong> 1 vela (1 unidade)</li>
</ul>
","Vela de número prata com design moderno, ideal para aniversários e comemorações.",,"media://products/1-3.png,media://products/2-4.png,media://products/3-4.png,media://products/4-3.png,media://products/12-3.png,media://products/5-4.png,media://products/6-4.png,media://products/7-4.png,media://products/8-3.png,media://products/9-3.png,media://products/10-3.png,media://products/11-3.png",,,,,,1,,Decoração,Velas,Velas de Número,,,10,,Número,?,,,VMD-PR-?
